review_id,product_id,country,category,anonymous_brand,rating,review_text,theme_seed,sentiment_label,topic_id,topic_label,top_words
R00001,P0001,Indonesia,Korean ramen,Korean Brand E,4,Easy to prepare and good for busy weekdays.,convenience_positive,positive,5,General product experience,"tastes good, tastes, good, saves time, saves, time, time tastes, like saves"
R00002,P0001,Indonesia,Korean ramen,Korean Brand E,3,"The product looks good, but I could not find clear halal information.",halal_concern,neutral,4,Halal trust and certification,"clear halal, clear, halal, looks, halal information, looks good, good clear, product looks"
R00003,P0001,Indonesia,Korean ramen,Korean Brand E,5,Easy to prepare and good for busy weekdays.,convenience_positive,positive,5,General product experience,"tastes good, tastes, good, saves time, saves, time, time tastes, like saves"
R00004,P0001,Indonesia,Korean ramen,Korean Brand E,2,I would buy this more often if the halal certification was clearly shown.,halal_concern,negative,7,Halal trust and certification,"buy, like buy, discount, buy discount, like, certification, halal certification, clearly shown"
R00005,P0001,Indonesia,Korean ramen,Korean Brand E,3,"Good flavor, but it feels a bit heavy for frequent consumption.",health_concern,neutral,3,Price sensitivity,"size, price, product good, portion, quite high, quite, price feels, high"
R00006,P0001,Indonesia,Korean ramen,Korean Brand E,4,"The product tastes nice, but the heat level may be difficult for beginners.",too_spicy,positive,6,Spiciness and taste localization,"level, wish, wish milder, spice, spice level, milder version, version spice, milder"
R00007,P0001,Indonesia,Korean ramen,Korean Brand E,4,"The product tastes nice, but the heat level may be difficult for beginners.",too_spicy,positive,6,Spiciness and taste localization,"level, wish, wish milder, spice, spice level, milder version, version spice, milder"
R00008,P0001,Indonesia,Korean ramen,Korean Brand E,5,The flavor tastes authentic and reminds me of Korean restaurant food.,taste_authenticity_positive,positive,0,Taste authenticity,"reminds, restaurant food, tastes authentic, restaurant, reminds korean, authentic reminds, korean restaurant, flavor tastes"
R00009,P0001,Indonesia,Korean ramen,Korean Brand E,2,The serving size could be larger for the price.,portion_size,negative,3,Price sensitivity,"size, price, product good, portion, quite high, quite, price feels, high"
R00010,P0002,Indonesia,Korean ramen,Local Brand G,5,The taste is very satisfying and works well for a quick Korean meal at home.,taste_authenticity_positive,positive,1,Convenience and quick meal,"quick, works, works quick, satisfying, taste satisfying, satisfying works, quick korean, korean meal"
R00011,P0002,Indonesia,Korean ramen,Local Brand G,4,I wish there was a milder version because the spice level is too strong.,too_spicy,positive,6,Spiciness and taste localization,"level, wish, wish milder, spice, spice level, milder version, version spice, milder"
R00012,P0002,Indonesia,Korean ramen,Local Brand G,4,The taste is very satisfying and works well for a quick Korean meal at home.,taste_authenticity_positive,positive,1,Convenience and quick meal,"quick, works, works quick, satisfying, taste satisfying, satisfying works, quick korean, korean meal"
R00013,P0002,Indonesia,Korean ramen,Local Brand G,3,"The product looks good, but I could not find clear halal information.",halal_concern,neutral,4,Halal trust and certification,"clear halal, clear, halal, looks, halal information, looks good, good clear, product looks"
R00014,P0002,Indonesia,Korean ramen,Local Brand G,5,The flavor tastes authentic and reminds me of Korean restaurant food.,taste_authenticity_positive,positive,0,Taste authenticity,"reminds, restaurant food, tastes authentic, restaurant, reminds korean, authentic reminds, korean restaurant, flavor tastes"
R00015,P0002,Indonesia,Korean ramen,Local Brand G,4,Easy to prepare and good for busy weekdays.,convenience_positive,positive,5,General product experience,"tastes good, tastes, good, saves time, saves, time, time tastes, like saves"
R00016,P0002,Indonesia,Korean ramen,Local Brand G,4,"The product tastes nice, but the heat level may be difficult for beginners.",too_spicy,positive,6,Spiciness and taste localization,"level, wish, wish milder, spice, spice level, milder version, version spice, milder"
R00017,P0002,Indonesia,Korean ramen,Local Brand G,3,The label information could be clearer and easier to read.,packaging_issue,neutral,4,Halal trust and certification,"clear halal, clear, halal, looks, halal information, looks good, good clear, product looks"
R00018,P0002,Indonesia,Korean ramen,Local Brand G,3,"The product looks good, but I could not find clear halal information.",halal_concern,neutral,4,Halal trust and certification,"clear halal, clear, halal, looks, halal information, looks good, good clear, product looks"
R00019,P0003,Indonesia,Korean ramen,Local Brand T,4,The serving size could be larger for the price.,portion_size,positive,3,Price sensitivity,"size, price, product good, portion, quite high, quite, price feels, high"
R00020,P0003,Indonesia,Korean ramen,Local Brand T,3,"The product looks good, but I could not find clear halal information.",halal_concern,neutral,4,Halal trust and certification,"clear halal, clear, halal, looks, halal information, looks good, good clear, product looks"
R00021,P0003,Indonesia,Korean ramen,Local Brand T,5,The taste is very satisfying and works well for a quick Korean meal at home.,taste_authenticity_positive,positive,1,Convenience and quick meal,"quick, works, works quick, satisfying, taste satisfying, satisfying works, quick korean, korean meal"
R00022,P0003,Indonesia,Korean ramen,Local Brand T,2,"It tastes good, but one pack is not enough for a full meal.",portion_size,negative,5,General product experience,"tastes good, tastes, good, saves time, saves, time, time tastes, like saves"
R00023,P0003,Indonesia,Korean ramen,Local Brand T,5,I like the rich seasoning and it feels close to real Korean-style food.,taste_authenticity_positive,positive,2,Taste authenticity,"real korean, style food, style, rich seasoning, rich, seasoning feels, real, seasoning"
R00024,P0003,Indonesia,Korean ramen,Local Brand T,4,The packaging could be improved because it was slightly damaged when delivered.,packaging_issue,positive,3,Price sensitivity,"size, price, product good, portion, quite high, quite, price feels, high"
R00025,P0003,Indonesia,Korean ramen,Local Brand T,5,Easy to prepare and good for busy weekdays.,convenience_positive,positive,5,General product experience,"tastes good, tastes, good, saves time, saves, time, time tastes, like saves"
R00026,P0004,Indonesia,Korean ramen,Local Brand F,2,"The product looks good, but I could not find clear halal information.",halal_concern,negative,4,Halal trust and certification,"clear halal, clear, halal, looks, halal information, looks good, good clear, product looks"
R00027,P0004,Indonesia,Korean ramen,Local Brand F,5,Very convenient for a quick meal after work.,convenience_positive,positive,1,Convenience and quick meal,"quick, works, works quick, satisfying, taste satisfying, satisfying works, quick korean, korean meal"
R00028,P0004,Indonesia,Korean ramen,Local Brand F,4,The taste is very satisfying and works well for a quick Korean meal at home.,taste_authenticity_positive,positive,1,Convenience and quick meal,"quick, works, works quick, satisfying, taste satisfying, satisfying works, quick korean, korean meal"
R00029,P0004,Indonesia,Korean ramen,Local Brand F,4,I like the rich seasoning and it feels close to real Korean-style food.,taste_authenticity_positive,positive,2,Taste authenticity,"real korean, style food, style, rich seasoning, rich, seasoning feels, real, seasoning"
R00030,P0004,Indonesia,Korean ramen,Local Brand F,5,Very convenient for a quick meal after work.,convenience_positive,positive,1,Convenience and quick meal,"quick, works, works quick, satisfying, taste satisfying, satisfying works, quick korean, korean meal"
R00031,P0004,Indonesia,Korean ramen,Local Brand F,3,I would buy this more often if the halal certification was clearly shown.,halal_concern,neutral,7,Halal trust and certification,"buy, like buy, discount, buy discount, like, certification, halal certification, clearly shown"
R00032,P0004,Indonesia,Korean ramen,Local Brand F,2,"The product is good, but the packaging does not feel very strong.",packaging_issue,negative,3,Price sensitivity,"size, price, product good, portion, quite high, quite, price feels, high"
R00033,P0004,Indonesia,Korean ramen,Local Brand F,4,"The product tastes nice, but the heat level may be difficult for beginners.",too_spicy,positive,6,Spiciness and taste localization,"level, wish, wish milder, spice, spice level, milder version, version spice, milder"
R00034,P0005,Indonesia,Korean ramen,Korean Brand D,4,The packaging could be improved because it was slightly damaged when delivered.,packaging_issue,positive,3,Price sensitivity,"size, price, product good, portion, quite high, quite, price feels, high"
R00035,P0005,Indonesia,Korean ramen,Korean Brand D,3,"The product is good, but the packaging does not feel very strong.",packaging_issue,neutral,3,Price sensitivity,"size, price, product good, portion, quite high, quite, price feels, high"
R00036,P0005,Indonesia,Korean ramen,Korean Brand D,3,The portion is smaller than expected.,portion_size,neutral,3,Price sensitivity,"size, price, product good, portion, quite high, quite, price feels, high"
R00037,P0005,Indonesia,Korean ramen,Korean Brand D,4,The taste is very satisfying and works well for a quick Korean meal at home.,taste_authenticity_positive,positive,1,Convenience and quick meal,"quick, works, works quick, satisfying, taste satisfying, satisfying works, quick korean, korean meal"
R00038,P0005,Indonesia,Korean ramen,Korean Brand D,3,I wish there was a milder version because the spice level is too strong.,too_spicy,neutral,6,Spiciness and taste localization,"level, wish, wish milder, spice, spice level, milder version, version spice, milder"
R00039,P0005,Indonesia,Korean ramen,Korean Brand D,4,I like the rich seasoning and it feels close to real Korean-style food.,taste_authenticity_positive,positive,2,Taste authenticity,"real korean, style food, style, rich seasoning, rich, seasoning feels, real, seasoning"
R00040,P0006,Indonesia,Korean ramen,Korean Brand J,3,"The taste is fine, but it feels expensive compared with local alternatives.",price_sensitivity,neutral,3,Price sensitivity,"size, price, product good, portion, quite high, quite, price feels, high"
R00041,P0006,Indonesia,Korean ramen,Korean Brand J,3,"The taste is fine, but it feels expensive compared with local alternatives.",price_sensitivity,neutral,3,Price sensitivity,"size, price, product good, portion, quite high, quite, price feels, high"
R00042,P0006,Indonesia,Korean ramen,Korean Brand J,3,"The product is good, but the price feels quite high for the portion size.",price_sensitivity,neutral,3,Price sensitivity,"size, price, product good, portion, quite high, quite, price feels, high"
R00043,P0006,Indonesia,Korean ramen,Korean Brand J,3,"I like it, but I would only buy again if there is a discount.",price_sensitivity,neutral,7,Halal trust and certification,"buy, like buy, discount, buy discount, like, certification, halal certification, clearly shown"
R00044,P0006,Indonesia,Korean ramen,Korean Brand J,4,The portion is smaller than expected.,portion_size,positive,3,Price sensitivity,"size, price, product good, portion, quite high, quite, price feels, high"
R00045,P0006,Indonesia,Korean ramen,Korean Brand J,5,I like the rich seasoning and it feels close to real Korean-style food.,taste_authenticity_positive,positive,2,Taste authenticity,"real korean, style food, style, rich seasoning, rich, seasoning feels, real, seasoning"
R00046,P0006,Indonesia,Korean ramen,Korean Brand J,3,I would buy this more often if the halal certification was clearly shown.,halal_concern,neutral,7,Halal trust and certification,"buy, like buy, discount, buy discount, like, certification, halal certification, clearly shown"
R00047,P0007,Indonesia,Korean ramen,Local Brand C,3,"The product looks good, but I could not find clear halal information.",halal_concern,neutral,4,Halal trust and certification,"clear halal, clear, halal, looks, halal information, looks good, good clear, product looks"
R00048,P0007,Indonesia,Korean ramen,Local Brand C,3,The serving size could be larger for the price.,portion_size,neutral,3,Price sensitivity,"size, price, product good, portion, quite high, quite, price feels, high"
R00049,P0007,Indonesia,Korean ramen,Local Brand C,5,Very convenient for a quick meal after work.,convenience_positive,positive,1,Convenience and quick meal,"quick, works, works quick, satisfying, taste satisfying, satisfying works, quick korean, korean meal"
R00050,P0007,Indonesia,Korean ramen,Local Brand C,5,I like the rich seasoning and it feels close to real Korean-style food.,taste_authenticity_positive,positive,2,Taste authenticity,"real korean, style food, style, rich seasoning, rich, seasoning feels, real, seasoning"
R00051,P0007,Indonesia,Korean ramen,Local Brand C,4,I like the rich seasoning and it feels close to real Korean-style food.,taste_authenticity_positive,positive,2,Taste authenticity,"real korean, style food, style, rich seasoning, rich, seasoning feels, real, seasoning"
R00052,P0007,Indonesia,Korean ramen,Local Brand C,4,The portion is smaller than expected.,portion_size,positive,3,Price sensitivity,"size, price, product good, portion, quite high, quite, price feels, high"
R00053,P0007,Indonesia,Korean ramen,Local Brand C,3,"The taste is fine, but it feels expensive compared with local alternatives.",price_sensitivity,neutral,3,Price sensitivity,"size, price, product good, portion, quite high, quite, price feels, high"
R00054,P0007,Indonesia,Korean ramen,Local Brand C,2,"Good flavor, but it feels a bit heavy for frequent consumption.",health_concern,negative,3,Price sensitivity,"size, price, product good, portion, quite high, quite, price feels, high"
R00055,P0007,Indonesia,Korean ramen,Local Brand C,3,"The flavor is good, but it is too spicy for my family.",too_spicy,neutral,5,General product experience,"tastes good, tastes, good, saves time, saves, time, time tastes, like saves"
R00056,P0007,Indonesia,Korean ramen,Local Brand C,3,"The product is good, but the price feels quite high for the portion size.",price_sensitivity,neutral,3,Price sensitivity,"size, price, product good, portion, quite high, quite, price feels, high"
R00057,P0008,Indonesia,Korean ramen,Local Brand X,3,"The product looks good, but I could not find clear halal information.",halal_concern,neutral,4,Halal trust and certification,"clear halal, clear, halal, looks, halal information, looks good, good clear, product looks"
R00058,P0008,Indonesia,Korean ramen,Local Brand X,4,I wish there was a milder version because the spice level is too strong.,too_spicy,positive,6,Spiciness and taste localization,"level, wish, wish milder, spice, spice level, milder version, version spice, milder"
R00059,P0008,Indonesia,Korean ramen,Local Brand X,4,"Good flavor, but it feels a bit heavy for frequent consumption.",health_concern,positive,3,Price sensitivity,"size, price, product good, portion, quite high, quite, price feels, high"
R00060,P0008,Indonesia,Korean ramen,Local Brand X,5,The taste is very satisfying and works well for a quick Korean meal at home.,taste_authenticity_positive,positive,1,Convenience and quick meal,"quick, works, works quick, satisfying, taste satisfying, satisfying works, quick korean, korean meal"
R00061,P0008,Indonesia,Korean ramen,Local Brand X,4,The taste is very satisfying and works well for a quick Korean meal at home.,taste_authenticity_positive,positive,1,Convenience and quick meal,"quick, works, works quick, satisfying, taste satisfying, satisfying works, quick korean, korean meal"
R00062,P0008,Indonesia,Korean ramen,Local Brand X,5,The flavor tastes authentic and reminds me of Korean restaurant food.,taste_authenticity_positive,positive,0,Taste authenticity,"reminds, restaurant food, tastes authentic, restaurant, reminds korean, authentic reminds, korean restaurant, flavor tastes"
R00063,P0008,Indonesia,Korean ramen,Local Brand X,2,I would buy this more often if the halal certification was clearly shown.,halal_concern,negative,7,Halal trust and certification,"buy, like buy, discount, buy discount, like, certification, halal certification, clearly shown"
R00064,P0008,Indonesia,Korean ramen,Local Brand X,3,"The product is good, but the price feels quite high for the portion size.",price_sensitivity,neutral,3,Price sensitivity,"size, price, product good, portion, quite high, quite, price feels, high"
R00065,P0009,Indonesia,Kimchi,Premium Import Brand N,5,The taste is very satisfying and works well for a quick Korean meal at home.,taste_authenticity_positive,positive,1,Convenience and quick meal,"quick, works, works quick, satisfying, taste satisfying, satisfying works, quick korean, korean meal"
R00066,P0009,Indonesia,Kimchi,Premium Import Brand N,4,The serving size could be larger for the price.,portion_size,positive,3,Price sensitivity,"size, price, product good, portion, quite high, quite, price feels, high"
R00067,P0009,Indonesia,Kimchi,Premium Import Brand N,3,"The taste is fine, but it feels expensive compared with local alternatives.",price_sensitivity,neutral,3,Price sensitivity,"size, price, product good, portion, quite high, quite, price feels, high"
R00068,P0009,Indonesia,Kimchi,Premium Import Brand N,3,Clear halal labeling would make me more confident to purchase.,halal_concern,neutral,4,Halal trust and certification,"clear halal, clear, halal, looks, halal information, looks good, good clear, product looks"
R00069,P0009,Indonesia,Kimchi,Premium Import Brand N,3,The packaging could be improved because it was slightly damaged when delivered.,packaging_issue,neutral,3,Price sensitivity,"size, price, product good, portion, quite high, quite, price feels, high"
R00070,P0010,Indonesia,Kimchi,Local Brand M,2,"The product is good, but the packaging does not feel very strong.",packaging_issue,negative,3,Price sensitivity,"size, price, product good, portion, quite high, quite, price feels, high"
R00071,P0010,Indonesia,Kimchi,Local Brand M,4,The packaging could be improved because it was slightly damaged when delivered.,packaging_issue,positive,3,Price sensitivity,"size, price, product good, portion, quite high, quite, price feels, high"
R00072,P0010,Indonesia,Kimchi,Local Brand M,4,"The product is good, but the packaging does not feel very strong.",packaging_issue,positive,3,Price sensitivity,"size, price, product good, portion, quite high, quite, price feels, high"
R00073,P0010,Indonesia,Kimchi,Local Brand M,2,"The product looks good, but I could not find clear halal information.",halal_concern,negative,4,Halal trust and certification,"clear halal, clear, halal, looks, halal information, looks good, good clear, product looks"
R00074,P0010,Indonesia,Kimchi,Local Brand M,2,"The taste is nice, but I wish it had less sodium.",health_concern,negative,6,Spiciness and taste localization,"level, wish, wish milder, spice, spice level, milder version, version spice, milder"
R00075,P0010,Indonesia,Kimchi,Local Brand M,2,The portion is smaller than expected.,portion_size,negative,3,Price sensitivity,"size, price, product good, portion, quite high, quite, price feels, high"
R00076,P0011,Indonesia,Kimchi,Japanese Brand V,3,I would buy this more often if the halal certification was clearly shown.,halal_concern,neutral,7,Halal trust and certification,"buy, like buy, discount, buy discount, like, certification, halal certification, clearly shown"
R00077,P0011,Indonesia,Kimchi,Japanese Brand V,2,"The taste is fine, but it feels expensive compared with local alternatives.",price_sensitivity,negative,3,Price sensitivity,"size, price, product good, portion, quite high, quite, price feels, high"
R00078,P0011,Indonesia,Kimchi,Japanese Brand V,4,"The product is good, but the price feels quite high for the portion size.",price_sensitivity,positive,3,Price sensitivity,"size, price, product good, portion, quite high, quite, price feels, high"
R00079,P0011,Indonesia,Kimchi,Japanese Brand V,2,Clear halal labeling would make me more confident to purchase.,halal_concern,negative,4,Halal trust and certification,"clear halal, clear, halal, looks, halal information, looks good, good clear, product looks"
R00080,P0012,Indonesia,Kimchi,Korean Brand Y,3,"The product looks good, but I could not find clear halal information.",halal_concern,neutral,4,Halal trust and certification,"clear halal, clear, halal, looks, halal information, looks good, good clear, product looks"
R00081,P0012,Indonesia,Kimchi,Korean Brand Y,5,Very convenient for a quick meal after work.,convenience_positive,positive,1,Convenience and quick meal,"quick, works, works quick, satisfying, taste satisfying, satisfying works, quick korean, korean meal"
R00082,P0012,Indonesia,Kimchi,Korean Brand Y,3,"The taste is fine, but it feels expensive compared with local alternatives.",price_sensitivity,neutral,3,Price sensitivity,"size, price, product good, portion, quite high, quite, price feels, high"
R00083,P0012,Indonesia,Kimchi,Korean Brand Y,3,"The product tastes nice, but the heat level may be difficult for beginners.",too_spicy,neutral,6,Spiciness and taste localization,"level, wish, wish milder, spice, spice level, milder version, version spice, milder"
R00084,P0013,Indonesia,Kimchi,Private Label B,2,The label information could be clearer and easier to read.,packaging_issue,negative,4,Halal trust and certification,"clear halal, clear, halal, looks, halal information, looks good, good clear, product looks"
R00085,P0013,Indonesia,Kimchi,Private Label B,3,"The product is good, but the price feels quite high for the portion size.",price_sensitivity,neutral,3,Price sensitivity,"size, price, product good, portion, quite high, quite, price feels, high"
R00086,P0013,Indonesia,Kimchi,Private Label B,4,"The product is good, but the packaging does not feel very strong.",packaging_issue,positive,3,Price sensitivity,"size, price, product good, portion, quite high, quite, price feels, high"
R00087,P0013,Indonesia,Kimchi,Private Label B,5,The flavor tastes authentic and reminds me of Korean restaurant food.,taste_authenticity_positive,positive,0,Taste authenticity,"reminds, restaurant food, tastes authentic, restaurant, reminds korean, authentic reminds, korean restaurant, flavor tastes"
R00088,P0013,Indonesia,Kimchi,Private Label B,5,The taste is very satisfying and works well for a quick Korean meal at home.,taste_authenticity_positive,positive,1,Convenience and quick meal,"quick, works, works quick, satisfying, taste satisfying, satisfying works, quick korean, korean meal"
R00089,P0014,Indonesia,Kimchi,Korean Brand Y,3,"The product looks good, but I could not find clear halal information.",halal_concern,neutral,4,Halal trust and certification,"clear halal, clear, halal, looks, halal information, looks good, good clear, product looks"
R00090,P0014,Indonesia,Kimchi,Korean Brand Y,2,"I like it, but I would only buy again if there is a discount.",price_sensitivity,negative,7,Halal trust and certification,"buy, like buy, discount, buy discount, like, certification, halal certification, clearly shown"
R00091,P0014,Indonesia,Kimchi,Korean Brand Y,2,"I like it, but I would only buy again if there is a discount.",price_sensitivity,negative,7,Halal trust and certification,"buy, like buy, discount, buy discount, like, certification, halal certification, clearly shown"
R00092,P0014,Indonesia,Kimchi,Korean Brand Y,3,I would prefer a healthier version with cleaner ingredients.,health_concern,neutral,6,Spiciness and taste localization,"level, wish, wish milder, spice, spice level, milder version, version spice, milder"
R00093,P0014,Indonesia,Kimchi,Korean Brand Y,4,The taste is very satisfying and works well for a quick Korean meal at home.,taste_authenticity_positive,positive,1,Convenience and quick meal,"quick, works, works quick, satisfying, taste satisfying, satisfying works, quick korean, korean meal"
R00094,P0014,Indonesia,Kimchi,Korean Brand Y,3,The label information could be clearer and easier to read.,packaging_issue,neutral,4,Halal trust and certification,"clear halal, clear, halal, looks, halal information, looks good, good clear, product looks"
R00095,P0014,Indonesia,Kimchi,Korean Brand Y,2,I wish there was a milder version because the spice level is too strong.,too_spicy,negative,6,Spiciness and taste localization,"level, wish, wish milder, spice, spice level, milder version, version spice, milder"
R00096,P0014,Indonesia,Kimchi,Korean Brand Y,3,"I like it, but I would only buy again if there is a discount.",price_sensitivity,neutral,7,Halal trust and certification,"buy, like buy, discount, buy discount, like, certification, halal certification, clearly shown"
R00097,P0014,Indonesia,Kimchi,Korean Brand Y,3,"The product looks good, but I could not find clear halal information.",halal_concern,neutral,4,Halal trust and certification,"clear halal, clear, halal, looks, halal information, looks good, good clear, product looks"
R00098,P0015,Indonesia,Kimchi,Japanese Brand Q,5,Easy to prepare and good for busy weekdays.,convenience_positive,positive,5,General product experience,"tastes good, tastes, good, saves time, saves, time, time tastes, like saves"
R00099,P0015,Indonesia,Kimchi,Japanese Brand Q,2,The serving size could be larger for the price.,portion_size,negative,3,Price sensitivity,"size, price, product good, portion, quite high, quite, price feels, high"
R00100,P0015,Indonesia,Kimchi,Japanese Brand Q,5,I like the rich seasoning and it feels close to real Korean-style food.,taste_authenticity_positive,positive,2,Taste authenticity,"real korean, style food, style, rich seasoning, rich, seasoning feels, real, seasoning"
R00101,P0015,Indonesia,Kimchi,Japanese Brand Q,5,I like the rich seasoning and it feels close to real Korean-style food.,taste_authenticity_positive,positive,2,Taste authenticity,"real korean, style food, style, rich seasoning, rich, seasoning feels, real, seasoning"
R00102,P0015,Indonesia,Kimchi,Japanese Brand Q,2,The portion is smaller than expected.,portion_size,negative,3,Price sensitivity,"size, price, product good, portion, quite high, quite, price feels, high"
R00103,P0016,Indonesia,Kimchi,Korean Brand J,4,The taste is very satisfying and works well for a quick Korean meal at home.,taste_authenticity_positive,positive,1,Convenience and quick meal,"quick, works, works quick, satisfying, taste satisfying, satisfying works, quick korean, korean meal"
R00104,P0016,Indonesia,Kimchi,Korean Brand J,2,"I like it, but I would only buy again if there is a discount.",price_sensitivity,negative,7,Halal trust and certification,"buy, like buy, discount, buy discount, like, certification, halal certification, clearly shown"
R00105,P0016,Indonesia,Kimchi,Korean Brand J,5,I like the rich seasoning and it feels close to real Korean-style food.,taste_authenticity_positive,positive,2,Taste authenticity,"real korean, style food, style, rich seasoning, rich, seasoning feels, real, seasoning"
R00106,P0016,Indonesia,Kimchi,Korean Brand J,3,"The product is good, but the price feels quite high for the portion size.",price_sensitivity,neutral,3,Price sensitivity,"size, price, product good, portion, quite high, quite, price feels, high"
R00107,P0016,Indonesia,Kimchi,Korean Brand J,2,I would prefer a healthier version with cleaner ingredients.,health_concern,negative,6,Spiciness and taste localization,"level, wish, wish milder, spice, spice level, milder version, version spice, milder"
R00108,P0017,Indonesia,Gochujang sauce,Korean Brand S,3,I wish there was a milder version because the spice level is too strong.,too_spicy,neutral,6,Spiciness and taste localization,"level, wish, wish milder, spice, spice level, milder version, version spice, milder"
R00109,P0017,Indonesia,Gochujang sauce,Korean Brand S,4,"I like it, but I would only buy again if there is a discount.",price_sensitivity,positive,7,Halal trust and certification,"buy, like buy, discount, buy discount, like, certification, halal certification, clearly shown"
R00110,P0017,Indonesia,Gochujang sauce,Korean Brand S,2,The packaging could be improved because it was slightly damaged when delivered.,packaging_issue,negative,3,Price sensitivity,"size, price, product good, portion, quite high, quite, price feels, high"
R00111,P0017,Indonesia,Gochujang sauce,Korean Brand S,2,The label information could be clearer and easier to read.,packaging_issue,negative,4,Halal trust and certification,"clear halal, clear, halal, looks, halal information, looks good, good clear, product looks"
R00112,P0017,Indonesia,Gochujang sauce,Korean Brand S,5,The flavor tastes authentic and reminds me of Korean restaurant food.,taste_authenticity_positive,positive,0,Taste authenticity,"reminds, restaurant food, tastes authentic, restaurant, reminds korean, authentic reminds, korean restaurant, flavor tastes"
R00113,P0018,Indonesia,Gochujang sauce,Japanese Brand W,2,The label information could be clearer and easier to read.,packaging_issue,negative,4,Halal trust and certification,"clear halal, clear, halal, looks, halal information, looks good, good clear, product looks"
R00114,P0018,Indonesia,Gochujang sauce,Japanese Brand W,3,The packaging could be improved because it was slightly damaged when delivered.,packaging_issue,neutral,3,Price sensitivity,"size, price, product good, portion, quite high, quite, price feels, high"
R00115,P0018,Indonesia,Gochujang sauce,Japanese Brand W,4,I would buy this more often if the halal certification was clearly shown.,halal_concern,positive,7,Halal trust and certification,"buy, like buy, discount, buy discount, like, certification, halal certification, clearly shown"
R00116,P0018,Indonesia,Gochujang sauce,Japanese Brand W,3,"I like it, but I would only buy again if there is a discount.",price_sensitivity,neutral,7,Halal trust and certification,"buy, like buy, discount, buy discount, like, certification, halal certification, clearly shown"
R00117,P0018,Indonesia,Gochujang sauce,Japanese Brand W,2,"The product tastes nice, but the heat level may be difficult for beginners.",too_spicy,negative,6,Spiciness and taste localization,"level, wish, wish milder, spice, spice level, milder version, version spice, milder"
R00118,P0018,Indonesia,Gochujang sauce,Japanese Brand W,4,The taste is very satisfying and works well for a quick Korean meal at home.,taste_authenticity_positive,positive,1,Convenience and quick meal,"quick, works, works quick, satisfying, taste satisfying, satisfying works, quick korean, korean meal"
R00119,P0018,Indonesia,Gochujang sauce,Japanese Brand W,4,"The product tastes nice, but the heat level may be difficult for beginners.",too_spicy,positive,6,Spiciness and taste localization,"level, wish, wish milder, spice, spice level, milder version, version spice, milder"
R00120,P0018,Indonesia,Gochujang sauce,Japanese Brand W,3,The label information could be clearer and easier to read.,packaging_issue,neutral,4,Halal trust and certification,"clear halal, clear, halal, looks, halal information, looks good, good clear, product looks"
R00121,P0018,Indonesia,Gochujang sauce,Japanese Brand W,2,"The product is good, but the packaging does not feel very strong.",packaging_issue,negative,3,Price sensitivity,"size, price, product good, portion, quite high, quite, price feels, high"
R00122,P0019,Indonesia,Gochujang sauce,Local Brand Q,5,I like the rich seasoning and it feels close to real Korean-style food.,taste_authenticity_positive,positive,2,Taste authenticity,"real korean, style food, style, rich seasoning, rich, seasoning feels, real, seasoning"
R00123,P0019,Indonesia,Gochujang sauce,Local Brand Q,5,The flavor tastes authentic and reminds me of Korean restaurant food.,taste_authenticity_positive,positive,0,Taste authenticity,"reminds, restaurant food, tastes authentic, restaurant, reminds korean, authentic reminds, korean restaurant, flavor tastes"
R00124,P0019,Indonesia,Gochujang sauce,Local Brand Q,3,I would buy this more often if the halal certification was clearly shown.,halal_concern,neutral,7,Halal trust and certification,"buy, like buy, discount, buy discount, like, certification, halal certification, clearly shown"
R00125,P0019,Indonesia,Gochujang sauce,Local Brand Q,4,I wish there was a milder version because the spice level is too strong.,too_spicy,positive,6,Spiciness and taste localization,"level, wish, wish milder, spice, spice level, milder version, version spice, milder"
R00126,P0019,Indonesia,Gochujang sauce,Local Brand Q,3,"The product is good, but the price feels quite high for the portion size.",price_sensitivity,neutral,3,Price sensitivity,"size, price, product good, portion, quite high, quite, price feels, high"
R00127,P0019,Indonesia,Gochujang sauce,Local Brand Q,5,I like the rich seasoning and it feels close to real Korean-style food.,taste_authenticity_positive,positive,2,Taste authenticity,"real korean, style food, style, rich seasoning, rich, seasoning feels, real, seasoning"
R00128,P0020,Indonesia,Gochujang sauce,Premium Import Brand X,2,The label information could be clearer and easier to read.,packaging_issue,negative,4,Halal trust and certification,"clear halal, clear, halal, looks, halal information, looks good, good clear, product looks"
R00129,P0020,Indonesia,Gochujang sauce,Premium Import Brand X,4,"The taste is nice, but I wish it had less sodium.",health_concern,positive,6,Spiciness and taste localization,"level, wish, wish milder, spice, spice level, milder version, version spice, milder"
R00130,P0020,Indonesia,Gochujang sauce,Premium Import Brand X,3,"The product looks good, but I could not find clear halal information.",halal_concern,neutral,4,Halal trust and certification,"clear halal, clear, halal, looks, halal information, looks good, good clear, product looks"
R00131,P0020,Indonesia,Gochujang sauce,Premium Import Brand X,4,I like that it saves time and still tastes good.,convenience_positive,positive,5,General product experience,"tastes good, tastes, good, saves time, saves, time, time tastes, like saves"
R00132,P0020,Indonesia,Gochujang sauce,Premium Import Brand X,2,Clear halal labeling would make me more confident to purchase.,halal_concern,negative,4,Halal trust and certification,"clear halal, clear, halal, looks, halal information, looks good, good clear, product looks"
R00133,P0020,Indonesia,Gochujang sauce,Premium Import Brand X,3,Clear halal labeling would make me more confident to purchase.,halal_concern,neutral,4,Halal trust and certification,"clear halal, clear, halal, looks, halal information, looks good, good clear, product looks"
R00134,P0020,Indonesia,Gochujang sauce,Premium Import Brand X,5,Easy to prepare and good for busy weekdays.,convenience_positive,positive,5,General product experience,"tastes good, tastes, good, saves time, saves, time, time tastes, like saves"
R00135,P0020,Indonesia,Gochujang sauce,Premium Import Brand X,5,I like the rich seasoning and it feels close to real Korean-style food.,taste_authenticity_positive,positive,2,Taste authenticity,"real korean, style food, style, rich seasoning, rich, seasoning feels, real, seasoning"
R00136,P0021,Indonesia,Gochujang sauce,Japanese Brand W,4,"It tastes good, but one pack is not enough for a full meal.",portion_size,positive,5,General product experience,"tastes good, tastes, good, saves time, saves, time, time tastes, like saves"
R00137,P0021,Indonesia,Gochujang sauce,Japanese Brand W,3,The label information could be clearer and easier to read.,packaging_issue,neutral,4,Halal trust and certification,"clear halal, clear, halal, looks, halal information, looks good, good clear, product looks"
R00138,P0021,Indonesia,Gochujang sauce,Japanese Brand W,2,"The product tastes nice, but the heat level may be difficult for beginners.",too_spicy,negative,6,Spiciness and taste localization,"level, wish, wish milder, spice, spice level, milder version, version spice, milder"
R00139,P0021,Indonesia,Gochujang sauce,Japanese Brand W,3,Clear halal labeling would make me more confident to purchase.,halal_concern,neutral,4,Halal trust and certification,"clear halal, clear, halal, looks, halal information, looks good, good clear, product looks"
R00140,P0021,Indonesia,Gochujang sauce,Japanese Brand W,3,"It tastes good, but one pack is not enough for a full meal.",portion_size,neutral,5,General product experience,"tastes good, tastes, good, saves time, saves, time, time tastes, like saves"
R00141,P0021,Indonesia,Gochujang sauce,Japanese Brand W,4,"The product is good, but the packaging does not feel very strong.",packaging_issue,positive,3,Price sensitivity,"size, price, product good, portion, quite high, quite, price feels, high"
R00142,P0021,Indonesia,Gochujang sauce,Japanese Brand W,3,"The taste is nice, but I wish it had less sodium.",health_concern,neutral,6,Spiciness and taste localization,"level, wish, wish milder, spice, spice level, milder version, version spice, milder"
R00143,P0022,Indonesia,Gochujang sauce,Korean Brand Z,3,The label information could be clearer and easier to read.,packaging_issue,neutral,4,Halal trust and certification,"clear halal, clear, halal, looks, halal information, looks good, good clear, product looks"
R00144,P0022,Indonesia,Gochujang sauce,Korean Brand Z,3,"The product looks good, but I could not find clear halal information.",halal_concern,neutral,4,Halal trust and certification,"clear halal, clear, halal, looks, halal information, looks good, good clear, product looks"
R00145,P0022,Indonesia,Gochujang sauce,Korean Brand Z,2,"The taste is nice, but I wish it had less sodium.",health_concern,negative,6,Spiciness and taste localization,"level, wish, wish milder, spice, spice level, milder version, version spice, milder"
R00146,P0022,Indonesia,Gochujang sauce,Korean Brand Z,5,The flavor tastes authentic and reminds me of Korean restaurant food.,taste_authenticity_positive,positive,0,Taste authenticity,"reminds, restaurant food, tastes authentic, restaurant, reminds korean, authentic reminds, korean restaurant, flavor tastes"
R00147,P0022,Indonesia,Gochujang sauce,Korean Brand Z,2,"The product tastes nice, but the heat level may be difficult for beginners.",too_spicy,negative,6,Spiciness and taste localization,"level, wish, wish milder, spice, spice level, milder version, version spice, milder"
R00148,P0022,Indonesia,Gochujang sauce,Korean Brand Z,3,"The product tastes nice, but the heat level may be difficult for beginners.",too_spicy,neutral,6,Spiciness and taste localization,"level, wish, wish milder, spice, spice level, milder version, version spice, milder"
R00149,P0023,Indonesia,Gochujang sauce,Premium Import Brand D,3,"It tastes good, but one pack is not enough for a full meal.",portion_size,neutral,5,General product experience,"tastes good, tastes, good, saves time, saves, time, time tastes, like saves"
R00150,P0023,Indonesia,Gochujang sauce,Premium Import Brand D,2,"The taste is nice, but I wish it had less sodium.",health_concern,negative,6,Spiciness and taste localization,"level, wish, wish milder, spice, spice level, milder version, version spice, milder"
R00151,P0023,Indonesia,Gochujang sauce,Premium Import Brand D,3,"The taste is fine, but it feels expensive compared with local alternatives.",price_sensitivity,neutral,3,Price sensitivity,"size, price, product good, portion, quite high, quite, price feels, high"
R00152,P0023,Indonesia,Gochujang sauce,Premium Import Brand D,3,Clear halal labeling would make me more confident to purchase.,halal_concern,neutral,4,Halal trust and certification,"clear halal, clear, halal, looks, halal information, looks good, good clear, product looks"
R00153,P0023,Indonesia,Gochujang sauce,Premium Import Brand D,4,The flavor tastes authentic and reminds me of Korean restaurant food.,taste_authenticity_positive,positive,0,Taste authenticity,"reminds, restaurant food, tastes authentic, restaurant, reminds korean, authentic reminds, korean restaurant, flavor tastes"
R00154,P0023,Indonesia,Gochujang sauce,Premium Import Brand D,4,"The product tastes nice, but the heat level may be difficult for beginners.",too_spicy,positive,6,Spiciness and taste localization,"level, wish, wish milder, spice, spice level, milder version, version spice, milder"
R00155,P0023,Indonesia,Gochujang sauce,Premium Import Brand D,2,"The flavor is good, but it is too spicy for my family.",too_spicy,negative,5,General product experience,"tastes good, tastes, good, saves time, saves, time, time tastes, like saves"
R00156,P0023,Indonesia,Gochujang sauce,Premium Import Brand D,2,"The taste is nice, but I wish it had less sodium.",health_concern,negative,6,Spiciness and taste localization,"level, wish, wish milder, spice, spice level, milder version, version spice, milder"
R00157,P0024,Indonesia,Gochujang sauce,Private Label E,5,The taste is very satisfying and works well for a quick Korean meal at home.,taste_authenticity_positive,positive,1,Convenience and quick meal,"quick, works, works quick, satisfying, taste satisfying, satisfying works, quick korean, korean meal"
R00158,P0024,Indonesia,Gochujang sauce,Private Label E,4,The flavor tastes authentic and reminds me of Korean restaurant food.,taste_authenticity_positive,positive,0,Taste authenticity,"reminds, restaurant food, tastes authentic, restaurant, reminds korean, authentic reminds, korean restaurant, flavor tastes"
R00159,P0024,Indonesia,Gochujang sauce,Private Label E,4,The flavor tastes authentic and reminds me of Korean restaurant food.,taste_authenticity_positive,positive,0,Taste authenticity,"reminds, restaurant food, tastes authentic, restaurant, reminds korean, authentic reminds, korean restaurant, flavor tastes"
R00160,P0024,Indonesia,Gochujang sauce,Private Label E,2,"The product is good, but the packaging does not feel very strong.",packaging_issue,negative,3,Price sensitivity,"size, price, product good, portion, quite high, quite, price feels, high"
R00161,P0024,Indonesia,Gochujang sauce,Private Label E,5,The flavor tastes authentic and reminds me of Korean restaurant food.,taste_authenticity_positive,positive,0,Taste authenticity,"reminds, restaurant food, tastes authentic, restaurant, reminds korean, authentic reminds, korean restaurant, flavor tastes"
R00162,P0024,Indonesia,Gochujang sauce,Private Label E,5,I like that it saves time and still tastes good.,convenience_positive,positive,5,General product experience,"tastes good, tastes, good, saves time, saves, time, time tastes, like saves"
R00163,P0025,Indonesia,Frozen mandu,Local Brand A,3,I would buy this more often if the halal certification was clearly shown.,halal_concern,neutral,7,Halal trust and certification,"buy, like buy, discount, buy discount, like, certification, halal certification, clearly shown"
R00164,P0025,Indonesia,Frozen mandu,Local Brand A,5,The flavor tastes authentic and reminds me of Korean restaurant food.,taste_authenticity_positive,positive,0,Taste authenticity,"reminds, restaurant food, tastes authentic, restaurant, reminds korean, authentic reminds, korean restaurant, flavor tastes"
R00165,P0025,Indonesia,Frozen mandu,Local Brand A,5,The taste is very satisfying and works well for a quick Korean meal at home.,taste_authenticity_positive,positive,1,Convenience and quick meal,"quick, works, works quick, satisfying, taste satisfying, satisfying works, quick korean, korean meal"
R00166,P0025,Indonesia,Frozen mandu,Local Brand A,2,"The product is good, but the price feels quite high for the portion size.",price_sensitivity,negative,3,Price sensitivity,"size, price, product good, portion, quite high, quite, price feels, high"
R00167,P0026,Indonesia,Frozen mandu,Korean Brand H,3,The packaging could be improved because it was slightly damaged when delivered.,packaging_issue,neutral,3,Price sensitivity,"size, price, product good, portion, quite high, quite, price feels, high"
R00168,P0026,Indonesia,Frozen mandu,Korean Brand H,3,The packaging could be improved because it was slightly damaged when delivered.,packaging_issue,neutral,3,Price sensitivity,"size, price, product good, portion, quite high, quite, price feels, high"
R00169,P0026,Indonesia,Frozen mandu,Korean Brand H,4,The taste is very satisfying and works well for a quick Korean meal at home.,taste_authenticity_positive,positive,1,Convenience and quick meal,"quick, works, works quick, satisfying, taste satisfying, satisfying works, quick korean, korean meal"
R00170,P0026,Indonesia,Frozen mandu,Korean Brand H,3,"The product looks good, but I could not find clear halal information.",halal_concern,neutral,4,Halal trust and certification,"clear halal, clear, halal, looks, halal information, looks good, good clear, product looks"
R00171,P0026,Indonesia,Frozen mandu,Korean Brand H,5,I like the rich seasoning and it feels close to real Korean-style food.,taste_authenticity_positive,positive,2,Taste authenticity,"real korean, style food, style, rich seasoning, rich, seasoning feels, real, seasoning"
R00172,P0026,Indonesia,Frozen mandu,Korean Brand H,3,"The flavor is good, but it is too spicy for my family.",too_spicy,neutral,5,General product experience,"tastes good, tastes, good, saves time, saves, time, time tastes, like saves"
R00173,P0027,Indonesia,Frozen mandu,Private Label Z,5,The taste is very satisfying and works well for a quick Korean meal at home.,taste_authenticity_positive,positive,1,Convenience and quick meal,"quick, works, works quick, satisfying, taste satisfying, satisfying works, quick korean, korean meal"
R00174,P0027,Indonesia,Frozen mandu,Private Label Z,2,"The taste is fine, but it feels expensive compared with local alternatives.",price_sensitivity,negative,3,Price sensitivity,"size, price, product good, portion, quite high, quite, price feels, high"
R00175,P0027,Indonesia,Frozen mandu,Private Label Z,4,"The taste is fine, but it feels expensive compared with local alternatives.",price_sensitivity,positive,3,Price sensitivity,"size, price, product good, portion, quite high, quite, price feels, high"
R00176,P0027,Indonesia,Frozen mandu,Private Label Z,5,I like that it saves time and still tastes good.,convenience_positive,positive,5,General product experience,"tastes good, tastes, good, saves time, saves, time, time tastes, like saves"
R00177,P0027,Indonesia,Frozen mandu,Private Label Z,4,Easy to prepare and good for busy weekdays.,convenience_positive,positive,5,General product experience,"tastes good, tastes, good, saves time, saves, time, time tastes, like saves"
R00178,P0028,Indonesia,Frozen mandu,Premium Import Brand E,3,Clear halal labeling would make me more confident to purchase.,halal_concern,neutral,4,Halal trust and certification,"clear halal, clear, halal, looks, halal information, looks good, good clear, product looks"
R00179,P0028,Indonesia,Frozen mandu,Premium Import Brand E,2,I wish there was a milder version because the spice level is too strong.,too_spicy,negative,6,Spiciness and taste localization,"level, wish, wish milder, spice, spice level, milder version, version spice, milder"
R00180,P0028,Indonesia,Frozen mandu,Premium Import Brand E,3,"The flavor is good, but it is too spicy for my family.",too_spicy,neutral,5,General product experience,"tastes good, tastes, good, saves time, saves, time, time tastes, like saves"
R00181,P0028,Indonesia,Frozen mandu,Premium Import Brand E,2,I would buy this more often if the halal certification was clearly shown.,halal_concern,negative,7,Halal trust and certification,"buy, like buy, discount, buy discount, like, certification, halal certification, clearly shown"
R00182,P0028,Indonesia,Frozen mandu,Premium Import Brand E,4,Clear halal labeling would make me more confident to purchase.,halal_concern,positive,4,Halal trust and certification,"clear halal, clear, halal, looks, halal information, looks good, good clear, product looks"
R00183,P0028,Indonesia,Frozen mandu,Premium Import Brand E,4,The serving size could be larger for the price.,portion_size,positive,3,Price sensitivity,"size, price, product good, portion, quite high, quite, price feels, high"
R00184,P0028,Indonesia,Frozen mandu,Premium Import Brand E,3,"The product is good, but the packaging does not feel very strong.",packaging_issue,neutral,3,Price sensitivity,"size, price, product good, portion, quite high, quite, price feels, high"
R00185,P0028,Indonesia,Frozen mandu,Premium Import Brand E,3,The portion is smaller than expected.,portion_size,neutral,3,Price sensitivity,"size, price, product good, portion, quite high, quite, price feels, high"
R00186,P0029,Indonesia,Frozen mandu,Korean Brand G,4,I would buy this more often if the halal certification was clearly shown.,halal_concern,positive,7,Halal trust and certification,"buy, like buy, discount, buy discount, like, certification, halal certification, clearly shown"
R00187,P0029,Indonesia,Frozen mandu,Korean Brand G,3,The label information could be clearer and easier to read.,packaging_issue,neutral,4,Halal trust and certification,"clear halal, clear, halal, looks, halal information, looks good, good clear, product looks"
R00188,P0029,Indonesia,Frozen mandu,Korean Brand G,5,The taste is very satisfying and works well for a quick Korean meal at home.,taste_authenticity_positive,positive,1,Convenience and quick meal,"quick, works, works quick, satisfying, taste satisfying, satisfying works, quick korean, korean meal"
R00189,P0029,Indonesia,Frozen mandu,Korean Brand G,3,I wish there was a milder version because the spice level is too strong.,too_spicy,neutral,6,Spiciness and taste localization,"level, wish, wish milder, spice, spice level, milder version, version spice, milder"
R00190,P0029,Indonesia,Frozen mandu,Korean Brand G,2,"The taste is fine, but it feels expensive compared with local alternatives.",price_sensitivity,negative,3,Price sensitivity,"size, price, product good, portion, quite high, quite, price feels, high"
R00191,P0029,Indonesia,Frozen mandu,Korean Brand G,2,"The product is good, but the packaging does not feel very strong.",packaging_issue,negative,3,Price sensitivity,"size, price, product good, portion, quite high, quite, price feels, high"
R00192,P0029,Indonesia,Frozen mandu,Korean Brand G,3,I would buy this more often if the halal certification was clearly shown.,halal_concern,neutral,7,Halal trust and certification,"buy, like buy, discount, buy discount, like, certification, halal certification, clearly shown"
R00193,P0029,Indonesia,Frozen mandu,Korean Brand G,5,The taste is very satisfying and works well for a quick Korean meal at home.,taste_authenticity_positive,positive,1,Convenience and quick meal,"quick, works, works quick, satisfying, taste satisfying, satisfying works, quick korean, korean meal"
R00194,P0029,Indonesia,Frozen mandu,Korean Brand G,4,The taste is very satisfying and works well for a quick Korean meal at home.,taste_authenticity_positive,positive,1,Convenience and quick meal,"quick, works, works quick, satisfying, taste satisfying, satisfying works, quick korean, korean meal"
R00195,P0030,Indonesia,Frozen mandu,Korean Brand Q,5,I like that it saves time and still tastes good.,convenience_positive,positive,5,General product experience,"tastes good, tastes, good, saves time, saves, time, time tastes, like saves"
R00196,P0030,Indonesia,Frozen mandu,Korean Brand Q,3,"It tastes good, but one pack is not enough for a full meal.",portion_size,neutral,5,General product experience,"tastes good, tastes, good, saves time, saves, time, time tastes, like saves"
R00197,P0030,Indonesia,Frozen mandu,Korean Brand Q,4,Very convenient for a quick meal after work.,convenience_positive,positive,1,Convenience and quick meal,"quick, works, works quick, satisfying, taste satisfying, satisfying works, quick korean, korean meal"
R00198,P0030,Indonesia,Frozen mandu,Korean Brand Q,5,Very convenient for a quick meal after work.,convenience_positive,positive,1,Convenience and quick meal,"quick, works, works quick, satisfying, taste satisfying, satisfying works, quick korean, korean meal"
R00199,P0030,Indonesia,Frozen mandu,Korean Brand Q,5,The flavor tastes authentic and reminds me of Korean restaurant food.,taste_authenticity_positive,positive,0,Taste authenticity,"reminds, restaurant food, tastes authentic, restaurant, reminds korean, authentic reminds, korean restaurant, flavor tastes"
R00200,P0030,Indonesia,Frozen mandu,Korean Brand Q,3,Clear halal labeling would make me more confident to purchase.,halal_concern,neutral,4,Halal trust and certification,"clear halal, clear, halal, looks, halal information, looks good, good clear, product looks"
R00201,P0030,Indonesia,Frozen mandu,Korean Brand Q,5,Very convenient for a quick meal after work.,convenience_positive,positive,1,Convenience and quick meal,"quick, works, works quick, satisfying, taste satisfying, satisfying works, quick korean, korean meal"
R00202,P0030,Indonesia,Frozen mandu,Korean Brand Q,3,The portion is smaller than expected.,portion_size,neutral,3,Price sensitivity,"size, price, product good, portion, quite high, quite, price feels, high"
R00203,P0030,Indonesia,Frozen mandu,Korean Brand Q,5,Very convenient for a quick meal after work.,convenience_positive,positive,1,Convenience and quick meal,"quick, works, works quick, satisfying, taste satisfying, satisfying works, quick korean, korean meal"
R00204,P0031,Indonesia,Frozen mandu,Korean Brand U,3,Clear halal labeling would make me more confident to purchase.,halal_concern,neutral,4,Halal trust and certification,"clear halal, clear, halal, looks, halal information, looks good, good clear, product looks"
R00205,P0031,Indonesia,Frozen mandu,Korean Brand U,3,"The taste is fine, but it feels expensive compared with local alternatives.",price_sensitivity,neutral,3,Price sensitivity,"size, price, product good, portion, quite high, quite, price feels, high"
R00206,P0031,Indonesia,Frozen mandu,Korean Brand U,2,"The product looks good, but I could not find clear halal information.",halal_concern,negative,4,Halal trust and certification,"clear halal, clear, halal, looks, halal information, looks good, good clear, product looks"
R00207,P0031,Indonesia,Frozen mandu,Korean Brand U,5,I like the rich seasoning and it feels close to real Korean-style food.,taste_authenticity_positive,positive,2,Taste authenticity,"real korean, style food, style, rich seasoning, rich, seasoning feels, real, seasoning"
R00208,P0032,Indonesia,Frozen mandu,Korean Brand H,4,I like the rich seasoning and it feels close to real Korean-style food.,taste_authenticity_positive,positive,2,Taste authenticity,"real korean, style food, style, rich seasoning, rich, seasoning feels, real, seasoning"
R00209,P0032,Indonesia,Frozen mandu,Korean Brand H,5,I like the rich seasoning and it feels close to real Korean-style food.,taste_authenticity_positive,positive,2,Taste authenticity,"real korean, style food, style, rich seasoning, rich, seasoning feels, real, seasoning"
R00210,P0032,Indonesia,Frozen mandu,Korean Brand H,4,Very convenient for a quick meal after work.,convenience_positive,positive,1,Convenience and quick meal,"quick, works, works quick, satisfying, taste satisfying, satisfying works, quick korean, korean meal"
R00211,P0032,Indonesia,Frozen mandu,Korean Brand H,3,"It tastes good, but one pack is not enough for a full meal.",portion_size,neutral,5,General product experience,"tastes good, tastes, good, saves time, saves, time, time tastes, like saves"
R00212,P0032,Indonesia,Frozen mandu,Korean Brand H,2,I would prefer a healthier version with cleaner ingredients.,health_concern,negative,6,Spiciness and taste localization,"level, wish, wish milder, spice, spice level, milder version, version spice, milder"
R00213,P0032,Indonesia,Frozen mandu,Korean Brand H,3,"It tastes good, but one pack is not enough for a full meal.",portion_size,neutral,5,General product experience,"tastes good, tastes, good, saves time, saves, time, time tastes, like saves"
R00214,P0032,Indonesia,Frozen mandu,Korean Brand H,3,Clear halal labeling would make me more confident to purchase.,halal_concern,neutral,4,Halal trust and certification,"clear halal, clear, halal, looks, halal information, looks good, good clear, product looks"
R00215,P0032,Indonesia,Frozen mandu,Korean Brand H,5,The flavor tastes authentic and reminds me of Korean restaurant food.,taste_authenticity_positive,positive,0,Taste authenticity,"reminds, restaurant food, tastes authentic, restaurant, reminds korean, authentic reminds, korean restaurant, flavor tastes"
R00216,P0033,Indonesia,Ready meal,Private Label J,2,"The taste is fine, but it feels expensive compared with local alternatives.",price_sensitivity,negative,3,Price sensitivity,"size, price, product good, portion, quite high, quite, price feels, high"
R00217,P0033,Indonesia,Ready meal,Private Label J,3,I would buy this more often if the halal certification was clearly shown.,halal_concern,neutral,7,Halal trust and certification,"buy, like buy, discount, buy discount, like, certification, halal certification, clearly shown"
R00218,P0033,Indonesia,Ready meal,Private Label J,5,Easy to prepare and good for busy weekdays.,convenience_positive,positive,5,General product experience,"tastes good, tastes, good, saves time, saves, time, time tastes, like saves"
R00219,P0033,Indonesia,Ready meal,Private Label J,3,"The product tastes nice, but the heat level may be difficult for beginners.",too_spicy,neutral,6,Spiciness and taste localization,"level, wish, wish milder, spice, spice level, milder version, version spice, milder"
R00220,P0033,Indonesia,Ready meal,Private Label J,4,The portion is smaller than expected.,portion_size,positive,3,Price sensitivity,"size, price, product good, portion, quite high, quite, price feels, high"
R00221,P0033,Indonesia,Ready meal,Private Label J,3,"The product tastes nice, but the heat level may be difficult for beginners.",too_spicy,neutral,6,Spiciness and taste localization,"level, wish, wish milder, spice, spice level, milder version, version spice, milder"
R00222,P0034,Indonesia,Ready meal,Local Brand U,5,The taste is very satisfying and works well for a quick Korean meal at home.,taste_authenticity_positive,positive,1,Convenience and quick meal,"quick, works, works quick, satisfying, taste satisfying, satisfying works, quick korean, korean meal"
R00223,P0034,Indonesia,Ready meal,Local Brand U,4,Very convenient for a quick meal after work.,convenience_positive,positive,1,Convenience and quick meal,"quick, works, works quick, satisfying, taste satisfying, satisfying works, quick korean, korean meal"
R00224,P0034,Indonesia,Ready meal,Local Brand U,4,I would buy this more often if the halal certification was clearly shown.,halal_concern,positive,7,Halal trust and certification,"buy, like buy, discount, buy discount, like, certification, halal certification, clearly shown"
R00225,P0034,Indonesia,Ready meal,Local Brand U,5,I like the rich seasoning and it feels close to real Korean-style food.,taste_authenticity_positive,positive,2,Taste authenticity,"real korean, style food, style, rich seasoning, rich, seasoning feels, real, seasoning"
R00226,P0034,Indonesia,Ready meal,Local Brand U,3,"It tastes good, but one pack is not enough for a full meal.",portion_size,neutral,5,General product experience,"tastes good, tastes, good, saves time, saves, time, time tastes, like saves"
R00227,P0034,Indonesia,Ready meal,Local Brand U,4,I like the rich seasoning and it feels close to real Korean-style food.,taste_authenticity_positive,positive,2,Taste authenticity,"real korean, style food, style, rich seasoning, rich, seasoning feels, real, seasoning"
R00228,P0034,Indonesia,Ready meal,Local Brand U,4,Clear halal labeling would make me more confident to purchase.,halal_concern,positive,4,Halal trust and certification,"clear halal, clear, halal, looks, halal information, looks good, good clear, product looks"
R00229,P0034,Indonesia,Ready meal,Local Brand U,5,Easy to prepare and good for busy weekdays.,convenience_positive,positive,5,General product experience,"tastes good, tastes, good, saves time, saves, time, time tastes, like saves"
R00230,P0035,Indonesia,Ready meal,Private Label D,4,Very convenient for a quick meal after work.,convenience_positive,positive,1,Convenience and quick meal,"quick, works, works quick, satisfying, taste satisfying, satisfying works, quick korean, korean meal"
R00231,P0035,Indonesia,Ready meal,Private Label D,3,"The taste is fine, but it feels expensive compared with local alternatives.",price_sensitivity,neutral,3,Price sensitivity,"size, price, product good, portion, quite high, quite, price feels, high"
R00232,P0035,Indonesia,Ready meal,Private Label D,4,The flavor tastes authentic and reminds me of Korean restaurant food.,taste_authenticity_positive,positive,0,Taste authenticity,"reminds, restaurant food, tastes authentic, restaurant, reminds korean, authentic reminds, korean restaurant, flavor tastes"
R00233,P0035,Indonesia,Ready meal,Private Label D,3,The serving size could be larger for the price.,portion_size,neutral,3,Price sensitivity,"size, price, product good, portion, quite high, quite, price feels, high"
R00234,P0035,Indonesia,Ready meal,Private Label D,3,The portion is smaller than expected.,portion_size,neutral,3,Price sensitivity,"size, price, product good, portion, quite high, quite, price feels, high"
R00235,P0035,Indonesia,Ready meal,Private Label D,2,I would buy this more often if the halal certification was clearly shown.,halal_concern,negative,7,Halal trust and certification,"buy, like buy, discount, buy discount, like, certification, halal certification, clearly shown"
R00236,P0035,Indonesia,Ready meal,Private Label D,4,"It tastes good, but one pack is not enough for a full meal.",portion_size,positive,5,General product experience,"tastes good, tastes, good, saves time, saves, time, time tastes, like saves"
R00237,P0035,Indonesia,Ready meal,Private Label D,3,"The product is good, but the packaging does not feel very strong.",packaging_issue,neutral,3,Price sensitivity,"size, price, product good, portion, quite high, quite, price feels, high"
R00238,P0035,Indonesia,Ready meal,Private Label D,4,"The taste is fine, but it feels expensive compared with local alternatives.",price_sensitivity,positive,3,Price sensitivity,"size, price, product good, portion, quite high, quite, price feels, high"
R00239,P0035,Indonesia,Ready meal,Private Label D,3,"The product looks good, but I could not find clear halal information.",halal_concern,neutral,4,Halal trust and certification,"clear halal, clear, halal, looks, halal information, looks good, good clear, product looks"
R00240,P0036,Indonesia,Ready meal,Korean Brand B,5,I like that it saves time and still tastes good.,convenience_positive,positive,5,General product experience,"tastes good, tastes, good, saves time, saves, time, time tastes, like saves"
R00241,P0036,Indonesia,Ready meal,Korean Brand B,5,The flavor tastes authentic and reminds me of Korean restaurant food.,taste_authenticity_positive,positive,0,Taste authenticity,"reminds, restaurant food, tastes authentic, restaurant, reminds korean, authentic reminds, korean restaurant, flavor tastes"
R00242,P0036,Indonesia,Ready meal,Korean Brand B,2,"The taste is fine, but it feels expensive compared with local alternatives.",price_sensitivity,negative,3,Price sensitivity,"size, price, product good, portion, quite high, quite, price feels, high"
R00243,P0036,Indonesia,Ready meal,Korean Brand B,3,The portion is smaller than expected.,portion_size,neutral,3,Price sensitivity,"size, price, product good, portion, quite high, quite, price feels, high"
R00244,P0036,Indonesia,Ready meal,Korean Brand B,3,"The product is good, but the price feels quite high for the portion size.",price_sensitivity,neutral,3,Price sensitivity,"size, price, product good, portion, quite high, quite, price feels, high"
R00245,P0037,Indonesia,Ready meal,Korean Brand H,3,"The product is good, but the price feels quite high for the portion size.",price_sensitivity,neutral,3,Price sensitivity,"size, price, product good, portion, quite high, quite, price feels, high"
R00246,P0037,Indonesia,Ready meal,Korean Brand H,4,The taste is very satisfying and works well for a quick Korean meal at home.,taste_authenticity_positive,positive,1,Convenience and quick meal,"quick, works, works quick, satisfying, taste satisfying, satisfying works, quick korean, korean meal"
R00247,P0037,Indonesia,Ready meal,Korean Brand H,4,Clear halal labeling would make me more confident to purchase.,halal_concern,positive,4,Halal trust and certification,"clear halal, clear, halal, looks, halal information, looks good, good clear, product looks"
R00248,P0037,Indonesia,Ready meal,Korean Brand H,4,Easy to prepare and good for busy weekdays.,convenience_positive,positive,5,General product experience,"tastes good, tastes, good, saves time, saves, time, time tastes, like saves"
R00249,P0037,Indonesia,Ready meal,Korean Brand H,5,Easy to prepare and good for busy weekdays.,convenience_positive,positive,5,General product experience,"tastes good, tastes, good, saves time, saves, time, time tastes, like saves"
R00250,P0037,Indonesia,Ready meal,Korean Brand H,5,Very convenient for a quick meal after work.,convenience_positive,positive,1,Convenience and quick meal,"quick, works, works quick, satisfying, taste satisfying, satisfying works, quick korean, korean meal"
R00251,P0037,Indonesia,Ready meal,Korean Brand H,3,The portion is smaller than expected.,portion_size,neutral,3,Price sensitivity,"size, price, product good, portion, quite high, quite, price feels, high"
R00252,P0037,Indonesia,Ready meal,Korean Brand H,4,The taste is very satisfying and works well for a quick Korean meal at home.,taste_authenticity_positive,positive,1,Convenience and quick meal,"quick, works, works quick, satisfying, taste satisfying, satisfying works, quick korean, korean meal"
R00253,P0037,Indonesia,Ready meal,Korean Brand H,3,I wish there was a milder version because the spice level is too strong.,too_spicy,neutral,6,Spiciness and taste localization,"level, wish, wish milder, spice, spice level, milder version, version spice, milder"
R00254,P0037,Indonesia,Ready meal,Korean Brand H,3,Clear halal labeling would make me more confident to purchase.,halal_concern,neutral,4,Halal trust and certification,"clear halal, clear, halal, looks, halal information, looks good, good clear, product looks"
R00255,P0038,Indonesia,Ready meal,Local Brand J,4,Clear halal labeling would make me more confident to purchase.,halal_concern,positive,4,Halal trust and certification,"clear halal, clear, halal, looks, halal information, looks good, good clear, product looks"
R00256,P0038,Indonesia,Ready meal,Local Brand J,3,"The product tastes nice, but the heat level may be difficult for beginners.",too_spicy,neutral,6,Spiciness and taste localization,"level, wish, wish milder, spice, spice level, milder version, version spice, milder"
R00257,P0038,Indonesia,Ready meal,Local Brand J,3,I would buy this more often if the halal certification was clearly shown.,halal_concern,neutral,7,Halal trust and certification,"buy, like buy, discount, buy discount, like, certification, halal certification, clearly shown"
R00258,P0038,Indonesia,Ready meal,Local Brand J,4,I would buy this more often if the halal certification was clearly shown.,halal_concern,positive,7,Halal trust and certification,"buy, like buy, discount, buy discount, like, certification, halal certification, clearly shown"
R00259,P0038,Indonesia,Ready meal,Local Brand J,3,I wish there was a milder version because the spice level is too strong.,too_spicy,neutral,6,Spiciness and taste localization,"level, wish, wish milder, spice, spice level, milder version, version spice, milder"
R00260,P0039,Indonesia,Ready meal,Private Label D,5,The flavor tastes authentic and reminds me of Korean restaurant food.,taste_authenticity_positive,positive,0,Taste authenticity,"reminds, restaurant food, tastes authentic, restaurant, reminds korean, authentic reminds, korean restaurant, flavor tastes"
R00261,P0039,Indonesia,Ready meal,Private Label D,5,Very convenient for a quick meal after work.,convenience_positive,positive,1,Convenience and quick meal,"quick, works, works quick, satisfying, taste satisfying, satisfying works, quick korean, korean meal"
R00262,P0039,Indonesia,Ready meal,Private Label D,5,The taste is very satisfying and works well for a quick Korean meal at home.,taste_authenticity_positive,positive,1,Convenience and quick meal,"quick, works, works quick, satisfying, taste satisfying, satisfying works, quick korean, korean meal"
R00263,P0039,Indonesia,Ready meal,Private Label D,3,I would buy this more often if the halal certification was clearly shown.,halal_concern,neutral,7,Halal trust and certification,"buy, like buy, discount, buy discount, like, certification, halal certification, clearly shown"
R00264,P0039,Indonesia,Ready meal,Private Label D,3,Clear halal labeling would make me more confident to purchase.,halal_concern,neutral,4,Halal trust and certification,"clear halal, clear, halal, looks, halal information, looks good, good clear, product looks"
R00265,P0039,Indonesia,Ready meal,Private Label D,4,"I like it, but I would only buy again if there is a discount.",price_sensitivity,positive,7,Halal trust and certification,"buy, like buy, discount, buy discount, like, certification, halal certification, clearly shown"
R00266,P0039,Indonesia,Ready meal,Private Label D,3,"The product is good, but the price feels quite high for the portion size.",price_sensitivity,neutral,3,Price sensitivity,"size, price, product good, portion, quite high, quite, price feels, high"
R00267,P0039,Indonesia,Ready meal,Private Label D,5,Easy to prepare and good for busy weekdays.,convenience_positive,positive,5,General product experience,"tastes good, tastes, good, saves time, saves, time, time tastes, like saves"
R00268,P0039,Indonesia,Ready meal,Private Label D,4,The flavor tastes authentic and reminds me of Korean restaurant food.,taste_authenticity_positive,positive,0,Taste authenticity,"reminds, restaurant food, tastes authentic, restaurant, reminds korean, authentic reminds, korean restaurant, flavor tastes"
R00269,P0039,Indonesia,Ready meal,Private Label D,5,The taste is very satisfying and works well for a quick Korean meal at home.,taste_authenticity_positive,positive,1,Convenience and quick meal,"quick, works, works quick, satisfying, taste satisfying, satisfying works, quick korean, korean meal"
R00270,P0040,Indonesia,Ready meal,Premium Import Brand F,5,The flavor tastes authentic and reminds me of Korean restaurant food.,taste_authenticity_positive,positive,0,Taste authenticity,"reminds, restaurant food, tastes authentic, restaurant, reminds korean, authentic reminds, korean restaurant, flavor tastes"
R00271,P0040,Indonesia,Ready meal,Premium Import Brand F,4,"The taste is fine, but it feels expensive compared with local alternatives.",price_sensitivity,positive,3,Price sensitivity,"size, price, product good, portion, quite high, quite, price feels, high"
R00272,P0040,Indonesia,Ready meal,Premium Import Brand F,4,"I like it, but I would only buy again if there is a discount.",price_sensitivity,positive,7,Halal trust and certification,"buy, like buy, discount, buy discount, like, certification, halal certification, clearly shown"
R00273,P0040,Indonesia,Ready meal,Premium Import Brand F,3,"Good flavor, but it feels a bit heavy for frequent consumption.",health_concern,neutral,3,Price sensitivity,"size, price, product good, portion, quite high, quite, price feels, high"
R00274,P0040,Indonesia,Ready meal,Premium Import Brand F,5,I like that it saves time and still tastes good.,convenience_positive,positive,5,General product experience,"tastes good, tastes, good, saves time, saves, time, time tastes, like saves"
R00275,P0040,Indonesia,Ready meal,Premium Import Brand F,2,"The product is good, but the packaging does not feel very strong.",packaging_issue,negative,3,Price sensitivity,"size, price, product good, portion, quite high, quite, price feels, high"
R00276,P0041,Indonesia,Seaweed snack,Local Brand F,4,I like the rich seasoning and it feels close to real Korean-style food.,taste_authenticity_positive,positive,2,Taste authenticity,"real korean, style food, style, rich seasoning, rich, seasoning feels, real, seasoning"
R00277,P0041,Indonesia,Seaweed snack,Local Brand F,2,The serving size could be larger for the price.,portion_size,negative,3,Price sensitivity,"size, price, product good, portion, quite high, quite, price feels, high"
R00278,P0041,Indonesia,Seaweed snack,Local Brand F,5,The flavor tastes authentic and reminds me of Korean restaurant food.,taste_authenticity_positive,positive,0,Taste authenticity,"reminds, restaurant food, tastes authentic, restaurant, reminds korean, authentic reminds, korean restaurant, flavor tastes"
R00279,P0041,Indonesia,Seaweed snack,Local Brand F,4,"Good flavor, but it feels a bit heavy for frequent consumption.",health_concern,positive,3,Price sensitivity,"size, price, product good, portion, quite high, quite, price feels, high"
R00280,P0041,Indonesia,Seaweed snack,Local Brand F,4,I like that it saves time and still tastes good.,convenience_positive,positive,5,General product experience,"tastes good, tastes, good, saves time, saves, time, time tastes, like saves"
R00281,P0041,Indonesia,Seaweed snack,Local Brand F,2,"The taste is nice, but I wish it had less sodium.",health_concern,negative,6,Spiciness and taste localization,"level, wish, wish milder, spice, spice level, milder version, version spice, milder"
R00282,P0041,Indonesia,Seaweed snack,Local Brand F,4,"Good flavor, but it feels a bit heavy for frequent consumption.",health_concern,positive,3,Price sensitivity,"size, price, product good, portion, quite high, quite, price feels, high"
R00283,P0041,Indonesia,Seaweed snack,Local Brand F,4,Clear halal labeling would make me more confident to purchase.,halal_concern,positive,4,Halal trust and certification,"clear halal, clear, halal, looks, halal information, looks good, good clear, product looks"
R00284,P0041,Indonesia,Seaweed snack,Local Brand F,3,"The product is good, but the packaging does not feel very strong.",packaging_issue,neutral,3,Price sensitivity,"size, price, product good, portion, quite high, quite, price feels, high"
R00285,P0041,Indonesia,Seaweed snack,Local Brand F,3,The portion is smaller than expected.,portion_size,neutral,3,Price sensitivity,"size, price, product good, portion, quite high, quite, price feels, high"
R00286,P0042,Indonesia,Seaweed snack,Premium Import Brand K,2,"The flavor is good, but it is too spicy for my family.",too_spicy,negative,5,General product experience,"tastes good, tastes, good, saves time, saves, time, time tastes, like saves"
R00287,P0042,Indonesia,Seaweed snack,Premium Import Brand K,5,I like the rich seasoning and it feels close to real Korean-style food.,taste_authenticity_positive,positive,2,Taste authenticity,"real korean, style food, style, rich seasoning, rich, seasoning feels, real, seasoning"
R00288,P0042,Indonesia,Seaweed snack,Premium Import Brand K,3,I would buy this more often if the halal certification was clearly shown.,halal_concern,neutral,7,Halal trust and certification,"buy, like buy, discount, buy discount, like, certification, halal certification, clearly shown"
R00289,P0042,Indonesia,Seaweed snack,Premium Import Brand K,3,I would buy this more often if the halal certification was clearly shown.,halal_concern,neutral,7,Halal trust and certification,"buy, like buy, discount, buy discount, like, certification, halal certification, clearly shown"
R00290,P0042,Indonesia,Seaweed snack,Premium Import Brand K,4,I would prefer a healthier version with cleaner ingredients.,health_concern,positive,6,Spiciness and taste localization,"level, wish, wish milder, spice, spice level, milder version, version spice, milder"
R00291,P0042,Indonesia,Seaweed snack,Premium Import Brand K,4,The serving size could be larger for the price.,portion_size,positive,3,Price sensitivity,"size, price, product good, portion, quite high, quite, price feels, high"
R00292,P0042,Indonesia,Seaweed snack,Premium Import Brand K,3,Clear halal labeling would make me more confident to purchase.,halal_concern,neutral,4,Halal trust and certification,"clear halal, clear, halal, looks, halal information, looks good, good clear, product looks"
R00293,P0042,Indonesia,Seaweed snack,Premium Import Brand K,3,"The product tastes nice, but the heat level may be difficult for beginners.",too_spicy,neutral,6,Spiciness and taste localization,"level, wish, wish milder, spice, spice level, milder version, version spice, milder"
R00294,P0042,Indonesia,Seaweed snack,Premium Import Brand K,4,"The product looks good, but I could not find clear halal information.",halal_concern,positive,4,Halal trust and certification,"clear halal, clear, halal, looks, halal information, looks good, good clear, product looks"
R00295,P0042,Indonesia,Seaweed snack,Premium Import Brand K,4,"The product looks good, but I could not find clear halal information.",halal_concern,positive,4,Halal trust and certification,"clear halal, clear, halal, looks, halal information, looks good, good clear, product looks"
R00296,P0043,Indonesia,Seaweed snack,Korean Brand U,4,The flavor tastes authentic and reminds me of Korean restaurant food.,taste_authenticity_positive,positive,0,Taste authenticity,"reminds, restaurant food, tastes authentic, restaurant, reminds korean, authentic reminds, korean restaurant, flavor tastes"
R00297,P0043,Indonesia,Seaweed snack,Korean Brand U,4,"The taste is fine, but it feels expensive compared with local alternatives.",price_sensitivity,positive,3,Price sensitivity,"size, price, product good, portion, quite high, quite, price feels, high"
R00298,P0043,Indonesia,Seaweed snack,Korean Brand U,3,I wish there was a milder version because the spice level is too strong.,too_spicy,neutral,6,Spiciness and taste localization,"level, wish, wish milder, spice, spice level, milder version, version spice, milder"
R00299,P0043,Indonesia,Seaweed snack,Korean Brand U,3,I wish there was a milder version because the spice level is too strong.,too_spicy,neutral,6,Spiciness and taste localization,"level, wish, wish milder, spice, spice level, milder version, version spice, milder"
R00300,P0043,Indonesia,Seaweed snack,Korean Brand U,5,Easy to prepare and good for busy weekdays.,convenience_positive,positive,5,General product experience,"tastes good, tastes, good, saves time, saves, time, time tastes, like saves"
R00301,P0043,Indonesia,Seaweed snack,Korean Brand U,5,The flavor tastes authentic and reminds me of Korean restaurant food.,taste_authenticity_positive,positive,0,Taste authenticity,"reminds, restaurant food, tastes authentic, restaurant, reminds korean, authentic reminds, korean restaurant, flavor tastes"
R00302,P0043,Indonesia,Seaweed snack,Korean Brand U,5,I like the rich seasoning and it feels close to real Korean-style food.,taste_authenticity_positive,positive,2,Taste authenticity,"real korean, style food, style, rich seasoning, rich, seasoning feels, real, seasoning"
R00303,P0044,Indonesia,Seaweed snack,Japanese Brand R,5,The taste is very satisfying and works well for a quick Korean meal at home.,taste_authenticity_positive,positive,1,Convenience and quick meal,"quick, works, works quick, satisfying, taste satisfying, satisfying works, quick korean, korean meal"
R00304,P0044,Indonesia,Seaweed snack,Japanese Brand R,5,I like the rich seasoning and it feels close to real Korean-style food.,taste_authenticity_positive,positive,2,Taste authenticity,"real korean, style food, style, rich seasoning, rich, seasoning feels, real, seasoning"
R00305,P0044,Indonesia,Seaweed snack,Japanese Brand R,3,I would prefer a healthier version with cleaner ingredients.,health_concern,neutral,6,Spiciness and taste localization,"level, wish, wish milder, spice, spice level, milder version, version spice, milder"
R00306,P0044,Indonesia,Seaweed snack,Japanese Brand R,3,The packaging could be improved because it was slightly damaged when delivered.,packaging_issue,neutral,3,Price sensitivity,"size, price, product good, portion, quite high, quite, price feels, high"
R00307,P0044,Indonesia,Seaweed snack,Japanese Brand R,2,Clear halal labeling would make me more confident to purchase.,halal_concern,negative,4,Halal trust and certification,"clear halal, clear, halal, looks, halal information, looks good, good clear, product looks"
R00308,P0044,Indonesia,Seaweed snack,Japanese Brand R,4,The taste is very satisfying and works well for a quick Korean meal at home.,taste_authenticity_positive,positive,1,Convenience and quick meal,"quick, works, works quick, satisfying, taste satisfying, satisfying works, quick korean, korean meal"
R00309,P0044,Indonesia,Seaweed snack,Japanese Brand R,3,The serving size could be larger for the price.,portion_size,neutral,3,Price sensitivity,"size, price, product good, portion, quite high, quite, price feels, high"
R00310,P0044,Indonesia,Seaweed snack,Japanese Brand R,4,"The product is good, but the packaging does not feel very strong.",packaging_issue,positive,3,Price sensitivity,"size, price, product good, portion, quite high, quite, price feels, high"
R00311,P0045,Indonesia,Seaweed snack,Korean Brand C,3,The packaging could be improved because it was slightly damaged when delivered.,packaging_issue,neutral,3,Price sensitivity,"size, price, product good, portion, quite high, quite, price feels, high"
R00312,P0045,Indonesia,Seaweed snack,Korean Brand C,2,Clear halal labeling would make me more confident to purchase.,halal_concern,negative,4,Halal trust and certification,"clear halal, clear, halal, looks, halal information, looks good, good clear, product looks"
R00313,P0045,Indonesia,Seaweed snack,Korean Brand C,5,I like the rich seasoning and it feels close to real Korean-style food.,taste_authenticity_positive,positive,2,Taste authenticity,"real korean, style food, style, rich seasoning, rich, seasoning feels, real, seasoning"
R00314,P0045,Indonesia,Seaweed snack,Korean Brand C,5,The flavor tastes authentic and reminds me of Korean restaurant food.,taste_authenticity_positive,positive,0,Taste authenticity,"reminds, restaurant food, tastes authentic, restaurant, reminds korean, authentic reminds, korean restaurant, flavor tastes"
R00315,P0045,Indonesia,Seaweed snack,Korean Brand C,2,"The product tastes nice, but the heat level may be difficult for beginners.",too_spicy,negative,6,Spiciness and taste localization,"level, wish, wish milder, spice, spice level, milder version, version spice, milder"
R00316,P0045,Indonesia,Seaweed snack,Korean Brand C,4,The flavor tastes authentic and reminds me of Korean restaurant food.,taste_authenticity_positive,positive,0,Taste authenticity,"reminds, restaurant food, tastes authentic, restaurant, reminds korean, authentic reminds, korean restaurant, flavor tastes"
R00317,P0045,Indonesia,Seaweed snack,Korean Brand C,4,Very convenient for a quick meal after work.,convenience_positive,positive,1,Convenience and quick meal,"quick, works, works quick, satisfying, taste satisfying, satisfying works, quick korean, korean meal"
R00318,P0045,Indonesia,Seaweed snack,Korean Brand C,3,I would prefer a healthier version with cleaner ingredients.,health_concern,neutral,6,Spiciness and taste localization,"level, wish, wish milder, spice, spice level, milder version, version spice, milder"
R00319,P0046,Indonesia,Seaweed snack,Japanese Brand U,3,The packaging could be improved because it was slightly damaged when delivered.,packaging_issue,neutral,3,Price sensitivity,"size, price, product good, portion, quite high, quite, price feels, high"
R00320,P0046,Indonesia,Seaweed snack,Japanese Brand U,4,"I like it, but I would only buy again if there is a discount.",price_sensitivity,positive,7,Halal trust and certification,"buy, like buy, discount, buy discount, like, certification, halal certification, clearly shown"
R00321,P0046,Indonesia,Seaweed snack,Japanese Brand U,5,The taste is very satisfying and works well for a quick Korean meal at home.,taste_authenticity_positive,positive,1,Convenience and quick meal,"quick, works, works quick, satisfying, taste satisfying, satisfying works, quick korean, korean meal"
R00322,P0046,Indonesia,Seaweed snack,Japanese Brand U,4,"Good flavor, but it feels a bit heavy for frequent consumption.",health_concern,positive,3,Price sensitivity,"size, price, product good, portion, quite high, quite, price feels, high"
R00323,P0046,Indonesia,Seaweed snack,Japanese Brand U,4,The portion is smaller than expected.,portion_size,positive,3,Price sensitivity,"size, price, product good, portion, quite high, quite, price feels, high"
R00324,P0046,Indonesia,Seaweed snack,Japanese Brand U,5,I like that it saves time and still tastes good.,convenience_positive,positive,5,General product experience,"tastes good, tastes, good, saves time, saves, time, time tastes, like saves"
R00325,P0047,Indonesia,Seaweed snack,Local Brand U,3,I wish there was a milder version because the spice level is too strong.,too_spicy,neutral,6,Spiciness and taste localization,"level, wish, wish milder, spice, spice level, milder version, version spice, milder"
R00326,P0047,Indonesia,Seaweed snack,Local Brand U,4,I like the rich seasoning and it feels close to real Korean-style food.,taste_authenticity_positive,positive,2,Taste authenticity,"real korean, style food, style, rich seasoning, rich, seasoning feels, real, seasoning"
R00327,P0047,Indonesia,Seaweed snack,Local Brand U,4,Easy to prepare and good for busy weekdays.,convenience_positive,positive,5,General product experience,"tastes good, tastes, good, saves time, saves, time, time tastes, like saves"
R00328,P0047,Indonesia,Seaweed snack,Local Brand U,4,The flavor tastes authentic and reminds me of Korean restaurant food.,taste_authenticity_positive,positive,0,Taste authenticity,"reminds, restaurant food, tastes authentic, restaurant, reminds korean, authentic reminds, korean restaurant, flavor tastes"
R00329,P0047,Indonesia,Seaweed snack,Local Brand U,3,"The taste is nice, but I wish it had less sodium.",health_concern,neutral,6,Spiciness and taste localization,"level, wish, wish milder, spice, spice level, milder version, version spice, milder"
R00330,P0048,Indonesia,Seaweed snack,Premium Import Brand L,5,The flavor tastes authentic and reminds me of Korean restaurant food.,taste_authenticity_positive,positive,0,Taste authenticity,"reminds, restaurant food, tastes authentic, restaurant, reminds korean, authentic reminds, korean restaurant, flavor tastes"
R00331,P0048,Indonesia,Seaweed snack,Premium Import Brand L,5,I like the rich seasoning and it feels close to real Korean-style food.,taste_authenticity_positive,positive,2,Taste authenticity,"real korean, style food, style, rich seasoning, rich, seasoning feels, real, seasoning"
R00332,P0048,Indonesia,Seaweed snack,Premium Import Brand L,3,"The product looks good, but I could not find clear halal information.",halal_concern,neutral,4,Halal trust and certification,"clear halal, clear, halal, looks, halal information, looks good, good clear, product looks"
R00333,P0048,Indonesia,Seaweed snack,Premium Import Brand L,5,Easy to prepare and good for busy weekdays.,convenience_positive,positive,5,General product experience,"tastes good, tastes, good, saves time, saves, time, time tastes, like saves"
R00334,P0048,Indonesia,Seaweed snack,Premium Import Brand L,2,"It tastes good, but one pack is not enough for a full meal.",portion_size,negative,5,General product experience,"tastes good, tastes, good, saves time, saves, time, time tastes, like saves"
R00335,P0048,Indonesia,Seaweed snack,Premium Import Brand L,4,"The product is good, but the price feels quite high for the portion size.",price_sensitivity,positive,3,Price sensitivity,"size, price, product good, portion, quite high, quite, price feels, high"
R00336,P0049,Malaysia,Korean ramen,Korean Brand Q,5,The flavor tastes authentic and reminds me of Korean restaurant food.,taste_authenticity_positive,positive,0,Taste authenticity,"reminds, restaurant food, tastes authentic, restaurant, reminds korean, authentic reminds, korean restaurant, flavor tastes"
R00337,P0049,Malaysia,Korean ramen,Korean Brand Q,5,The flavor tastes authentic and reminds me of Korean restaurant food.,taste_authenticity_positive,positive,0,Taste authenticity,"reminds, restaurant food, tastes authentic, restaurant, reminds korean, authentic reminds, korean restaurant, flavor tastes"
R00338,P0049,Malaysia,Korean ramen,Korean Brand Q,2,The portion is smaller than expected.,portion_size,negative,3,Price sensitivity,"size, price, product good, portion, quite high, quite, price feels, high"
R00339,P0049,Malaysia,Korean ramen,Korean Brand Q,2,I would prefer a healthier version with cleaner ingredients.,health_concern,negative,6,Spiciness and taste localization,"level, wish, wish milder, spice, spice level, milder version, version spice, milder"
R00340,P0049,Malaysia,Korean ramen,Korean Brand Q,3,I wish there was a milder version because the spice level is too strong.,too_spicy,neutral,6,Spiciness and taste localization,"level, wish, wish milder, spice, spice level, milder version, version spice, milder"
R00341,P0049,Malaysia,Korean ramen,Korean Brand Q,2,"The product tastes nice, but the heat level may be difficult for beginners.",too_spicy,negative,6,Spiciness and taste localization,"level, wish, wish milder, spice, spice level, milder version, version spice, milder"
R00342,P0049,Malaysia,Korean ramen,Korean Brand Q,4,Clear halal labeling would make me more confident to purchase.,halal_concern,positive,4,Halal trust and certification,"clear halal, clear, halal, looks, halal information, looks good, good clear, product looks"
R00343,P0049,Malaysia,Korean ramen,Korean Brand Q,3,"The product tastes nice, but the heat level may be difficult for beginners.",too_spicy,neutral,6,Spiciness and taste localization,"level, wish, wish milder, spice, spice level, milder version, version spice, milder"
R00344,P0049,Malaysia,Korean ramen,Korean Brand Q,4,"The product looks good, but I could not find clear halal information.",halal_concern,positive,4,Halal trust and certification,"clear halal, clear, halal, looks, halal information, looks good, good clear, product looks"
R00345,P0049,Malaysia,Korean ramen,Korean Brand Q,3,"The product is good, but the price feels quite high for the portion size.",price_sensitivity,neutral,3,Price sensitivity,"size, price, product good, portion, quite high, quite, price feels, high"
R00346,P0050,Malaysia,Korean ramen,Korean Brand D,3,I would buy this more often if the halal certification was clearly shown.,halal_concern,neutral,7,Halal trust and certification,"buy, like buy, discount, buy discount, like, certification, halal certification, clearly shown"
R00347,P0050,Malaysia,Korean ramen,Korean Brand D,2,"The flavor is good, but it is too spicy for my family.",too_spicy,negative,5,General product experience,"tastes good, tastes, good, saves time, saves, time, time tastes, like saves"
R00348,P0050,Malaysia,Korean ramen,Korean Brand D,4,I wish there was a milder version because the spice level is too strong.,too_spicy,positive,6,Spiciness and taste localization,"level, wish, wish milder, spice, spice level, milder version, version spice, milder"
R00349,P0050,Malaysia,Korean ramen,Korean Brand D,2,"The taste is fine, but it feels expensive compared with local alternatives.",price_sensitivity,negative,3,Price sensitivity,"size, price, product good, portion, quite high, quite, price feels, high"
R00350,P0050,Malaysia,Korean ramen,Korean Brand D,3,I would buy this more often if the halal certification was clearly shown.,halal_concern,neutral,7,Halal trust and certification,"buy, like buy, discount, buy discount, like, certification, halal certification, clearly shown"
R00351,P0050,Malaysia,Korean ramen,Korean Brand D,5,The taste is very satisfying and works well for a quick Korean meal at home.,taste_authenticity_positive,positive,1,Convenience and quick meal,"quick, works, works quick, satisfying, taste satisfying, satisfying works, quick korean, korean meal"
R00352,P0050,Malaysia,Korean ramen,Korean Brand D,4,"The taste is fine, but it feels expensive compared with local alternatives.",price_sensitivity,positive,3,Price sensitivity,"size, price, product good, portion, quite high, quite, price feels, high"
R00353,P0050,Malaysia,Korean ramen,Korean Brand D,4,I like the rich seasoning and it feels close to real Korean-style food.,taste_authenticity_positive,positive,2,Taste authenticity,"real korean, style food, style, rich seasoning, rich, seasoning feels, real, seasoning"
R00354,P0050,Malaysia,Korean ramen,Korean Brand D,3,"It tastes good, but one pack is not enough for a full meal.",portion_size,neutral,5,General product experience,"tastes good, tastes, good, saves time, saves, time, time tastes, like saves"
R00355,P0051,Malaysia,Korean ramen,Local Brand C,3,"The product is good, but the price feels quite high for the portion size.",price_sensitivity,neutral,3,Price sensitivity,"size, price, product good, portion, quite high, quite, price feels, high"
R00356,P0051,Malaysia,Korean ramen,Local Brand C,5,Easy to prepare and good for busy weekdays.,convenience_positive,positive,5,General product experience,"tastes good, tastes, good, saves time, saves, time, time tastes, like saves"
R00357,P0051,Malaysia,Korean ramen,Local Brand C,5,I like the rich seasoning and it feels close to real Korean-style food.,taste_authenticity_positive,positive,2,Taste authenticity,"real korean, style food, style, rich seasoning, rich, seasoning feels, real, seasoning"
R00358,P0051,Malaysia,Korean ramen,Local Brand C,3,"The product looks good, but I could not find clear halal information.",halal_concern,neutral,4,Halal trust and certification,"clear halal, clear, halal, looks, halal information, looks good, good clear, product looks"
R00359,P0051,Malaysia,Korean ramen,Local Brand C,5,The flavor tastes authentic and reminds me of Korean restaurant food.,taste_authenticity_positive,positive,0,Taste authenticity,"reminds, restaurant food, tastes authentic, restaurant, reminds korean, authentic reminds, korean restaurant, flavor tastes"
R00360,P0052,Malaysia,Korean ramen,Korean Brand Y,3,Clear halal labeling would make me more confident to purchase.,halal_concern,neutral,4,Halal trust and certification,"clear halal, clear, halal, looks, halal information, looks good, good clear, product looks"
R00361,P0052,Malaysia,Korean ramen,Korean Brand Y,3,Clear halal labeling would make me more confident to purchase.,halal_concern,neutral,4,Halal trust and certification,"clear halal, clear, halal, looks, halal information, looks good, good clear, product looks"
R00362,P0052,Malaysia,Korean ramen,Korean Brand Y,5,Very convenient for a quick meal after work.,convenience_positive,positive,1,Convenience and quick meal,"quick, works, works quick, satisfying, taste satisfying, satisfying works, quick korean, korean meal"
R00363,P0052,Malaysia,Korean ramen,Korean Brand Y,4,Clear halal labeling would make me more confident to purchase.,halal_concern,positive,4,Halal trust and certification,"clear halal, clear, halal, looks, halal information, looks good, good clear, product looks"
R00364,P0052,Malaysia,Korean ramen,Korean Brand Y,4,"The product tastes nice, but the heat level may be difficult for beginners.",too_spicy,positive,6,Spiciness and taste localization,"level, wish, wish milder, spice, spice level, milder version, version spice, milder"
R00365,P0052,Malaysia,Korean ramen,Korean Brand Y,3,"The flavor is good, but it is too spicy for my family.",too_spicy,neutral,5,General product experience,"tastes good, tastes, good, saves time, saves, time, time tastes, like saves"
R00366,P0052,Malaysia,Korean ramen,Korean Brand Y,4,"The product tastes nice, but the heat level may be difficult for beginners.",too_spicy,positive,6,Spiciness and taste localization,"level, wish, wish milder, spice, spice level, milder version, version spice, milder"
R00367,P0052,Malaysia,Korean ramen,Korean Brand Y,3,"The product looks good, but I could not find clear halal information.",halal_concern,neutral,4,Halal trust and certification,"clear halal, clear, halal, looks, halal information, looks good, good clear, product looks"
R00368,P0052,Malaysia,Korean ramen,Korean Brand Y,3,I would buy this more often if the halal certification was clearly shown.,halal_concern,neutral,7,Halal trust and certification,"buy, like buy, discount, buy discount, like, certification, halal certification, clearly shown"
R00369,P0052,Malaysia,Korean ramen,Korean Brand Y,5,Very convenient for a quick meal after work.,convenience_positive,positive,1,Convenience and quick meal,"quick, works, works quick, satisfying, taste satisfying, satisfying works, quick korean, korean meal"
R00370,P0053,Malaysia,Korean ramen,Japanese Brand D,3,"I like it, but I would only buy again if there is a discount.",price_sensitivity,neutral,7,Halal trust and certification,"buy, like buy, discount, buy discount, like, certification, halal certification, clearly shown"
R00371,P0053,Malaysia,Korean ramen,Japanese Brand D,4,"I like it, but I would only buy again if there is a discount.",price_sensitivity,positive,7,Halal trust and certification,"buy, like buy, discount, buy discount, like, certification, halal certification, clearly shown"
R00372,P0053,Malaysia,Korean ramen,Japanese Brand D,5,I like the rich seasoning and it feels close to real Korean-style food.,taste_authenticity_positive,positive,2,Taste authenticity,"real korean, style food, style, rich seasoning, rich, seasoning feels, real, seasoning"
R00373,P0053,Malaysia,Korean ramen,Japanese Brand D,5,I like the rich seasoning and it feels close to real Korean-style food.,taste_authenticity_positive,positive,2,Taste authenticity,"real korean, style food, style, rich seasoning, rich, seasoning feels, real, seasoning"
R00374,P0053,Malaysia,Korean ramen,Japanese Brand D,4,The packaging could be improved because it was slightly damaged when delivered.,packaging_issue,positive,3,Price sensitivity,"size, price, product good, portion, quite high, quite, price feels, high"
R00375,P0053,Malaysia,Korean ramen,Japanese Brand D,5,The flavor tastes authentic and reminds me of Korean restaurant food.,taste_authenticity_positive,positive,0,Taste authenticity,"reminds, restaurant food, tastes authentic, restaurant, reminds korean, authentic reminds, korean restaurant, flavor tastes"
R00376,P0054,Malaysia,Korean ramen,Korean Brand E,3,I would buy this more often if the halal certification was clearly shown.,halal_concern,neutral,7,Halal trust and certification,"buy, like buy, discount, buy discount, like, certification, halal certification, clearly shown"
R00377,P0054,Malaysia,Korean ramen,Korean Brand E,2,I would prefer a healthier version with cleaner ingredients.,health_concern,negative,6,Spiciness and taste localization,"level, wish, wish milder, spice, spice level, milder version, version spice, milder"
R00378,P0054,Malaysia,Korean ramen,Korean Brand E,3,"It tastes good, but one pack is not enough for a full meal.",portion_size,neutral,5,General product experience,"tastes good, tastes, good, saves time, saves, time, time tastes, like saves"
R00379,P0054,Malaysia,Korean ramen,Korean Brand E,4,Easy to prepare and good for busy weekdays.,convenience_positive,positive,5,General product experience,"tastes good, tastes, good, saves time, saves, time, time tastes, like saves"
R00380,P0054,Malaysia,Korean ramen,Korean Brand E,3,"The product looks good, but I could not find clear halal information.",halal_concern,neutral,4,Halal trust and certification,"clear halal, clear, halal, looks, halal information, looks good, good clear, product looks"
R00381,P0054,Malaysia,Korean ramen,Korean Brand E,2,"I like it, but I would only buy again if there is a discount.",price_sensitivity,negative,7,Halal trust and certification,"buy, like buy, discount, buy discount, like, certification, halal certification, clearly shown"
R00382,P0054,Malaysia,Korean ramen,Korean Brand E,4,Very convenient for a quick meal after work.,convenience_positive,positive,1,Convenience and quick meal,"quick, works, works quick, satisfying, taste satisfying, satisfying works, quick korean, korean meal"
R00383,P0054,Malaysia,Korean ramen,Korean Brand E,3,I wish there was a milder version because the spice level is too strong.,too_spicy,neutral,6,Spiciness and taste localization,"level, wish, wish milder, spice, spice level, milder version, version spice, milder"
R00384,P0055,Malaysia,Korean ramen,Local Brand X,4,"The product is good, but the packaging does not feel very strong.",packaging_issue,positive,3,Price sensitivity,"size, price, product good, portion, quite high, quite, price feels, high"
R00385,P0055,Malaysia,Korean ramen,Local Brand X,3,"The flavor is good, but it is too spicy for my family.",too_spicy,neutral,5,General product experience,"tastes good, tastes, good, saves time, saves, time, time tastes, like saves"
R00386,P0055,Malaysia,Korean ramen,Local Brand X,4,The serving size could be larger for the price.,portion_size,positive,3,Price sensitivity,"size, price, product good, portion, quite high, quite, price feels, high"
R00387,P0055,Malaysia,Korean ramen,Local Brand X,4,I like that it saves time and still tastes good.,convenience_positive,positive,5,General product experience,"tastes good, tastes, good, saves time, saves, time, time tastes, like saves"
R00388,P0055,Malaysia,Korean ramen,Local Brand X,2,"The product is good, but the packaging does not feel very strong.",packaging_issue,negative,3,Price sensitivity,"size, price, product good, portion, quite high, quite, price feels, high"
R00389,P0055,Malaysia,Korean ramen,Local Brand X,3,The serving size could be larger for the price.,portion_size,neutral,3,Price sensitivity,"size, price, product good, portion, quite high, quite, price feels, high"
R00390,P0055,Malaysia,Korean ramen,Local Brand X,3,"The product tastes nice, but the heat level may be difficult for beginners.",too_spicy,neutral,6,Spiciness and taste localization,"level, wish, wish milder, spice, spice level, milder version, version spice, milder"
R00391,P0055,Malaysia,Korean ramen,Local Brand X,3,The packaging could be improved because it was slightly damaged when delivered.,packaging_issue,neutral,3,Price sensitivity,"size, price, product good, portion, quite high, quite, price feels, high"
R00392,P0055,Malaysia,Korean ramen,Local Brand X,3,"The product looks good, but I could not find clear halal information.",halal_concern,neutral,4,Halal trust and certification,"clear halal, clear, halal, looks, halal information, looks good, good clear, product looks"
R00393,P0056,Malaysia,Korean ramen,Korean Brand C,3,"The flavor is good, but it is too spicy for my family.",too_spicy,neutral,5,General product experience,"tastes good, tastes, good, saves time, saves, time, time tastes, like saves"
R00394,P0056,Malaysia,Korean ramen,Korean Brand C,4,The flavor tastes authentic and reminds me of Korean restaurant food.,taste_authenticity_positive,positive,0,Taste authenticity,"reminds, restaurant food, tastes authentic, restaurant, reminds korean, authentic reminds, korean restaurant, flavor tastes"
R00395,P0056,Malaysia,Korean ramen,Korean Brand C,2,"The product is good, but the packaging does not feel very strong.",packaging_issue,negative,3,Price sensitivity,"size, price, product good, portion, quite high, quite, price feels, high"
R00396,P0056,Malaysia,Korean ramen,Korean Brand C,3,"The flavor is good, but it is too spicy for my family.",too_spicy,neutral,5,General product experience,"tastes good, tastes, good, saves time, saves, time, time tastes, like saves"
R00397,P0056,Malaysia,Korean ramen,Korean Brand C,4,I would prefer a healthier version with cleaner ingredients.,health_concern,positive,6,Spiciness and taste localization,"level, wish, wish milder, spice, spice level, milder version, version spice, milder"
R00398,P0056,Malaysia,Korean ramen,Korean Brand C,2,"The product looks good, but I could not find clear halal information.",halal_concern,negative,4,Halal trust and certification,"clear halal, clear, halal, looks, halal information, looks good, good clear, product looks"
R00399,P0056,Malaysia,Korean ramen,Korean Brand C,4,Clear halal labeling would make me more confident to purchase.,halal_concern,positive,4,Halal trust and certification,"clear halal, clear, halal, looks, halal information, looks good, good clear, product looks"
R00400,P0056,Malaysia,Korean ramen,Korean Brand C,4,"The product is good, but the packaging does not feel very strong.",packaging_issue,positive,3,Price sensitivity,"size, price, product good, portion, quite high, quite, price feels, high"
R00401,P0056,Malaysia,Korean ramen,Korean Brand C,4,I wish there was a milder version because the spice level is too strong.,too_spicy,positive,6,Spiciness and taste localization,"level, wish, wish milder, spice, spice level, milder version, version spice, milder"
R00402,P0057,Malaysia,Kimchi,Korean Brand W,2,I would prefer a healthier version with cleaner ingredients.,health_concern,negative,6,Spiciness and taste localization,"level, wish, wish milder, spice, spice level, milder version, version spice, milder"
R00403,P0057,Malaysia,Kimchi,Korean Brand W,2,"It tastes good, but one pack is not enough for a full meal.",portion_size,negative,5,General product experience,"tastes good, tastes, good, saves time, saves, time, time tastes, like saves"
R00404,P0057,Malaysia,Kimchi,Korean Brand W,2,I would prefer a healthier version with cleaner ingredients.,health_concern,negative,6,Spiciness and taste localization,"level, wish, wish milder, spice, spice level, milder version, version spice, milder"
R00405,P0057,Malaysia,Kimchi,Korean Brand W,3,"The taste is fine, but it feels expensive compared with local alternatives.",price_sensitivity,neutral,3,Price sensitivity,"size, price, product good, portion, quite high, quite, price feels, high"
R00406,P0058,Malaysia,Kimchi,Japanese Brand T,2,The label information could be clearer and easier to read.,packaging_issue,negative,4,Halal trust and certification,"clear halal, clear, halal, looks, halal information, looks good, good clear, product looks"
R00407,P0058,Malaysia,Kimchi,Japanese Brand T,2,The portion is smaller than expected.,portion_size,negative,3,Price sensitivity,"size, price, product good, portion, quite high, quite, price feels, high"
R00408,P0058,Malaysia,Kimchi,Japanese Brand T,3,"The product is good, but the packaging does not feel very strong.",packaging_issue,neutral,3,Price sensitivity,"size, price, product good, portion, quite high, quite, price feels, high"
R00409,P0058,Malaysia,Kimchi,Japanese Brand T,3,"The product looks good, but I could not find clear halal information.",halal_concern,neutral,4,Halal trust and certification,"clear halal, clear, halal, looks, halal information, looks good, good clear, product looks"
R00410,P0058,Malaysia,Kimchi,Japanese Brand T,3,The serving size could be larger for the price.,portion_size,neutral,3,Price sensitivity,"size, price, product good, portion, quite high, quite, price feels, high"
R00411,P0059,Malaysia,Kimchi,Korean Brand T,2,The label information could be clearer and easier to read.,packaging_issue,negative,4,Halal trust and certification,"clear halal, clear, halal, looks, halal information, looks good, good clear, product looks"
R00412,P0059,Malaysia,Kimchi,Korean Brand T,5,The flavor tastes authentic and reminds me of Korean restaurant food.,taste_authenticity_positive,positive,0,Taste authenticity,"reminds, restaurant food, tastes authentic, restaurant, reminds korean, authentic reminds, korean restaurant, flavor tastes"
R00413,P0059,Malaysia,Kimchi,Korean Brand T,2,I wish there was a milder version because the spice level is too strong.,too_spicy,negative,6,Spiciness and taste localization,"level, wish, wish milder, spice, spice level, milder version, version spice, milder"
R00414,P0059,Malaysia,Kimchi,Korean Brand T,3,"The product is good, but the packaging does not feel very strong.",packaging_issue,neutral,3,Price sensitivity,"size, price, product good, portion, quite high, quite, price feels, high"
R00415,P0059,Malaysia,Kimchi,Korean Brand T,3,The packaging could be improved because it was slightly damaged when delivered.,packaging_issue,neutral,3,Price sensitivity,"size, price, product good, portion, quite high, quite, price feels, high"
R00416,P0060,Malaysia,Kimchi,Local Brand B,3,"The product looks good, but I could not find clear halal information.",halal_concern,neutral,4,Halal trust and certification,"clear halal, clear, halal, looks, halal information, looks good, good clear, product looks"
R00417,P0060,Malaysia,Kimchi,Local Brand B,3,"It tastes good, but one pack is not enough for a full meal.",portion_size,neutral,5,General product experience,"tastes good, tastes, good, saves time, saves, time, time tastes, like saves"
R00418,P0060,Malaysia,Kimchi,Local Brand B,3,"The product looks good, but I could not find clear halal information.",halal_concern,neutral,4,Halal trust and certification,"clear halal, clear, halal, looks, halal information, looks good, good clear, product looks"
R00419,P0060,Malaysia,Kimchi,Local Brand B,2,The serving size could be larger for the price.,portion_size,negative,3,Price sensitivity,"size, price, product good, portion, quite high, quite, price feels, high"
R00420,P0060,Malaysia,Kimchi,Local Brand B,4,The taste is very satisfying and works well for a quick Korean meal at home.,taste_authenticity_positive,positive,1,Convenience and quick meal,"quick, works, works quick, satisfying, taste satisfying, satisfying works, quick korean, korean meal"
R00421,P0061,Malaysia,Kimchi,Private Label M,4,The taste is very satisfying and works well for a quick Korean meal at home.,taste_authenticity_positive,positive,1,Convenience and quick meal,"quick, works, works quick, satisfying, taste satisfying, satisfying works, quick korean, korean meal"
R00422,P0061,Malaysia,Kimchi,Private Label M,3,I would prefer a healthier version with cleaner ingredients.,health_concern,neutral,6,Spiciness and taste localization,"level, wish, wish milder, spice, spice level, milder version, version spice, milder"
R00423,P0061,Malaysia,Kimchi,Private Label M,2,"Good flavor, but it feels a bit heavy for frequent consumption.",health_concern,negative,3,Price sensitivity,"size, price, product good, portion, quite high, quite, price feels, high"
R00424,P0061,Malaysia,Kimchi,Private Label M,3,The packaging could be improved because it was slightly damaged when delivered.,packaging_issue,neutral,3,Price sensitivity,"size, price, product good, portion, quite high, quite, price feels, high"
R00425,P0061,Malaysia,Kimchi,Private Label M,3,"The product looks good, but I could not find clear halal information.",halal_concern,neutral,4,Halal trust and certification,"clear halal, clear, halal, looks, halal information, looks good, good clear, product looks"
R00426,P0061,Malaysia,Kimchi,Private Label M,5,I like the rich seasoning and it feels close to real Korean-style food.,taste_authenticity_positive,positive,2,Taste authenticity,"real korean, style food, style, rich seasoning, rich, seasoning feels, real, seasoning"
R00427,P0062,Malaysia,Kimchi,Japanese Brand P,4,"It tastes good, but one pack is not enough for a full meal.",portion_size,positive,5,General product experience,"tastes good, tastes, good, saves time, saves, time, time tastes, like saves"
R00428,P0062,Malaysia,Kimchi,Japanese Brand P,5,I like the rich seasoning and it feels close to real Korean-style food.,taste_authenticity_positive,positive,2,Taste authenticity,"real korean, style food, style, rich seasoning, rich, seasoning feels, real, seasoning"
R00429,P0062,Malaysia,Kimchi,Japanese Brand P,3,"The product is good, but the packaging does not feel very strong.",packaging_issue,neutral,3,Price sensitivity,"size, price, product good, portion, quite high, quite, price feels, high"
R00430,P0062,Malaysia,Kimchi,Japanese Brand P,5,The flavor tastes authentic and reminds me of Korean restaurant food.,taste_authenticity_positive,positive,0,Taste authenticity,"reminds, restaurant food, tastes authentic, restaurant, reminds korean, authentic reminds, korean restaurant, flavor tastes"
R00431,P0063,Malaysia,Kimchi,Private Label P,5,The taste is very satisfying and works well for a quick Korean meal at home.,taste_authenticity_positive,positive,1,Convenience and quick meal,"quick, works, works quick, satisfying, taste satisfying, satisfying works, quick korean, korean meal"
R00432,P0063,Malaysia,Kimchi,Private Label P,5,The flavor tastes authentic and reminds me of Korean restaurant food.,taste_authenticity_positive,positive,0,Taste authenticity,"reminds, restaurant food, tastes authentic, restaurant, reminds korean, authentic reminds, korean restaurant, flavor tastes"
R00433,P0063,Malaysia,Kimchi,Private Label P,3,"Good flavor, but it feels a bit heavy for frequent consumption.",health_concern,neutral,3,Price sensitivity,"size, price, product good, portion, quite high, quite, price feels, high"
R00434,P0063,Malaysia,Kimchi,Private Label P,3,"The product tastes nice, but the heat level may be difficult for beginners.",too_spicy,neutral,6,Spiciness and taste localization,"level, wish, wish milder, spice, spice level, milder version, version spice, milder"
R00435,P0063,Malaysia,Kimchi,Private Label P,2,I would buy this more often if the halal certification was clearly shown.,halal_concern,negative,7,Halal trust and certification,"buy, like buy, discount, buy discount, like, certification, halal certification, clearly shown"
R00436,P0064,Malaysia,Kimchi,Japanese Brand X,3,The label information could be clearer and easier to read.,packaging_issue,neutral,4,Halal trust and certification,"clear halal, clear, halal, looks, halal information, looks good, good clear, product looks"
R00437,P0064,Malaysia,Kimchi,Japanese Brand X,3,"The product tastes nice, but the heat level may be difficult for beginners.",too_spicy,neutral,6,Spiciness and taste localization,"level, wish, wish milder, spice, spice level, milder version, version spice, milder"
R00438,P0064,Malaysia,Kimchi,Japanese Brand X,4,The flavor tastes authentic and reminds me of Korean restaurant food.,taste_authenticity_positive,positive,0,Taste authenticity,"reminds, restaurant food, tastes authentic, restaurant, reminds korean, authentic reminds, korean restaurant, flavor tastes"
R00439,P0064,Malaysia,Kimchi,Japanese Brand X,3,"Good flavor, but it feels a bit heavy for frequent consumption.",health_concern,neutral,3,Price sensitivity,"size, price, product good, portion, quite high, quite, price feels, high"
R00440,P0064,Malaysia,Kimchi,Japanese Brand X,4,I like the rich seasoning and it feels close to real Korean-style food.,taste_authenticity_positive,positive,2,Taste authenticity,"real korean, style food, style, rich seasoning, rich, seasoning feels, real, seasoning"
R00441,P0064,Malaysia,Kimchi,Japanese Brand X,4,The taste is very satisfying and works well for a quick Korean meal at home.,taste_authenticity_positive,positive,1,Convenience and quick meal,"quick, works, works quick, satisfying, taste satisfying, satisfying works, quick korean, korean meal"
R00442,P0064,Malaysia,Kimchi,Japanese Brand X,2,"The flavor is good, but it is too spicy for my family.",too_spicy,negative,5,General product experience,"tastes good, tastes, good, saves time, saves, time, time tastes, like saves"
R00443,P0065,Malaysia,Gochujang sauce,Korean Brand B,2,"I like it, but I would only buy again if there is a discount.",price_sensitivity,negative,7,Halal trust and certification,"buy, like buy, discount, buy discount, like, certification, halal certification, clearly shown"
R00444,P0065,Malaysia,Gochujang sauce,Korean Brand B,3,"The product is good, but the packaging does not feel very strong.",packaging_issue,neutral,3,Price sensitivity,"size, price, product good, portion, quite high, quite, price feels, high"
R00445,P0065,Malaysia,Gochujang sauce,Korean Brand B,3,"The product tastes nice, but the heat level may be difficult for beginners.",too_spicy,neutral,6,Spiciness and taste localization,"level, wish, wish milder, spice, spice level, milder version, version spice, milder"
R00446,P0065,Malaysia,Gochujang sauce,Korean Brand B,5,Very convenient for a quick meal after work.,convenience_positive,positive,1,Convenience and quick meal,"quick, works, works quick, satisfying, taste satisfying, satisfying works, quick korean, korean meal"
R00447,P0065,Malaysia,Gochujang sauce,Korean Brand B,3,"It tastes good, but one pack is not enough for a full meal.",portion_size,neutral,5,General product experience,"tastes good, tastes, good, saves time, saves, time, time tastes, like saves"
R00448,P0065,Malaysia,Gochujang sauce,Korean Brand B,3,Clear halal labeling would make me more confident to purchase.,halal_concern,neutral,4,Halal trust and certification,"clear halal, clear, halal, looks, halal information, looks good, good clear, product looks"
R00449,P0065,Malaysia,Gochujang sauce,Korean Brand B,3,"It tastes good, but one pack is not enough for a full meal.",portion_size,neutral,5,General product experience,"tastes good, tastes, good, saves time, saves, time, time tastes, like saves"
R00450,P0065,Malaysia,Gochujang sauce,Korean Brand B,3,"The taste is nice, but I wish it had less sodium.",health_concern,neutral,6,Spiciness and taste localization,"level, wish, wish milder, spice, spice level, milder version, version spice, milder"
R00451,P0066,Malaysia,Gochujang sauce,Korean Brand K,4,"The product tastes nice, but the heat level may be difficult for beginners.",too_spicy,positive,6,Spiciness and taste localization,"level, wish, wish milder, spice, spice level, milder version, version spice, milder"
R00452,P0066,Malaysia,Gochujang sauce,Korean Brand K,3,"The product is good, but the packaging does not feel very strong.",packaging_issue,neutral,3,Price sensitivity,"size, price, product good, portion, quite high, quite, price feels, high"
R00453,P0066,Malaysia,Gochujang sauce,Korean Brand K,3,"The flavor is good, but it is too spicy for my family.",too_spicy,neutral,5,General product experience,"tastes good, tastes, good, saves time, saves, time, time tastes, like saves"
R00454,P0066,Malaysia,Gochujang sauce,Korean Brand K,3,I would prefer a healthier version with cleaner ingredients.,health_concern,neutral,6,Spiciness and taste localization,"level, wish, wish milder, spice, spice level, milder version, version spice, milder"
R00455,P0066,Malaysia,Gochujang sauce,Korean Brand K,3,Clear halal labeling would make me more confident to purchase.,halal_concern,neutral,4,Halal trust and certification,"clear halal, clear, halal, looks, halal information, looks good, good clear, product looks"
R00456,P0066,Malaysia,Gochujang sauce,Korean Brand K,2,The packaging could be improved because it was slightly damaged when delivered.,packaging_issue,negative,3,Price sensitivity,"size, price, product good, portion, quite high, quite, price feels, high"
R00457,P0066,Malaysia,Gochujang sauce,Korean Brand K,3,Clear halal labeling would make me more confident to purchase.,halal_concern,neutral,4,Halal trust and certification,"clear halal, clear, halal, looks, halal information, looks good, good clear, product looks"
R00458,P0066,Malaysia,Gochujang sauce,Korean Brand K,3,"I like it, but I would only buy again if there is a discount.",price_sensitivity,neutral,7,Halal trust and certification,"buy, like buy, discount, buy discount, like, certification, halal certification, clearly shown"
R00459,P0066,Malaysia,Gochujang sauce,Korean Brand K,2,I would prefer a healthier version with cleaner ingredients.,health_concern,negative,6,Spiciness and taste localization,"level, wish, wish milder, spice, spice level, milder version, version spice, milder"
R00460,P0067,Malaysia,Gochujang sauce,Korean Brand J,4,The portion is smaller than expected.,portion_size,positive,3,Price sensitivity,"size, price, product good, portion, quite high, quite, price feels, high"
R00461,P0067,Malaysia,Gochujang sauce,Korean Brand J,2,"The product is good, but the packaging does not feel very strong.",packaging_issue,negative,3,Price sensitivity,"size, price, product good, portion, quite high, quite, price feels, high"
R00462,P0067,Malaysia,Gochujang sauce,Korean Brand J,3,The label information could be clearer and easier to read.,packaging_issue,neutral,4,Halal trust and certification,"clear halal, clear, halal, looks, halal information, looks good, good clear, product looks"
R00463,P0067,Malaysia,Gochujang sauce,Korean Brand J,2,"I like it, but I would only buy again if there is a discount.",price_sensitivity,negative,7,Halal trust and certification,"buy, like buy, discount, buy discount, like, certification, halal certification, clearly shown"
R00464,P0067,Malaysia,Gochujang sauce,Korean Brand J,3,"The product tastes nice, but the heat level may be difficult for beginners.",too_spicy,neutral,6,Spiciness and taste localization,"level, wish, wish milder, spice, spice level, milder version, version spice, milder"
R00465,P0068,Malaysia,Gochujang sauce,Korean Brand T,3,"I like it, but I would only buy again if there is a discount.",price_sensitivity,neutral,7,Halal trust and certification,"buy, like buy, discount, buy discount, like, certification, halal certification, clearly shown"
R00466,P0068,Malaysia,Gochujang sauce,Korean Brand T,2,"The product tastes nice, but the heat level may be difficult for beginners.",too_spicy,negative,6,Spiciness and taste localization,"level, wish, wish milder, spice, spice level, milder version, version spice, milder"
R00467,P0068,Malaysia,Gochujang sauce,Korean Brand T,4,The taste is very satisfying and works well for a quick Korean meal at home.,taste_authenticity_positive,positive,1,Convenience and quick meal,"quick, works, works quick, satisfying, taste satisfying, satisfying works, quick korean, korean meal"
R00468,P0068,Malaysia,Gochujang sauce,Korean Brand T,5,The taste is very satisfying and works well for a quick Korean meal at home.,taste_authenticity_positive,positive,1,Convenience and quick meal,"quick, works, works quick, satisfying, taste satisfying, satisfying works, quick korean, korean meal"
R00469,P0068,Malaysia,Gochujang sauce,Korean Brand T,5,Easy to prepare and good for busy weekdays.,convenience_positive,positive,5,General product experience,"tastes good, tastes, good, saves time, saves, time, time tastes, like saves"
R00470,P0068,Malaysia,Gochujang sauce,Korean Brand T,2,Clear halal labeling would make me more confident to purchase.,halal_concern,negative,4,Halal trust and certification,"clear halal, clear, halal, looks, halal information, looks good, good clear, product looks"
R00471,P0069,Malaysia,Gochujang sauce,Korean Brand U,5,The flavor tastes authentic and reminds me of Korean restaurant food.,taste_authenticity_positive,positive,0,Taste authenticity,"reminds, restaurant food, tastes authentic, restaurant, reminds korean, authentic reminds, korean restaurant, flavor tastes"
R00472,P0069,Malaysia,Gochujang sauce,Korean Brand U,3,"I like it, but I would only buy again if there is a discount.",price_sensitivity,neutral,7,Halal trust and certification,"buy, like buy, discount, buy discount, like, certification, halal certification, clearly shown"
R00473,P0069,Malaysia,Gochujang sauce,Korean Brand U,3,"The product tastes nice, but the heat level may be difficult for beginners.",too_spicy,neutral,6,Spiciness and taste localization,"level, wish, wish milder, spice, spice level, milder version, version spice, milder"
R00474,P0069,Malaysia,Gochujang sauce,Korean Brand U,5,The taste is very satisfying and works well for a quick Korean meal at home.,taste_authenticity_positive,positive,1,Convenience and quick meal,"quick, works, works quick, satisfying, taste satisfying, satisfying works, quick korean, korean meal"
R00475,P0069,Malaysia,Gochujang sauce,Korean Brand U,4,I like that it saves time and still tastes good.,convenience_positive,positive,5,General product experience,"tastes good, tastes, good, saves time, saves, time, time tastes, like saves"
R00476,P0069,Malaysia,Gochujang sauce,Korean Brand U,4,Clear halal labeling would make me more confident to purchase.,halal_concern,positive,4,Halal trust and certification,"clear halal, clear, halal, looks, halal information, looks good, good clear, product looks"
R00477,P0069,Malaysia,Gochujang sauce,Korean Brand U,3,The packaging could be improved because it was slightly damaged when delivered.,packaging_issue,neutral,3,Price sensitivity,"size, price, product good, portion, quite high, quite, price feels, high"
R00478,P0069,Malaysia,Gochujang sauce,Korean Brand U,2,"The flavor is good, but it is too spicy for my family.",too_spicy,negative,5,General product experience,"tastes good, tastes, good, saves time, saves, time, time tastes, like saves"
R00479,P0070,Malaysia,Gochujang sauce,Korean Brand L,5,The flavor tastes authentic and reminds me of Korean restaurant food.,taste_authenticity_positive,positive,0,Taste authenticity,"reminds, restaurant food, tastes authentic, restaurant, reminds korean, authentic reminds, korean restaurant, flavor tastes"
R00480,P0070,Malaysia,Gochujang sauce,Korean Brand L,3,The label information could be clearer and easier to read.,packaging_issue,neutral,4,Halal trust and certification,"clear halal, clear, halal, looks, halal information, looks good, good clear, product looks"
R00481,P0070,Malaysia,Gochujang sauce,Korean Brand L,5,The taste is very satisfying and works well for a quick Korean meal at home.,taste_authenticity_positive,positive,1,Convenience and quick meal,"quick, works, works quick, satisfying, taste satisfying, satisfying works, quick korean, korean meal"
R00482,P0070,Malaysia,Gochujang sauce,Korean Brand L,4,"The product looks good, but I could not find clear halal information.",halal_concern,positive,4,Halal trust and certification,"clear halal, clear, halal, looks, halal information, looks good, good clear, product looks"
R00483,P0071,Malaysia,Gochujang sauce,Korean Brand B,3,"The product is good, but the price feels quite high for the portion size.",price_sensitivity,neutral,3,Price sensitivity,"size, price, product good, portion, quite high, quite, price feels, high"
R00484,P0071,Malaysia,Gochujang sauce,Korean Brand B,4,The taste is very satisfying and works well for a quick Korean meal at home.,taste_authenticity_positive,positive,1,Convenience and quick meal,"quick, works, works quick, satisfying, taste satisfying, satisfying works, quick korean, korean meal"
R00485,P0071,Malaysia,Gochujang sauce,Korean Brand B,3,"The taste is fine, but it feels expensive compared with local alternatives.",price_sensitivity,neutral,3,Price sensitivity,"size, price, product good, portion, quite high, quite, price feels, high"
R00486,P0071,Malaysia,Gochujang sauce,Korean Brand B,3,I would buy this more often if the halal certification was clearly shown.,halal_concern,neutral,7,Halal trust and certification,"buy, like buy, discount, buy discount, like, certification, halal certification, clearly shown"
R00487,P0071,Malaysia,Gochujang sauce,Korean Brand B,3,The serving size could be larger for the price.,portion_size,neutral,3,Price sensitivity,"size, price, product good, portion, quite high, quite, price feels, high"
R00488,P0071,Malaysia,Gochujang sauce,Korean Brand B,4,Clear halal labeling would make me more confident to purchase.,halal_concern,positive,4,Halal trust and certification,"clear halal, clear, halal, looks, halal information, looks good, good clear, product looks"
R00489,P0071,Malaysia,Gochujang sauce,Korean Brand B,4,The serving size could be larger for the price.,portion_size,positive,3,Price sensitivity,"size, price, product good, portion, quite high, quite, price feels, high"
R00490,P0071,Malaysia,Gochujang sauce,Korean Brand B,3,"The product tastes nice, but the heat level may be difficult for beginners.",too_spicy,neutral,6,Spiciness and taste localization,"level, wish, wish milder, spice, spice level, milder version, version spice, milder"
R00491,P0071,Malaysia,Gochujang sauce,Korean Brand B,3,I wish there was a milder version because the spice level is too strong.,too_spicy,neutral,6,Spiciness and taste localization,"level, wish, wish milder, spice, spice level, milder version, version spice, milder"
R00492,P0071,Malaysia,Gochujang sauce,Korean Brand B,4,"The product looks good, but I could not find clear halal information.",halal_concern,positive,4,Halal trust and certification,"clear halal, clear, halal, looks, halal information, looks good, good clear, product looks"
R00493,P0072,Malaysia,Gochujang sauce,Korean Brand X,2,I wish there was a milder version because the spice level is too strong.,too_spicy,negative,6,Spiciness and taste localization,"level, wish, wish milder, spice, spice level, milder version, version spice, milder"
R00494,P0072,Malaysia,Gochujang sauce,Korean Brand X,3,"The flavor is good, but it is too spicy for my family.",too_spicy,neutral,5,General product experience,"tastes good, tastes, good, saves time, saves, time, time tastes, like saves"
R00495,P0072,Malaysia,Gochujang sauce,Korean Brand X,2,The packaging could be improved because it was slightly damaged when delivered.,packaging_issue,negative,3,Price sensitivity,"size, price, product good, portion, quite high, quite, price feels, high"
R00496,P0072,Malaysia,Gochujang sauce,Korean Brand X,5,The flavor tastes authentic and reminds me of Korean restaurant food.,taste_authenticity_positive,positive,0,Taste authenticity,"reminds, restaurant food, tastes authentic, restaurant, reminds korean, authentic reminds, korean restaurant, flavor tastes"
R00497,P0072,Malaysia,Gochujang sauce,Korean Brand X,2,I wish there was a milder version because the spice level is too strong.,too_spicy,negative,6,Spiciness and taste localization,"level, wish, wish milder, spice, spice level, milder version, version spice, milder"
R00498,P0073,Malaysia,Frozen mandu,Korean Brand L,4,The packaging could be improved because it was slightly damaged when delivered.,packaging_issue,positive,3,Price sensitivity,"size, price, product good, portion, quite high, quite, price feels, high"
R00499,P0073,Malaysia,Frozen mandu,Korean Brand L,4,The serving size could be larger for the price.,portion_size,positive,3,Price sensitivity,"size, price, product good, portion, quite high, quite, price feels, high"
R00500,P0073,Malaysia,Frozen mandu,Korean Brand L,3,Clear halal labeling would make me more confident to purchase.,halal_concern,neutral,4,Halal trust and certification,"clear halal, clear, halal, looks, halal information, looks good, good clear, product looks"
R00501,P0073,Malaysia,Frozen mandu,Korean Brand L,4,The serving size could be larger for the price.,portion_size,positive,3,Price sensitivity,"size, price, product good, portion, quite high, quite, price feels, high"
R00502,P0073,Malaysia,Frozen mandu,Korean Brand L,3,"The product tastes nice, but the heat level may be difficult for beginners.",too_spicy,neutral,6,Spiciness and taste localization,"level, wish, wish milder, spice, spice level, milder version, version spice, milder"
R00503,P0073,Malaysia,Frozen mandu,Korean Brand L,3,The label information could be clearer and easier to read.,packaging_issue,neutral,4,Halal trust and certification,"clear halal, clear, halal, looks, halal information, looks good, good clear, product looks"
R00504,P0073,Malaysia,Frozen mandu,Korean Brand L,5,The taste is very satisfying and works well for a quick Korean meal at home.,taste_authenticity_positive,positive,1,Convenience and quick meal,"quick, works, works quick, satisfying, taste satisfying, satisfying works, quick korean, korean meal"
R00505,P0074,Malaysia,Frozen mandu,Japanese Brand X,4,The serving size could be larger for the price.,portion_size,positive,3,Price sensitivity,"size, price, product good, portion, quite high, quite, price feels, high"
R00506,P0074,Malaysia,Frozen mandu,Japanese Brand X,4,The portion is smaller than expected.,portion_size,positive,3,Price sensitivity,"size, price, product good, portion, quite high, quite, price feels, high"
R00507,P0074,Malaysia,Frozen mandu,Japanese Brand X,2,"It tastes good, but one pack is not enough for a full meal.",portion_size,negative,5,General product experience,"tastes good, tastes, good, saves time, saves, time, time tastes, like saves"
R00508,P0074,Malaysia,Frozen mandu,Japanese Brand X,3,"The product looks good, but I could not find clear halal information.",halal_concern,neutral,4,Halal trust and certification,"clear halal, clear, halal, looks, halal information, looks good, good clear, product looks"
R00509,P0075,Malaysia,Frozen mandu,Korean Brand G,3,"It tastes good, but one pack is not enough for a full meal.",portion_size,neutral,5,General product experience,"tastes good, tastes, good, saves time, saves, time, time tastes, like saves"
R00510,P0075,Malaysia,Frozen mandu,Korean Brand G,5,I like the rich seasoning and it feels close to real Korean-style food.,taste_authenticity_positive,positive,2,Taste authenticity,"real korean, style food, style, rich seasoning, rich, seasoning feels, real, seasoning"
R00511,P0075,Malaysia,Frozen mandu,Korean Brand G,5,The taste is very satisfying and works well for a quick Korean meal at home.,taste_authenticity_positive,positive,1,Convenience and quick meal,"quick, works, works quick, satisfying, taste satisfying, satisfying works, quick korean, korean meal"
R00512,P0075,Malaysia,Frozen mandu,Korean Brand G,3,The label information could be clearer and easier to read.,packaging_issue,neutral,4,Halal trust and certification,"clear halal, clear, halal, looks, halal information, looks good, good clear, product looks"
R00513,P0075,Malaysia,Frozen mandu,Korean Brand G,3,Clear halal labeling would make me more confident to purchase.,halal_concern,neutral,4,Halal trust and certification,"clear halal, clear, halal, looks, halal information, looks good, good clear, product looks"
R00514,P0076,Malaysia,Frozen mandu,Japanese Brand U,3,Clear halal labeling would make me more confident to purchase.,halal_concern,neutral,4,Halal trust and certification,"clear halal, clear, halal, looks, halal information, looks good, good clear, product looks"
R00515,P0076,Malaysia,Frozen mandu,Japanese Brand U,3,I would buy this more often if the halal certification was clearly shown.,halal_concern,neutral,7,Halal trust and certification,"buy, like buy, discount, buy discount, like, certification, halal certification, clearly shown"
R00516,P0076,Malaysia,Frozen mandu,Japanese Brand U,2,"The product looks good, but I could not find clear halal information.",halal_concern,negative,4,Halal trust and certification,"clear halal, clear, halal, looks, halal information, looks good, good clear, product looks"
R00517,P0076,Malaysia,Frozen mandu,Japanese Brand U,4,The flavor tastes authentic and reminds me of Korean restaurant food.,taste_authenticity_positive,positive,0,Taste authenticity,"reminds, restaurant food, tastes authentic, restaurant, reminds korean, authentic reminds, korean restaurant, flavor tastes"
R00518,P0077,Malaysia,Frozen mandu,Local Brand G,2,"It tastes good, but one pack is not enough for a full meal.",portion_size,negative,5,General product experience,"tastes good, tastes, good, saves time, saves, time, time tastes, like saves"
R00519,P0077,Malaysia,Frozen mandu,Local Brand G,4,I would buy this more often if the halal certification was clearly shown.,halal_concern,positive,7,Halal trust and certification,"buy, like buy, discount, buy discount, like, certification, halal certification, clearly shown"
R00520,P0077,Malaysia,Frozen mandu,Local Brand G,2,"It tastes good, but one pack is not enough for a full meal.",portion_size,negative,5,General product experience,"tastes good, tastes, good, saves time, saves, time, time tastes, like saves"
R00521,P0077,Malaysia,Frozen mandu,Local Brand G,4,"I like it, but I would only buy again if there is a discount.",price_sensitivity,positive,7,Halal trust and certification,"buy, like buy, discount, buy discount, like, certification, halal certification, clearly shown"
R00522,P0077,Malaysia,Frozen mandu,Local Brand G,4,Very convenient for a quick meal after work.,convenience_positive,positive,1,Convenience and quick meal,"quick, works, works quick, satisfying, taste satisfying, satisfying works, quick korean, korean meal"
R00523,P0077,Malaysia,Frozen mandu,Local Brand G,5,The flavor tastes authentic and reminds me of Korean restaurant food.,taste_authenticity_positive,positive,0,Taste authenticity,"reminds, restaurant food, tastes authentic, restaurant, reminds korean, authentic reminds, korean restaurant, flavor tastes"
R00524,P0077,Malaysia,Frozen mandu,Local Brand G,3,"The taste is fine, but it feels expensive compared with local alternatives.",price_sensitivity,neutral,3,Price sensitivity,"size, price, product good, portion, quite high, quite, price feels, high"
R00525,P0077,Malaysia,Frozen mandu,Local Brand G,4,Very convenient for a quick meal after work.,convenience_positive,positive,1,Convenience and quick meal,"quick, works, works quick, satisfying, taste satisfying, satisfying works, quick korean, korean meal"
R00526,P0077,Malaysia,Frozen mandu,Local Brand G,2,"The product looks good, but I could not find clear halal information.",halal_concern,negative,4,Halal trust and certification,"clear halal, clear, halal, looks, halal information, looks good, good clear, product looks"
R00527,P0077,Malaysia,Frozen mandu,Local Brand G,4,"I like it, but I would only buy again if there is a discount.",price_sensitivity,positive,7,Halal trust and certification,"buy, like buy, discount, buy discount, like, certification, halal certification, clearly shown"
R00528,P0078,Malaysia,Frozen mandu,Local Brand S,4,I wish there was a milder version because the spice level is too strong.,too_spicy,positive,6,Spiciness and taste localization,"level, wish, wish milder, spice, spice level, milder version, version spice, milder"
R00529,P0078,Malaysia,Frozen mandu,Local Brand S,5,I like the rich seasoning and it feels close to real Korean-style food.,taste_authenticity_positive,positive,2,Taste authenticity,"real korean, style food, style, rich seasoning, rich, seasoning feels, real, seasoning"
R00530,P0078,Malaysia,Frozen mandu,Local Brand S,5,The flavor tastes authentic and reminds me of Korean restaurant food.,taste_authenticity_positive,positive,0,Taste authenticity,"reminds, restaurant food, tastes authentic, restaurant, reminds korean, authentic reminds, korean restaurant, flavor tastes"
R00531,P0078,Malaysia,Frozen mandu,Local Brand S,3,The label information could be clearer and easier to read.,packaging_issue,neutral,4,Halal trust and certification,"clear halal, clear, halal, looks, halal information, looks good, good clear, product looks"
R00532,P0078,Malaysia,Frozen mandu,Local Brand S,3,"I like it, but I would only buy again if there is a discount.",price_sensitivity,neutral,7,Halal trust and certification,"buy, like buy, discount, buy discount, like, certification, halal certification, clearly shown"
R00533,P0078,Malaysia,Frozen mandu,Local Brand S,4,I like the rich seasoning and it feels close to real Korean-style food.,taste_authenticity_positive,positive,2,Taste authenticity,"real korean, style food, style, rich seasoning, rich, seasoning feels, real, seasoning"
R00534,P0078,Malaysia,Frozen mandu,Local Brand S,5,Easy to prepare and good for busy weekdays.,convenience_positive,positive,5,General product experience,"tastes good, tastes, good, saves time, saves, time, time tastes, like saves"
R00535,P0078,Malaysia,Frozen mandu,Local Brand S,4,I would buy this more often if the halal certification was clearly shown.,halal_concern,positive,7,Halal trust and certification,"buy, like buy, discount, buy discount, like, certification, halal certification, clearly shown"
R00536,P0078,Malaysia,Frozen mandu,Local Brand S,3,"I like it, but I would only buy again if there is a discount.",price_sensitivity,neutral,7,Halal trust and certification,"buy, like buy, discount, buy discount, like, certification, halal certification, clearly shown"
R00537,P0078,Malaysia,Frozen mandu,Local Brand S,4,The taste is very satisfying and works well for a quick Korean meal at home.,taste_authenticity_positive,positive,1,Convenience and quick meal,"quick, works, works quick, satisfying, taste satisfying, satisfying works, quick korean, korean meal"
R00538,P0079,Malaysia,Frozen mandu,Japanese Brand W,3,The label information could be clearer and easier to read.,packaging_issue,neutral,4,Halal trust and certification,"clear halal, clear, halal, looks, halal information, looks good, good clear, product looks"
R00539,P0079,Malaysia,Frozen mandu,Japanese Brand W,3,"The product is good, but the packaging does not feel very strong.",packaging_issue,neutral,3,Price sensitivity,"size, price, product good, portion, quite high, quite, price feels, high"
R00540,P0079,Malaysia,Frozen mandu,Japanese Brand W,3,"I like it, but I would only buy again if there is a discount.",price_sensitivity,neutral,7,Halal trust and certification,"buy, like buy, discount, buy discount, like, certification, halal certification, clearly shown"
R00541,P0079,Malaysia,Frozen mandu,Japanese Brand W,2,I would buy this more often if the halal certification was clearly shown.,halal_concern,negative,7,Halal trust and certification,"buy, like buy, discount, buy discount, like, certification, halal certification, clearly shown"
R00542,P0080,Malaysia,Frozen mandu,Private Label K,3,"The product is good, but the packaging does not feel very strong.",packaging_issue,neutral,3,Price sensitivity,"size, price, product good, portion, quite high, quite, price feels, high"
R00543,P0080,Malaysia,Frozen mandu,Private Label K,4,The flavor tastes authentic and reminds me of Korean restaurant food.,taste_authenticity_positive,positive,0,Taste authenticity,"reminds, restaurant food, tastes authentic, restaurant, reminds korean, authentic reminds, korean restaurant, flavor tastes"
R00544,P0080,Malaysia,Frozen mandu,Private Label K,5,I like that it saves time and still tastes good.,convenience_positive,positive,5,General product experience,"tastes good, tastes, good, saves time, saves, time, time tastes, like saves"
R00545,P0080,Malaysia,Frozen mandu,Private Label K,5,Very convenient for a quick meal after work.,convenience_positive,positive,1,Convenience and quick meal,"quick, works, works quick, satisfying, taste satisfying, satisfying works, quick korean, korean meal"
R00546,P0080,Malaysia,Frozen mandu,Private Label K,3,The packaging could be improved because it was slightly damaged when delivered.,packaging_issue,neutral,3,Price sensitivity,"size, price, product good, portion, quite high, quite, price feels, high"
R00547,P0080,Malaysia,Frozen mandu,Private Label K,5,Easy to prepare and good for busy weekdays.,convenience_positive,positive,5,General product experience,"tastes good, tastes, good, saves time, saves, time, time tastes, like saves"
R00548,P0081,Malaysia,Ready meal,Korean Brand V,3,Clear halal labeling would make me more confident to purchase.,halal_concern,neutral,4,Halal trust and certification,"clear halal, clear, halal, looks, halal information, looks good, good clear, product looks"
R00549,P0081,Malaysia,Ready meal,Korean Brand V,3,The portion is smaller than expected.,portion_size,neutral,3,Price sensitivity,"size, price, product good, portion, quite high, quite, price feels, high"
R00550,P0081,Malaysia,Ready meal,Korean Brand V,3,The serving size could be larger for the price.,portion_size,neutral,3,Price sensitivity,"size, price, product good, portion, quite high, quite, price feels, high"
R00551,P0081,Malaysia,Ready meal,Korean Brand V,3,"The flavor is good, but it is too spicy for my family.",too_spicy,neutral,5,General product experience,"tastes good, tastes, good, saves time, saves, time, time tastes, like saves"
R00552,P0081,Malaysia,Ready meal,Korean Brand V,5,I like that it saves time and still tastes good.,convenience_positive,positive,5,General product experience,"tastes good, tastes, good, saves time, saves, time, time tastes, like saves"
R00553,P0081,Malaysia,Ready meal,Korean Brand V,3,I would buy this more often if the halal certification was clearly shown.,halal_concern,neutral,7,Halal trust and certification,"buy, like buy, discount, buy discount, like, certification, halal certification, clearly shown"
R00554,P0081,Malaysia,Ready meal,Korean Brand V,3,The label information could be clearer and easier to read.,packaging_issue,neutral,4,Halal trust and certification,"clear halal, clear, halal, looks, halal information, looks good, good clear, product looks"
R00555,P0081,Malaysia,Ready meal,Korean Brand V,5,The flavor tastes authentic and reminds me of Korean restaurant food.,taste_authenticity_positive,positive,0,Taste authenticity,"reminds, restaurant food, tastes authentic, restaurant, reminds korean, authentic reminds, korean restaurant, flavor tastes"
R00556,P0081,Malaysia,Ready meal,Korean Brand V,4,The serving size could be larger for the price.,portion_size,positive,3,Price sensitivity,"size, price, product good, portion, quite high, quite, price feels, high"
R00557,P0082,Malaysia,Ready meal,Korean Brand Y,3,"The product is good, but the price feels quite high for the portion size.",price_sensitivity,neutral,3,Price sensitivity,"size, price, product good, portion, quite high, quite, price feels, high"
R00558,P0082,Malaysia,Ready meal,Korean Brand Y,4,"I like it, but I would only buy again if there is a discount.",price_sensitivity,positive,7,Halal trust and certification,"buy, like buy, discount, buy discount, like, certification, halal certification, clearly shown"
R00559,P0082,Malaysia,Ready meal,Korean Brand Y,3,Clear halal labeling would make me more confident to purchase.,halal_concern,neutral,4,Halal trust and certification,"clear halal, clear, halal, looks, halal information, looks good, good clear, product looks"
R00560,P0082,Malaysia,Ready meal,Korean Brand Y,2,"I like it, but I would only buy again if there is a discount.",price_sensitivity,negative,7,Halal trust and certification,"buy, like buy, discount, buy discount, like, certification, halal certification, clearly shown"
R00561,P0083,Malaysia,Ready meal,Korean Brand A,3,"I like it, but I would only buy again if there is a discount.",price_sensitivity,neutral,7,Halal trust and certification,"buy, like buy, discount, buy discount, like, certification, halal certification, clearly shown"
R00562,P0083,Malaysia,Ready meal,Korean Brand A,4,Very convenient for a quick meal after work.,convenience_positive,positive,1,Convenience and quick meal,"quick, works, works quick, satisfying, taste satisfying, satisfying works, quick korean, korean meal"
R00563,P0083,Malaysia,Ready meal,Korean Brand A,4,"The product looks good, but I could not find clear halal information.",halal_concern,positive,4,Halal trust and certification,"clear halal, clear, halal, looks, halal information, looks good, good clear, product looks"
R00564,P0083,Malaysia,Ready meal,Korean Brand A,4,The serving size could be larger for the price.,portion_size,positive,3,Price sensitivity,"size, price, product good, portion, quite high, quite, price feels, high"
R00565,P0083,Malaysia,Ready meal,Korean Brand A,5,Very convenient for a quick meal after work.,convenience_positive,positive,1,Convenience and quick meal,"quick, works, works quick, satisfying, taste satisfying, satisfying works, quick korean, korean meal"
R00566,P0084,Malaysia,Ready meal,Korean Brand S,3,"The product is good, but the price feels quite high for the portion size.",price_sensitivity,neutral,3,Price sensitivity,"size, price, product good, portion, quite high, quite, price feels, high"
R00567,P0084,Malaysia,Ready meal,Korean Brand S,4,The taste is very satisfying and works well for a quick Korean meal at home.,taste_authenticity_positive,positive,1,Convenience and quick meal,"quick, works, works quick, satisfying, taste satisfying, satisfying works, quick korean, korean meal"
R00568,P0084,Malaysia,Ready meal,Korean Brand S,5,The taste is very satisfying and works well for a quick Korean meal at home.,taste_authenticity_positive,positive,1,Convenience and quick meal,"quick, works, works quick, satisfying, taste satisfying, satisfying works, quick korean, korean meal"
R00569,P0084,Malaysia,Ready meal,Korean Brand S,3,I wish there was a milder version because the spice level is too strong.,too_spicy,neutral,6,Spiciness and taste localization,"level, wish, wish milder, spice, spice level, milder version, version spice, milder"
R00570,P0084,Malaysia,Ready meal,Korean Brand S,5,I like the rich seasoning and it feels close to real Korean-style food.,taste_authenticity_positive,positive,2,Taste authenticity,"real korean, style food, style, rich seasoning, rich, seasoning feels, real, seasoning"
R00571,P0084,Malaysia,Ready meal,Korean Brand S,4,"The product is good, but the price feels quite high for the portion size.",price_sensitivity,positive,3,Price sensitivity,"size, price, product good, portion, quite high, quite, price feels, high"
R00572,P0084,Malaysia,Ready meal,Korean Brand S,4,I like that it saves time and still tastes good.,convenience_positive,positive,5,General product experience,"tastes good, tastes, good, saves time, saves, time, time tastes, like saves"
R00573,P0085,Malaysia,Ready meal,Local Brand Q,3,The serving size could be larger for the price.,portion_size,neutral,3,Price sensitivity,"size, price, product good, portion, quite high, quite, price feels, high"
R00574,P0085,Malaysia,Ready meal,Local Brand Q,5,The flavor tastes authentic and reminds me of Korean restaurant food.,taste_authenticity_positive,positive,0,Taste authenticity,"reminds, restaurant food, tastes authentic, restaurant, reminds korean, authentic reminds, korean restaurant, flavor tastes"
R00575,P0085,Malaysia,Ready meal,Local Brand Q,5,Easy to prepare and good for busy weekdays.,convenience_positive,positive,5,General product experience,"tastes good, tastes, good, saves time, saves, time, time tastes, like saves"
R00576,P0085,Malaysia,Ready meal,Local Brand Q,4,"Good flavor, but it feels a bit heavy for frequent consumption.",health_concern,positive,3,Price sensitivity,"size, price, product good, portion, quite high, quite, price feels, high"
R00577,P0085,Malaysia,Ready meal,Local Brand Q,5,Easy to prepare and good for busy weekdays.,convenience_positive,positive,5,General product experience,"tastes good, tastes, good, saves time, saves, time, time tastes, like saves"
R00578,P0085,Malaysia,Ready meal,Local Brand Q,5,Easy to prepare and good for busy weekdays.,convenience_positive,positive,5,General product experience,"tastes good, tastes, good, saves time, saves, time, time tastes, like saves"
R00579,P0085,Malaysia,Ready meal,Local Brand Q,5,The flavor tastes authentic and reminds me of Korean restaurant food.,taste_authenticity_positive,positive,0,Taste authenticity,"reminds, restaurant food, tastes authentic, restaurant, reminds korean, authentic reminds, korean restaurant, flavor tastes"
R00580,P0085,Malaysia,Ready meal,Local Brand Q,3,Clear halal labeling would make me more confident to purchase.,halal_concern,neutral,4,Halal trust and certification,"clear halal, clear, halal, looks, halal information, looks good, good clear, product looks"
R00581,P0086,Malaysia,Ready meal,Japanese Brand L,4,The flavor tastes authentic and reminds me of Korean restaurant food.,taste_authenticity_positive,positive,0,Taste authenticity,"reminds, restaurant food, tastes authentic, restaurant, reminds korean, authentic reminds, korean restaurant, flavor tastes"
R00582,P0086,Malaysia,Ready meal,Japanese Brand L,4,"The product is good, but the price feels quite high for the portion size.",price_sensitivity,positive,3,Price sensitivity,"size, price, product good, portion, quite high, quite, price feels, high"
R00583,P0086,Malaysia,Ready meal,Japanese Brand L,3,"The product looks good, but I could not find clear halal information.",halal_concern,neutral,4,Halal trust and certification,"clear halal, clear, halal, looks, halal information, looks good, good clear, product looks"
R00584,P0086,Malaysia,Ready meal,Japanese Brand L,2,Clear halal labeling would make me more confident to purchase.,halal_concern,negative,4,Halal trust and certification,"clear halal, clear, halal, looks, halal information, looks good, good clear, product looks"
R00585,P0086,Malaysia,Ready meal,Japanese Brand L,5,The flavor tastes authentic and reminds me of Korean restaurant food.,taste_authenticity_positive,positive,0,Taste authenticity,"reminds, restaurant food, tastes authentic, restaurant, reminds korean, authentic reminds, korean restaurant, flavor tastes"
R00586,P0086,Malaysia,Ready meal,Japanese Brand L,4,Clear halal labeling would make me more confident to purchase.,halal_concern,positive,4,Halal trust and certification,"clear halal, clear, halal, looks, halal information, looks good, good clear, product looks"
R00587,P0086,Malaysia,Ready meal,Japanese Brand L,5,The flavor tastes authentic and reminds me of Korean restaurant food.,taste_authenticity_positive,positive,0,Taste authenticity,"reminds, restaurant food, tastes authentic, restaurant, reminds korean, authentic reminds, korean restaurant, flavor tastes"
R00588,P0086,Malaysia,Ready meal,Japanese Brand L,3,Clear halal labeling would make me more confident to purchase.,halal_concern,neutral,4,Halal trust and certification,"clear halal, clear, halal, looks, halal information, looks good, good clear, product looks"
R00589,P0087,Malaysia,Ready meal,Private Label Z,5,Very convenient for a quick meal after work.,convenience_positive,positive,1,Convenience and quick meal,"quick, works, works quick, satisfying, taste satisfying, satisfying works, quick korean, korean meal"
R00590,P0087,Malaysia,Ready meal,Private Label Z,4,"The product looks good, but I could not find clear halal information.",halal_concern,positive,4,Halal trust and certification,"clear halal, clear, halal, looks, halal information, looks good, good clear, product looks"
R00591,P0087,Malaysia,Ready meal,Private Label Z,3,"The product looks good, but I could not find clear halal information.",halal_concern,neutral,4,Halal trust and certification,"clear halal, clear, halal, looks, halal information, looks good, good clear, product looks"
R00592,P0087,Malaysia,Ready meal,Private Label Z,3,I would buy this more often if the halal certification was clearly shown.,halal_concern,neutral,7,Halal trust and certification,"buy, like buy, discount, buy discount, like, certification, halal certification, clearly shown"
R00593,P0087,Malaysia,Ready meal,Private Label Z,3,I wish there was a milder version because the spice level is too strong.,too_spicy,neutral,6,Spiciness and taste localization,"level, wish, wish milder, spice, spice level, milder version, version spice, milder"
R00594,P0087,Malaysia,Ready meal,Private Label Z,5,Very convenient for a quick meal after work.,convenience_positive,positive,1,Convenience and quick meal,"quick, works, works quick, satisfying, taste satisfying, satisfying works, quick korean, korean meal"
R00595,P0087,Malaysia,Ready meal,Private Label Z,3,"I like it, but I would only buy again if there is a discount.",price_sensitivity,neutral,7,Halal trust and certification,"buy, like buy, discount, buy discount, like, certification, halal certification, clearly shown"
R00596,P0087,Malaysia,Ready meal,Private Label Z,4,"The product tastes nice, but the heat level may be difficult for beginners.",too_spicy,positive,6,Spiciness and taste localization,"level, wish, wish milder, spice, spice level, milder version, version spice, milder"
R00597,P0088,Malaysia,Ready meal,Korean Brand J,4,"The product is good, but the packaging does not feel very strong.",packaging_issue,positive,3,Price sensitivity,"size, price, product good, portion, quite high, quite, price feels, high"
R00598,P0088,Malaysia,Ready meal,Korean Brand J,4,The serving size could be larger for the price.,portion_size,positive,3,Price sensitivity,"size, price, product good, portion, quite high, quite, price feels, high"
R00599,P0088,Malaysia,Ready meal,Korean Brand J,4,The label information could be clearer and easier to read.,packaging_issue,positive,4,Halal trust and certification,"clear halal, clear, halal, looks, halal information, looks good, good clear, product looks"
R00600,P0088,Malaysia,Ready meal,Korean Brand J,5,Easy to prepare and good for busy weekdays.,convenience_positive,positive,5,General product experience,"tastes good, tastes, good, saves time, saves, time, time tastes, like saves"
R00601,P0088,Malaysia,Ready meal,Korean Brand J,4,I like that it saves time and still tastes good.,convenience_positive,positive,5,General product experience,"tastes good, tastes, good, saves time, saves, time, time tastes, like saves"
R00602,P0088,Malaysia,Ready meal,Korean Brand J,5,Easy to prepare and good for busy weekdays.,convenience_positive,positive,5,General product experience,"tastes good, tastes, good, saves time, saves, time, time tastes, like saves"
R00603,P0088,Malaysia,Ready meal,Korean Brand J,5,The taste is very satisfying and works well for a quick Korean meal at home.,taste_authenticity_positive,positive,1,Convenience and quick meal,"quick, works, works quick, satisfying, taste satisfying, satisfying works, quick korean, korean meal"
R00604,P0089,Malaysia,Seaweed snack,Korean Brand H,3,"The product looks good, but I could not find clear halal information.",halal_concern,neutral,4,Halal trust and certification,"clear halal, clear, halal, looks, halal information, looks good, good clear, product looks"
R00605,P0089,Malaysia,Seaweed snack,Korean Brand H,5,The taste is very satisfying and works well for a quick Korean meal at home.,taste_authenticity_positive,positive,1,Convenience and quick meal,"quick, works, works quick, satisfying, taste satisfying, satisfying works, quick korean, korean meal"
R00606,P0089,Malaysia,Seaweed snack,Korean Brand H,2,The packaging could be improved because it was slightly damaged when delivered.,packaging_issue,negative,3,Price sensitivity,"size, price, product good, portion, quite high, quite, price feels, high"
R00607,P0089,Malaysia,Seaweed snack,Korean Brand H,3,"The product looks good, but I could not find clear halal information.",halal_concern,neutral,4,Halal trust and certification,"clear halal, clear, halal, looks, halal information, looks good, good clear, product looks"
R00608,P0090,Malaysia,Seaweed snack,Korean Brand E,4,"It tastes good, but one pack is not enough for a full meal.",portion_size,positive,5,General product experience,"tastes good, tastes, good, saves time, saves, time, time tastes, like saves"
R00609,P0090,Malaysia,Seaweed snack,Korean Brand E,5,I like the rich seasoning and it feels close to real Korean-style food.,taste_authenticity_positive,positive,2,Taste authenticity,"real korean, style food, style, rich seasoning, rich, seasoning feels, real, seasoning"
R00610,P0090,Malaysia,Seaweed snack,Korean Brand E,4,The taste is very satisfying and works well for a quick Korean meal at home.,taste_authenticity_positive,positive,1,Convenience and quick meal,"quick, works, works quick, satisfying, taste satisfying, satisfying works, quick korean, korean meal"
R00611,P0090,Malaysia,Seaweed snack,Korean Brand E,3,The portion is smaller than expected.,portion_size,neutral,3,Price sensitivity,"size, price, product good, portion, quite high, quite, price feels, high"
R00612,P0090,Malaysia,Seaweed snack,Korean Brand E,4,Clear halal labeling would make me more confident to purchase.,halal_concern,positive,4,Halal trust and certification,"clear halal, clear, halal, looks, halal information, looks good, good clear, product looks"
R00613,P0090,Malaysia,Seaweed snack,Korean Brand E,4,Clear halal labeling would make me more confident to purchase.,halal_concern,positive,4,Halal trust and certification,"clear halal, clear, halal, looks, halal information, looks good, good clear, product looks"
R00614,P0090,Malaysia,Seaweed snack,Korean Brand E,5,Easy to prepare and good for busy weekdays.,convenience_positive,positive,5,General product experience,"tastes good, tastes, good, saves time, saves, time, time tastes, like saves"
R00615,P0090,Malaysia,Seaweed snack,Korean Brand E,5,I like that it saves time and still tastes good.,convenience_positive,positive,5,General product experience,"tastes good, tastes, good, saves time, saves, time, time tastes, like saves"
R00616,P0090,Malaysia,Seaweed snack,Korean Brand E,5,The taste is very satisfying and works well for a quick Korean meal at home.,taste_authenticity_positive,positive,1,Convenience and quick meal,"quick, works, works quick, satisfying, taste satisfying, satisfying works, quick korean, korean meal"
R00617,P0090,Malaysia,Seaweed snack,Korean Brand E,5,The flavor tastes authentic and reminds me of Korean restaurant food.,taste_authenticity_positive,positive,0,Taste authenticity,"reminds, restaurant food, tastes authentic, restaurant, reminds korean, authentic reminds, korean restaurant, flavor tastes"
R00618,P0091,Malaysia,Seaweed snack,Japanese Brand P,5,The taste is very satisfying and works well for a quick Korean meal at home.,taste_authenticity_positive,positive,1,Convenience and quick meal,"quick, works, works quick, satisfying, taste satisfying, satisfying works, quick korean, korean meal"
R00619,P0091,Malaysia,Seaweed snack,Japanese Brand P,5,The flavor tastes authentic and reminds me of Korean restaurant food.,taste_authenticity_positive,positive,0,Taste authenticity,"reminds, restaurant food, tastes authentic, restaurant, reminds korean, authentic reminds, korean restaurant, flavor tastes"
R00620,P0091,Malaysia,Seaweed snack,Japanese Brand P,5,Easy to prepare and good for busy weekdays.,convenience_positive,positive,5,General product experience,"tastes good, tastes, good, saves time, saves, time, time tastes, like saves"
R00621,P0091,Malaysia,Seaweed snack,Japanese Brand P,2,I would buy this more often if the halal certification was clearly shown.,halal_concern,negative,7,Halal trust and certification,"buy, like buy, discount, buy discount, like, certification, halal certification, clearly shown"
R00622,P0091,Malaysia,Seaweed snack,Japanese Brand P,5,Very convenient for a quick meal after work.,convenience_positive,positive,1,Convenience and quick meal,"quick, works, works quick, satisfying, taste satisfying, satisfying works, quick korean, korean meal"
R00623,P0091,Malaysia,Seaweed snack,Japanese Brand P,5,I like the rich seasoning and it feels close to real Korean-style food.,taste_authenticity_positive,positive,2,Taste authenticity,"real korean, style food, style, rich seasoning, rich, seasoning feels, real, seasoning"
R00624,P0091,Malaysia,Seaweed snack,Japanese Brand P,4,"The product is good, but the price feels quite high for the portion size.",price_sensitivity,positive,3,Price sensitivity,"size, price, product good, portion, quite high, quite, price feels, high"
R00625,P0092,Malaysia,Seaweed snack,Local Brand P,2,"The flavor is good, but it is too spicy for my family.",too_spicy,negative,5,General product experience,"tastes good, tastes, good, saves time, saves, time, time tastes, like saves"
R00626,P0092,Malaysia,Seaweed snack,Local Brand P,3,"The product looks good, but I could not find clear halal information.",halal_concern,neutral,4,Halal trust and certification,"clear halal, clear, halal, looks, halal information, looks good, good clear, product looks"
R00627,P0092,Malaysia,Seaweed snack,Local Brand P,4,The label information could be clearer and easier to read.,packaging_issue,positive,4,Halal trust and certification,"clear halal, clear, halal, looks, halal information, looks good, good clear, product looks"
R00628,P0092,Malaysia,Seaweed snack,Local Brand P,2,I would buy this more often if the halal certification was clearly shown.,halal_concern,negative,7,Halal trust and certification,"buy, like buy, discount, buy discount, like, certification, halal certification, clearly shown"
R00629,P0092,Malaysia,Seaweed snack,Local Brand P,3,"The taste is fine, but it feels expensive compared with local alternatives.",price_sensitivity,neutral,3,Price sensitivity,"size, price, product good, portion, quite high, quite, price feels, high"
R00630,P0092,Malaysia,Seaweed snack,Local Brand P,3,"It tastes good, but one pack is not enough for a full meal.",portion_size,neutral,5,General product experience,"tastes good, tastes, good, saves time, saves, time, time tastes, like saves"
R00631,P0093,Malaysia,Seaweed snack,Private Label R,2,I would prefer a healthier version with cleaner ingredients.,health_concern,negative,6,Spiciness and taste localization,"level, wish, wish milder, spice, spice level, milder version, version spice, milder"
R00632,P0093,Malaysia,Seaweed snack,Private Label R,2,"The taste is fine, but it feels expensive compared with local alternatives.",price_sensitivity,negative,3,Price sensitivity,"size, price, product good, portion, quite high, quite, price feels, high"
R00633,P0093,Malaysia,Seaweed snack,Private Label R,2,"The flavor is good, but it is too spicy for my family.",too_spicy,negative,5,General product experience,"tastes good, tastes, good, saves time, saves, time, time tastes, like saves"
R00634,P0093,Malaysia,Seaweed snack,Private Label R,3,The serving size could be larger for the price.,portion_size,neutral,3,Price sensitivity,"size, price, product good, portion, quite high, quite, price feels, high"
R00635,P0093,Malaysia,Seaweed snack,Private Label R,4,I like the rich seasoning and it feels close to real Korean-style food.,taste_authenticity_positive,positive,2,Taste authenticity,"real korean, style food, style, rich seasoning, rich, seasoning feels, real, seasoning"
R00636,P0094,Malaysia,Seaweed snack,Korean Brand T,4,"The product is good, but the packaging does not feel very strong.",packaging_issue,positive,3,Price sensitivity,"size, price, product good, portion, quite high, quite, price feels, high"
R00637,P0094,Malaysia,Seaweed snack,Korean Brand T,4,The flavor tastes authentic and reminds me of Korean restaurant food.,taste_authenticity_positive,positive,0,Taste authenticity,"reminds, restaurant food, tastes authentic, restaurant, reminds korean, authentic reminds, korean restaurant, flavor tastes"
R00638,P0094,Malaysia,Seaweed snack,Korean Brand T,4,I like the rich seasoning and it feels close to real Korean-style food.,taste_authenticity_positive,positive,2,Taste authenticity,"real korean, style food, style, rich seasoning, rich, seasoning feels, real, seasoning"
R00639,P0094,Malaysia,Seaweed snack,Korean Brand T,3,"The product tastes nice, but the heat level may be difficult for beginners.",too_spicy,neutral,6,Spiciness and taste localization,"level, wish, wish milder, spice, spice level, milder version, version spice, milder"
R00640,P0094,Malaysia,Seaweed snack,Korean Brand T,2,"The product tastes nice, but the heat level may be difficult for beginners.",too_spicy,negative,6,Spiciness and taste localization,"level, wish, wish milder, spice, spice level, milder version, version spice, milder"
R00641,P0094,Malaysia,Seaweed snack,Korean Brand T,5,I like that it saves time and still tastes good.,convenience_positive,positive,5,General product experience,"tastes good, tastes, good, saves time, saves, time, time tastes, like saves"
R00642,P0094,Malaysia,Seaweed snack,Korean Brand T,3,"The taste is fine, but it feels expensive compared with local alternatives.",price_sensitivity,neutral,3,Price sensitivity,"size, price, product good, portion, quite high, quite, price feels, high"
R00643,P0094,Malaysia,Seaweed snack,Korean Brand T,2,"The taste is nice, but I wish it had less sodium.",health_concern,negative,6,Spiciness and taste localization,"level, wish, wish milder, spice, spice level, milder version, version spice, milder"
R00644,P0095,Malaysia,Seaweed snack,Local Brand A,4,The taste is very satisfying and works well for a quick Korean meal at home.,taste_authenticity_positive,positive,1,Convenience and quick meal,"quick, works, works quick, satisfying, taste satisfying, satisfying works, quick korean, korean meal"
R00645,P0095,Malaysia,Seaweed snack,Local Brand A,4,Very convenient for a quick meal after work.,convenience_positive,positive,1,Convenience and quick meal,"quick, works, works quick, satisfying, taste satisfying, satisfying works, quick korean, korean meal"
R00646,P0095,Malaysia,Seaweed snack,Local Brand A,5,I like the rich seasoning and it feels close to real Korean-style food.,taste_authenticity_positive,positive,2,Taste authenticity,"real korean, style food, style, rich seasoning, rich, seasoning feels, real, seasoning"
R00647,P0095,Malaysia,Seaweed snack,Local Brand A,3,"I like it, but I would only buy again if there is a discount.",price_sensitivity,neutral,7,Halal trust and certification,"buy, like buy, discount, buy discount, like, certification, halal certification, clearly shown"
R00648,P0095,Malaysia,Seaweed snack,Local Brand A,4,Very convenient for a quick meal after work.,convenience_positive,positive,1,Convenience and quick meal,"quick, works, works quick, satisfying, taste satisfying, satisfying works, quick korean, korean meal"
R00649,P0095,Malaysia,Seaweed snack,Local Brand A,3,The packaging could be improved because it was slightly damaged when delivered.,packaging_issue,neutral,3,Price sensitivity,"size, price, product good, portion, quite high, quite, price feels, high"
R00650,P0095,Malaysia,Seaweed snack,Local Brand A,5,I like the rich seasoning and it feels close to real Korean-style food.,taste_authenticity_positive,positive,2,Taste authenticity,"real korean, style food, style, rich seasoning, rich, seasoning feels, real, seasoning"
R00651,P0096,Malaysia,Seaweed snack,Japanese Brand F,2,"It tastes good, but one pack is not enough for a full meal.",portion_size,negative,5,General product experience,"tastes good, tastes, good, saves time, saves, time, time tastes, like saves"
R00652,P0096,Malaysia,Seaweed snack,Japanese Brand F,3,The serving size could be larger for the price.,portion_size,neutral,3,Price sensitivity,"size, price, product good, portion, quite high, quite, price feels, high"
R00653,P0096,Malaysia,Seaweed snack,Japanese Brand F,4,Very convenient for a quick meal after work.,convenience_positive,positive,1,Convenience and quick meal,"quick, works, works quick, satisfying, taste satisfying, satisfying works, quick korean, korean meal"
R00654,P0096,Malaysia,Seaweed snack,Japanese Brand F,3,"It tastes good, but one pack is not enough for a full meal.",portion_size,neutral,5,General product experience,"tastes good, tastes, good, saves time, saves, time, time tastes, like saves"
R00655,P0096,Malaysia,Seaweed snack,Japanese Brand F,3,I would buy this more often if the halal certification was clearly shown.,halal_concern,neutral,7,Halal trust and certification,"buy, like buy, discount, buy discount, like, certification, halal certification, clearly shown"
R00656,P0096,Malaysia,Seaweed snack,Japanese Brand F,4,"The product looks good, but I could not find clear halal information.",halal_concern,positive,4,Halal trust and certification,"clear halal, clear, halal, looks, halal information, looks good, good clear, product looks"
R00657,P0096,Malaysia,Seaweed snack,Japanese Brand F,4,Very convenient for a quick meal after work.,convenience_positive,positive,1,Convenience and quick meal,"quick, works, works quick, satisfying, taste satisfying, satisfying works, quick korean, korean meal"
R00658,P0097,Philippines,Korean ramen,Premium Import Brand U,5,The flavor tastes authentic and reminds me of Korean restaurant food.,taste_authenticity_positive,positive,0,Taste authenticity,"reminds, restaurant food, tastes authentic, restaurant, reminds korean, authentic reminds, korean restaurant, flavor tastes"
R00659,P0097,Philippines,Korean ramen,Premium Import Brand U,4,"The product looks good, but I could not find clear halal information.",halal_concern,positive,4,Halal trust and certification,"clear halal, clear, halal, looks, halal information, looks good, good clear, product looks"
R00660,P0097,Philippines,Korean ramen,Premium Import Brand U,5,The taste is very satisfying and works well for a quick Korean meal at home.,taste_authenticity_positive,positive,1,Convenience and quick meal,"quick, works, works quick, satisfying, taste satisfying, satisfying works, quick korean, korean meal"
R00661,P0097,Philippines,Korean ramen,Premium Import Brand U,3,"The taste is fine, but it feels expensive compared with local alternatives.",price_sensitivity,neutral,3,Price sensitivity,"size, price, product good, portion, quite high, quite, price feels, high"
R00662,P0097,Philippines,Korean ramen,Premium Import Brand U,3,"The taste is fine, but it feels expensive compared with local alternatives.",price_sensitivity,neutral,3,Price sensitivity,"size, price, product good, portion, quite high, quite, price feels, high"
R00663,P0097,Philippines,Korean ramen,Premium Import Brand U,2,"It tastes good, but one pack is not enough for a full meal.",portion_size,negative,5,General product experience,"tastes good, tastes, good, saves time, saves, time, time tastes, like saves"
R00664,P0097,Philippines,Korean ramen,Premium Import Brand U,2,"The product looks good, but I could not find clear halal information.",halal_concern,negative,4,Halal trust and certification,"clear halal, clear, halal, looks, halal information, looks good, good clear, product looks"
R00665,P0097,Philippines,Korean ramen,Premium Import Brand U,3,The label information could be clearer and easier to read.,packaging_issue,neutral,4,Halal trust and certification,"clear halal, clear, halal, looks, halal information, looks good, good clear, product looks"
R00666,P0097,Philippines,Korean ramen,Premium Import Brand U,4,"I like it, but I would only buy again if there is a discount.",price_sensitivity,positive,7,Halal trust and certification,"buy, like buy, discount, buy discount, like, certification, halal certification, clearly shown"
R00667,P0097,Philippines,Korean ramen,Premium Import Brand U,5,Easy to prepare and good for busy weekdays.,convenience_positive,positive,5,General product experience,"tastes good, tastes, good, saves time, saves, time, time tastes, like saves"
R00668,P0098,Philippines,Korean ramen,Japanese Brand F,3,"The taste is fine, but it feels expensive compared with local alternatives.",price_sensitivity,neutral,3,Price sensitivity,"size, price, product good, portion, quite high, quite, price feels, high"
R00669,P0098,Philippines,Korean ramen,Japanese Brand F,3,"I like it, but I would only buy again if there is a discount.",price_sensitivity,neutral,7,Halal trust and certification,"buy, like buy, discount, buy discount, like, certification, halal certification, clearly shown"
R00670,P0098,Philippines,Korean ramen,Japanese Brand F,3,I wish there was a milder version because the spice level is too strong.,too_spicy,neutral,6,Spiciness and taste localization,"level, wish, wish milder, spice, spice level, milder version, version spice, milder"
R00671,P0098,Philippines,Korean ramen,Japanese Brand F,3,"The flavor is good, but it is too spicy for my family.",too_spicy,neutral,5,General product experience,"tastes good, tastes, good, saves time, saves, time, time tastes, like saves"
R00672,P0098,Philippines,Korean ramen,Japanese Brand F,5,The flavor tastes authentic and reminds me of Korean restaurant food.,taste_authenticity_positive,positive,0,Taste authenticity,"reminds, restaurant food, tastes authentic, restaurant, reminds korean, authentic reminds, korean restaurant, flavor tastes"
R00673,P0098,Philippines,Korean ramen,Japanese Brand F,4,The taste is very satisfying and works well for a quick Korean meal at home.,taste_authenticity_positive,positive,1,Convenience and quick meal,"quick, works, works quick, satisfying, taste satisfying, satisfying works, quick korean, korean meal"
R00674,P0098,Philippines,Korean ramen,Japanese Brand F,4,The flavor tastes authentic and reminds me of Korean restaurant food.,taste_authenticity_positive,positive,0,Taste authenticity,"reminds, restaurant food, tastes authentic, restaurant, reminds korean, authentic reminds, korean restaurant, flavor tastes"
R00675,P0098,Philippines,Korean ramen,Japanese Brand F,3,I would buy this more often if the halal certification was clearly shown.,halal_concern,neutral,7,Halal trust and certification,"buy, like buy, discount, buy discount, like, certification, halal certification, clearly shown"
R00676,P0098,Philippines,Korean ramen,Japanese Brand F,5,Easy to prepare and good for busy weekdays.,convenience_positive,positive,5,General product experience,"tastes good, tastes, good, saves time, saves, time, time tastes, like saves"
R00677,P0099,Philippines,Korean ramen,Korean Brand L,5,The flavor tastes authentic and reminds me of Korean restaurant food.,taste_authenticity_positive,positive,0,Taste authenticity,"reminds, restaurant food, tastes authentic, restaurant, reminds korean, authentic reminds, korean restaurant, flavor tastes"
R00678,P0099,Philippines,Korean ramen,Korean Brand L,3,"The product looks good, but I could not find clear halal information.",halal_concern,neutral,4,Halal trust and certification,"clear halal, clear, halal, looks, halal information, looks good, good clear, product looks"
R00679,P0099,Philippines,Korean ramen,Korean Brand L,5,The flavor tastes authentic and reminds me of Korean restaurant food.,taste_authenticity_positive,positive,0,Taste authenticity,"reminds, restaurant food, tastes authentic, restaurant, reminds korean, authentic reminds, korean restaurant, flavor tastes"
R00680,P0099,Philippines,Korean ramen,Korean Brand L,5,I like that it saves time and still tastes good.,convenience_positive,positive,5,General product experience,"tastes good, tastes, good, saves time, saves, time, time tastes, like saves"
R00681,P0099,Philippines,Korean ramen,Korean Brand L,5,I like the rich seasoning and it feels close to real Korean-style food.,taste_authenticity_positive,positive,2,Taste authenticity,"real korean, style food, style, rich seasoning, rich, seasoning feels, real, seasoning"
R00682,P0099,Philippines,Korean ramen,Korean Brand L,2,"The flavor is good, but it is too spicy for my family.",too_spicy,negative,5,General product experience,"tastes good, tastes, good, saves time, saves, time, time tastes, like saves"
R00683,P0099,Philippines,Korean ramen,Korean Brand L,4,Easy to prepare and good for busy weekdays.,convenience_positive,positive,5,General product experience,"tastes good, tastes, good, saves time, saves, time, time tastes, like saves"
R00684,P0099,Philippines,Korean ramen,Korean Brand L,2,"The product tastes nice, but the heat level may be difficult for beginners.",too_spicy,negative,6,Spiciness and taste localization,"level, wish, wish milder, spice, spice level, milder version, version spice, milder"
R00685,P0099,Philippines,Korean ramen,Korean Brand L,5,I like that it saves time and still tastes good.,convenience_positive,positive,5,General product experience,"tastes good, tastes, good, saves time, saves, time, time tastes, like saves"
R00686,P0100,Philippines,Korean ramen,Japanese Brand C,2,I wish there was a milder version because the spice level is too strong.,too_spicy,negative,6,Spiciness and taste localization,"level, wish, wish milder, spice, spice level, milder version, version spice, milder"
R00687,P0100,Philippines,Korean ramen,Japanese Brand C,3,"The product tastes nice, but the heat level may be difficult for beginners.",too_spicy,neutral,6,Spiciness and taste localization,"level, wish, wish milder, spice, spice level, milder version, version spice, milder"
R00688,P0100,Philippines,Korean ramen,Japanese Brand C,4,The taste is very satisfying and works well for a quick Korean meal at home.,taste_authenticity_positive,positive,1,Convenience and quick meal,"quick, works, works quick, satisfying, taste satisfying, satisfying works, quick korean, korean meal"
R00689,P0100,Philippines,Korean ramen,Japanese Brand C,4,"The flavor is good, but it is too spicy for my family.",too_spicy,positive,5,General product experience,"tastes good, tastes, good, saves time, saves, time, time tastes, like saves"
R00690,P0100,Philippines,Korean ramen,Japanese Brand C,5,I like that it saves time and still tastes good.,convenience_positive,positive,5,General product experience,"tastes good, tastes, good, saves time, saves, time, time tastes, like saves"
R00691,P0100,Philippines,Korean ramen,Japanese Brand C,5,Very convenient for a quick meal after work.,convenience_positive,positive,1,Convenience and quick meal,"quick, works, works quick, satisfying, taste satisfying, satisfying works, quick korean, korean meal"
R00692,P0100,Philippines,Korean ramen,Japanese Brand C,2,"It tastes good, but one pack is not enough for a full meal.",portion_size,negative,5,General product experience,"tastes good, tastes, good, saves time, saves, time, time tastes, like saves"
R00693,P0101,Philippines,Korean ramen,Japanese Brand H,2,Clear halal labeling would make me more confident to purchase.,halal_concern,negative,4,Halal trust and certification,"clear halal, clear, halal, looks, halal information, looks good, good clear, product looks"
R00694,P0101,Philippines,Korean ramen,Japanese Brand H,3,"I like it, but I would only buy again if there is a discount.",price_sensitivity,neutral,7,Halal trust and certification,"buy, like buy, discount, buy discount, like, certification, halal certification, clearly shown"
R00695,P0101,Philippines,Korean ramen,Japanese Brand H,4,The serving size could be larger for the price.,portion_size,positive,3,Price sensitivity,"size, price, product good, portion, quite high, quite, price feels, high"
R00696,P0101,Philippines,Korean ramen,Japanese Brand H,3,I would buy this more often if the halal certification was clearly shown.,halal_concern,neutral,7,Halal trust and certification,"buy, like buy, discount, buy discount, like, certification, halal certification, clearly shown"
R00697,P0101,Philippines,Korean ramen,Japanese Brand H,2,Clear halal labeling would make me more confident to purchase.,halal_concern,negative,4,Halal trust and certification,"clear halal, clear, halal, looks, halal information, looks good, good clear, product looks"
R00698,P0101,Philippines,Korean ramen,Japanese Brand H,4,I like the rich seasoning and it feels close to real Korean-style food.,taste_authenticity_positive,positive,2,Taste authenticity,"real korean, style food, style, rich seasoning, rich, seasoning feels, real, seasoning"
R00699,P0101,Philippines,Korean ramen,Japanese Brand H,3,"The product tastes nice, but the heat level may be difficult for beginners.",too_spicy,neutral,6,Spiciness and taste localization,"level, wish, wish milder, spice, spice level, milder version, version spice, milder"
R00700,P0102,Philippines,Korean ramen,Japanese Brand A,3,The packaging could be improved because it was slightly damaged when delivered.,packaging_issue,neutral,3,Price sensitivity,"size, price, product good, portion, quite high, quite, price feels, high"
R00701,P0102,Philippines,Korean ramen,Japanese Brand A,2,"The product looks good, but I could not find clear halal information.",halal_concern,negative,4,Halal trust and certification,"clear halal, clear, halal, looks, halal information, looks good, good clear, product looks"
R00702,P0102,Philippines,Korean ramen,Japanese Brand A,3,The portion is smaller than expected.,portion_size,neutral,3,Price sensitivity,"size, price, product good, portion, quite high, quite, price feels, high"
R00703,P0102,Philippines,Korean ramen,Japanese Brand A,5,I like that it saves time and still tastes good.,convenience_positive,positive,5,General product experience,"tastes good, tastes, good, saves time, saves, time, time tastes, like saves"
R00704,P0102,Philippines,Korean ramen,Japanese Brand A,4,"Good flavor, but it feels a bit heavy for frequent consumption.",health_concern,positive,3,Price sensitivity,"size, price, product good, portion, quite high, quite, price feels, high"
R00705,P0102,Philippines,Korean ramen,Japanese Brand A,2,I would buy this more often if the halal certification was clearly shown.,halal_concern,negative,7,Halal trust and certification,"buy, like buy, discount, buy discount, like, certification, halal certification, clearly shown"
R00706,P0102,Philippines,Korean ramen,Japanese Brand A,3,I wish there was a milder version because the spice level is too strong.,too_spicy,neutral,6,Spiciness and taste localization,"level, wish, wish milder, spice, spice level, milder version, version spice, milder"
R00707,P0103,Philippines,Korean ramen,Korean Brand G,5,The flavor tastes authentic and reminds me of Korean restaurant food.,taste_authenticity_positive,positive,0,Taste authenticity,"reminds, restaurant food, tastes authentic, restaurant, reminds korean, authentic reminds, korean restaurant, flavor tastes"
R00708,P0103,Philippines,Korean ramen,Korean Brand G,2,I wish there was a milder version because the spice level is too strong.,too_spicy,negative,6,Spiciness and taste localization,"level, wish, wish milder, spice, spice level, milder version, version spice, milder"
R00709,P0103,Philippines,Korean ramen,Korean Brand G,4,I wish there was a milder version because the spice level is too strong.,too_spicy,positive,6,Spiciness and taste localization,"level, wish, wish milder, spice, spice level, milder version, version spice, milder"
R00710,P0103,Philippines,Korean ramen,Korean Brand G,4,I wish there was a milder version because the spice level is too strong.,too_spicy,positive,6,Spiciness and taste localization,"level, wish, wish milder, spice, spice level, milder version, version spice, milder"
R00711,P0103,Philippines,Korean ramen,Korean Brand G,5,The flavor tastes authentic and reminds me of Korean restaurant food.,taste_authenticity_positive,positive,0,Taste authenticity,"reminds, restaurant food, tastes authentic, restaurant, reminds korean, authentic reminds, korean restaurant, flavor tastes"
R00712,P0103,Philippines,Korean ramen,Korean Brand G,3,I wish there was a milder version because the spice level is too strong.,too_spicy,neutral,6,Spiciness and taste localization,"level, wish, wish milder, spice, spice level, milder version, version spice, milder"
R00713,P0103,Philippines,Korean ramen,Korean Brand G,4,"The product is good, but the price feels quite high for the portion size.",price_sensitivity,positive,3,Price sensitivity,"size, price, product good, portion, quite high, quite, price feels, high"
R00714,P0103,Philippines,Korean ramen,Korean Brand G,2,"The flavor is good, but it is too spicy for my family.",too_spicy,negative,5,General product experience,"tastes good, tastes, good, saves time, saves, time, time tastes, like saves"
R00715,P0104,Philippines,Korean ramen,Private Label Z,3,The packaging could be improved because it was slightly damaged when delivered.,packaging_issue,neutral,3,Price sensitivity,"size, price, product good, portion, quite high, quite, price feels, high"
R00716,P0104,Philippines,Korean ramen,Private Label Z,4,The taste is very satisfying and works well for a quick Korean meal at home.,taste_authenticity_positive,positive,1,Convenience and quick meal,"quick, works, works quick, satisfying, taste satisfying, satisfying works, quick korean, korean meal"
R00717,P0104,Philippines,Korean ramen,Private Label Z,3,"The product tastes nice, but the heat level may be difficult for beginners.",too_spicy,neutral,6,Spiciness and taste localization,"level, wish, wish milder, spice, spice level, milder version, version spice, milder"
R00718,P0104,Philippines,Korean ramen,Private Label Z,3,"The product tastes nice, but the heat level may be difficult for beginners.",too_spicy,neutral,6,Spiciness and taste localization,"level, wish, wish milder, spice, spice level, milder version, version spice, milder"
R00719,P0104,Philippines,Korean ramen,Private Label Z,5,I like the rich seasoning and it feels close to real Korean-style food.,taste_authenticity_positive,positive,2,Taste authenticity,"real korean, style food, style, rich seasoning, rich, seasoning feels, real, seasoning"
R00720,P0104,Philippines,Korean ramen,Private Label Z,3,The serving size could be larger for the price.,portion_size,neutral,3,Price sensitivity,"size, price, product good, portion, quite high, quite, price feels, high"
R00721,P0104,Philippines,Korean ramen,Private Label Z,4,The taste is very satisfying and works well for a quick Korean meal at home.,taste_authenticity_positive,positive,1,Convenience and quick meal,"quick, works, works quick, satisfying, taste satisfying, satisfying works, quick korean, korean meal"
R00722,P0104,Philippines,Korean ramen,Private Label Z,3,The serving size could be larger for the price.,portion_size,neutral,3,Price sensitivity,"size, price, product good, portion, quite high, quite, price feels, high"
R00723,P0105,Philippines,Kimchi,Premium Import Brand K,3,"The product is good, but the packaging does not feel very strong.",packaging_issue,neutral,3,Price sensitivity,"size, price, product good, portion, quite high, quite, price feels, high"
R00724,P0105,Philippines,Kimchi,Premium Import Brand K,4,"The flavor is good, but it is too spicy for my family.",too_spicy,positive,5,General product experience,"tastes good, tastes, good, saves time, saves, time, time tastes, like saves"
R00725,P0105,Philippines,Kimchi,Premium Import Brand K,5,The taste is very satisfying and works well for a quick Korean meal at home.,taste_authenticity_positive,positive,1,Convenience and quick meal,"quick, works, works quick, satisfying, taste satisfying, satisfying works, quick korean, korean meal"
R00726,P0105,Philippines,Kimchi,Premium Import Brand K,3,The packaging could be improved because it was slightly damaged when delivered.,packaging_issue,neutral,3,Price sensitivity,"size, price, product good, portion, quite high, quite, price feels, high"
R00727,P0105,Philippines,Kimchi,Premium Import Brand K,3,"The taste is nice, but I wish it had less sodium.",health_concern,neutral,6,Spiciness and taste localization,"level, wish, wish milder, spice, spice level, milder version, version spice, milder"
R00728,P0105,Philippines,Kimchi,Premium Import Brand K,2,"The flavor is good, but it is too spicy for my family.",too_spicy,negative,5,General product experience,"tastes good, tastes, good, saves time, saves, time, time tastes, like saves"
R00729,P0105,Philippines,Kimchi,Premium Import Brand K,3,"The product is good, but the price feels quite high for the portion size.",price_sensitivity,neutral,3,Price sensitivity,"size, price, product good, portion, quite high, quite, price feels, high"
R00730,P0106,Philippines,Kimchi,Premium Import Brand Y,3,"Good flavor, but it feels a bit heavy for frequent consumption.",health_concern,neutral,3,Price sensitivity,"size, price, product good, portion, quite high, quite, price feels, high"
R00731,P0106,Philippines,Kimchi,Premium Import Brand Y,4,I would prefer a healthier version with cleaner ingredients.,health_concern,positive,6,Spiciness and taste localization,"level, wish, wish milder, spice, spice level, milder version, version spice, milder"
R00732,P0106,Philippines,Kimchi,Premium Import Brand Y,2,"The taste is fine, but it feels expensive compared with local alternatives.",price_sensitivity,negative,3,Price sensitivity,"size, price, product good, portion, quite high, quite, price feels, high"
R00733,P0106,Philippines,Kimchi,Premium Import Brand Y,4,I like the rich seasoning and it feels close to real Korean-style food.,taste_authenticity_positive,positive,2,Taste authenticity,"real korean, style food, style, rich seasoning, rich, seasoning feels, real, seasoning"
R00734,P0106,Philippines,Kimchi,Premium Import Brand Y,3,The label information could be clearer and easier to read.,packaging_issue,neutral,4,Halal trust and certification,"clear halal, clear, halal, looks, halal information, looks good, good clear, product looks"
R00735,P0107,Philippines,Kimchi,Japanese Brand V,3,"Good flavor, but it feels a bit heavy for frequent consumption.",health_concern,neutral,3,Price sensitivity,"size, price, product good, portion, quite high, quite, price feels, high"
R00736,P0107,Philippines,Kimchi,Japanese Brand V,2,"The product is good, but the price feels quite high for the portion size.",price_sensitivity,negative,3,Price sensitivity,"size, price, product good, portion, quite high, quite, price feels, high"
R00737,P0107,Philippines,Kimchi,Japanese Brand V,3,"I like it, but I would only buy again if there is a discount.",price_sensitivity,neutral,7,Halal trust and certification,"buy, like buy, discount, buy discount, like, certification, halal certification, clearly shown"
R00738,P0107,Philippines,Kimchi,Japanese Brand V,4,Clear halal labeling would make me more confident to purchase.,halal_concern,positive,4,Halal trust and certification,"clear halal, clear, halal, looks, halal information, looks good, good clear, product looks"
R00739,P0107,Philippines,Kimchi,Japanese Brand V,4,"It tastes good, but one pack is not enough for a full meal.",portion_size,positive,5,General product experience,"tastes good, tastes, good, saves time, saves, time, time tastes, like saves"
R00740,P0107,Philippines,Kimchi,Japanese Brand V,5,Easy to prepare and good for busy weekdays.,convenience_positive,positive,5,General product experience,"tastes good, tastes, good, saves time, saves, time, time tastes, like saves"
R00741,P0107,Philippines,Kimchi,Japanese Brand V,4,The taste is very satisfying and works well for a quick Korean meal at home.,taste_authenticity_positive,positive,1,Convenience and quick meal,"quick, works, works quick, satisfying, taste satisfying, satisfying works, quick korean, korean meal"
R00742,P0107,Philippines,Kimchi,Japanese Brand V,5,I like the rich seasoning and it feels close to real Korean-style food.,taste_authenticity_positive,positive,2,Taste authenticity,"real korean, style food, style, rich seasoning, rich, seasoning feels, real, seasoning"
R00743,P0107,Philippines,Kimchi,Japanese Brand V,3,"The taste is fine, but it feels expensive compared with local alternatives.",price_sensitivity,neutral,3,Price sensitivity,"size, price, product good, portion, quite high, quite, price feels, high"
R00744,P0107,Philippines,Kimchi,Japanese Brand V,4,"Good flavor, but it feels a bit heavy for frequent consumption.",health_concern,positive,3,Price sensitivity,"size, price, product good, portion, quite high, quite, price feels, high"
R00745,P0108,Philippines,Kimchi,Korean Brand C,3,"The flavor is good, but it is too spicy for my family.",too_spicy,neutral,5,General product experience,"tastes good, tastes, good, saves time, saves, time, time tastes, like saves"
R00746,P0108,Philippines,Kimchi,Korean Brand C,5,The flavor tastes authentic and reminds me of Korean restaurant food.,taste_authenticity_positive,positive,0,Taste authenticity,"reminds, restaurant food, tastes authentic, restaurant, reminds korean, authentic reminds, korean restaurant, flavor tastes"
R00747,P0108,Philippines,Kimchi,Korean Brand C,4,"The product is good, but the packaging does not feel very strong.",packaging_issue,positive,3,Price sensitivity,"size, price, product good, portion, quite high, quite, price feels, high"
R00748,P0108,Philippines,Kimchi,Korean Brand C,4,The portion is smaller than expected.,portion_size,positive,3,Price sensitivity,"size, price, product good, portion, quite high, quite, price feels, high"
R00749,P0108,Philippines,Kimchi,Korean Brand C,4,Easy to prepare and good for busy weekdays.,convenience_positive,positive,5,General product experience,"tastes good, tastes, good, saves time, saves, time, time tastes, like saves"
R00750,P0108,Philippines,Kimchi,Korean Brand C,2,"The taste is fine, but it feels expensive compared with local alternatives.",price_sensitivity,negative,3,Price sensitivity,"size, price, product good, portion, quite high, quite, price feels, high"
R00751,P0108,Philippines,Kimchi,Korean Brand C,4,The packaging could be improved because it was slightly damaged when delivered.,packaging_issue,positive,3,Price sensitivity,"size, price, product good, portion, quite high, quite, price feels, high"
R00752,P0108,Philippines,Kimchi,Korean Brand C,5,The taste is very satisfying and works well for a quick Korean meal at home.,taste_authenticity_positive,positive,1,Convenience and quick meal,"quick, works, works quick, satisfying, taste satisfying, satisfying works, quick korean, korean meal"
R00753,P0108,Philippines,Kimchi,Korean Brand C,3,The portion is smaller than expected.,portion_size,neutral,3,Price sensitivity,"size, price, product good, portion, quite high, quite, price feels, high"
R00754,P0108,Philippines,Kimchi,Korean Brand C,3,"The flavor is good, but it is too spicy for my family.",too_spicy,neutral,5,General product experience,"tastes good, tastes, good, saves time, saves, time, time tastes, like saves"
R00755,P0109,Philippines,Kimchi,Private Label P,3,"The flavor is good, but it is too spicy for my family.",too_spicy,neutral,5,General product experience,"tastes good, tastes, good, saves time, saves, time, time tastes, like saves"
R00756,P0109,Philippines,Kimchi,Private Label P,4,The label information could be clearer and easier to read.,packaging_issue,positive,4,Halal trust and certification,"clear halal, clear, halal, looks, halal information, looks good, good clear, product looks"
R00757,P0109,Philippines,Kimchi,Private Label P,5,Easy to prepare and good for busy weekdays.,convenience_positive,positive,5,General product experience,"tastes good, tastes, good, saves time, saves, time, time tastes, like saves"
R00758,P0109,Philippines,Kimchi,Private Label P,4,The packaging could be improved because it was slightly damaged when delivered.,packaging_issue,positive,3,Price sensitivity,"size, price, product good, portion, quite high, quite, price feels, high"
R00759,P0109,Philippines,Kimchi,Private Label P,3,"The product tastes nice, but the heat level may be difficult for beginners.",too_spicy,neutral,6,Spiciness and taste localization,"level, wish, wish milder, spice, spice level, milder version, version spice, milder"
R00760,P0109,Philippines,Kimchi,Private Label P,5,I like the rich seasoning and it feels close to real Korean-style food.,taste_authenticity_positive,positive,2,Taste authenticity,"real korean, style food, style, rich seasoning, rich, seasoning feels, real, seasoning"
R00761,P0110,Philippines,Kimchi,Japanese Brand S,2,"The product looks good, but I could not find clear halal information.",halal_concern,negative,4,Halal trust and certification,"clear halal, clear, halal, looks, halal information, looks good, good clear, product looks"
R00762,P0110,Philippines,Kimchi,Japanese Brand S,5,The flavor tastes authentic and reminds me of Korean restaurant food.,taste_authenticity_positive,positive,0,Taste authenticity,"reminds, restaurant food, tastes authentic, restaurant, reminds korean, authentic reminds, korean restaurant, flavor tastes"
R00763,P0110,Philippines,Kimchi,Japanese Brand S,5,The taste is very satisfying and works well for a quick Korean meal at home.,taste_authenticity_positive,positive,1,Convenience and quick meal,"quick, works, works quick, satisfying, taste satisfying, satisfying works, quick korean, korean meal"
R00764,P0110,Philippines,Kimchi,Japanese Brand S,5,The taste is very satisfying and works well for a quick Korean meal at home.,taste_authenticity_positive,positive,1,Convenience and quick meal,"quick, works, works quick, satisfying, taste satisfying, satisfying works, quick korean, korean meal"
R00765,P0110,Philippines,Kimchi,Japanese Brand S,3,"The product looks good, but I could not find clear halal information.",halal_concern,neutral,4,Halal trust and certification,"clear halal, clear, halal, looks, halal information, looks good, good clear, product looks"
R00766,P0110,Philippines,Kimchi,Japanese Brand S,4,The serving size could be larger for the price.,portion_size,positive,3,Price sensitivity,"size, price, product good, portion, quite high, quite, price feels, high"
R00767,P0110,Philippines,Kimchi,Japanese Brand S,5,I like the rich seasoning and it feels close to real Korean-style food.,taste_authenticity_positive,positive,2,Taste authenticity,"real korean, style food, style, rich seasoning, rich, seasoning feels, real, seasoning"
R00768,P0110,Philippines,Kimchi,Japanese Brand S,3,"The product looks good, but I could not find clear halal information.",halal_concern,neutral,4,Halal trust and certification,"clear halal, clear, halal, looks, halal information, looks good, good clear, product looks"
R00769,P0111,Philippines,Kimchi,Local Brand J,5,I like the rich seasoning and it feels close to real Korean-style food.,taste_authenticity_positive,positive,2,Taste authenticity,"real korean, style food, style, rich seasoning, rich, seasoning feels, real, seasoning"
R00770,P0111,Philippines,Kimchi,Local Brand J,4,Very convenient for a quick meal after work.,convenience_positive,positive,1,Convenience and quick meal,"quick, works, works quick, satisfying, taste satisfying, satisfying works, quick korean, korean meal"
R00771,P0111,Philippines,Kimchi,Local Brand J,2,Clear halal labeling would make me more confident to purchase.,halal_concern,negative,4,Halal trust and certification,"clear halal, clear, halal, looks, halal information, looks good, good clear, product looks"
R00772,P0111,Philippines,Kimchi,Local Brand J,4,The flavor tastes authentic and reminds me of Korean restaurant food.,taste_authenticity_positive,positive,0,Taste authenticity,"reminds, restaurant food, tastes authentic, restaurant, reminds korean, authentic reminds, korean restaurant, flavor tastes"
R00773,P0111,Philippines,Kimchi,Local Brand J,5,I like the rich seasoning and it feels close to real Korean-style food.,taste_authenticity_positive,positive,2,Taste authenticity,"real korean, style food, style, rich seasoning, rich, seasoning feels, real, seasoning"
R00774,P0111,Philippines,Kimchi,Local Brand J,5,The taste is very satisfying and works well for a quick Korean meal at home.,taste_authenticity_positive,positive,1,Convenience and quick meal,"quick, works, works quick, satisfying, taste satisfying, satisfying works, quick korean, korean meal"
R00775,P0111,Philippines,Kimchi,Local Brand J,2,The serving size could be larger for the price.,portion_size,negative,3,Price sensitivity,"size, price, product good, portion, quite high, quite, price feels, high"
R00776,P0111,Philippines,Kimchi,Local Brand J,4,"The product is good, but the packaging does not feel very strong.",packaging_issue,positive,3,Price sensitivity,"size, price, product good, portion, quite high, quite, price feels, high"
R00777,P0112,Philippines,Kimchi,Private Label H,5,I like that it saves time and still tastes good.,convenience_positive,positive,5,General product experience,"tastes good, tastes, good, saves time, saves, time, time tastes, like saves"
R00778,P0112,Philippines,Kimchi,Private Label H,3,I wish there was a milder version because the spice level is too strong.,too_spicy,neutral,6,Spiciness and taste localization,"level, wish, wish milder, spice, spice level, milder version, version spice, milder"
R00779,P0112,Philippines,Kimchi,Private Label H,4,Easy to prepare and good for busy weekdays.,convenience_positive,positive,5,General product experience,"tastes good, tastes, good, saves time, saves, time, time tastes, like saves"
R00780,P0112,Philippines,Kimchi,Private Label H,4,I like the rich seasoning and it feels close to real Korean-style food.,taste_authenticity_positive,positive,2,Taste authenticity,"real korean, style food, style, rich seasoning, rich, seasoning feels, real, seasoning"
R00781,P0112,Philippines,Kimchi,Private Label H,3,"I like it, but I would only buy again if there is a discount.",price_sensitivity,neutral,7,Halal trust and certification,"buy, like buy, discount, buy discount, like, certification, halal certification, clearly shown"
R00782,P0112,Philippines,Kimchi,Private Label H,4,I like that it saves time and still tastes good.,convenience_positive,positive,5,General product experience,"tastes good, tastes, good, saves time, saves, time, time tastes, like saves"
R00783,P0112,Philippines,Kimchi,Private Label H,4,"The flavor is good, but it is too spicy for my family.",too_spicy,positive,5,General product experience,"tastes good, tastes, good, saves time, saves, time, time tastes, like saves"
R00784,P0112,Philippines,Kimchi,Private Label H,5,I like that it saves time and still tastes good.,convenience_positive,positive,5,General product experience,"tastes good, tastes, good, saves time, saves, time, time tastes, like saves"
R00785,P0112,Philippines,Kimchi,Private Label H,3,"The product is good, but the price feels quite high for the portion size.",price_sensitivity,neutral,3,Price sensitivity,"size, price, product good, portion, quite high, quite, price feels, high"
R00786,P0112,Philippines,Kimchi,Private Label H,2,"Good flavor, but it feels a bit heavy for frequent consumption.",health_concern,negative,3,Price sensitivity,"size, price, product good, portion, quite high, quite, price feels, high"
R00787,P0113,Philippines,Gochujang sauce,Korean Brand F,5,I like the rich seasoning and it feels close to real Korean-style food.,taste_authenticity_positive,positive,2,Taste authenticity,"real korean, style food, style, rich seasoning, rich, seasoning feels, real, seasoning"
R00788,P0113,Philippines,Gochujang sauce,Korean Brand F,4,The serving size could be larger for the price.,portion_size,positive,3,Price sensitivity,"size, price, product good, portion, quite high, quite, price feels, high"
R00789,P0113,Philippines,Gochujang sauce,Korean Brand F,2,"The product tastes nice, but the heat level may be difficult for beginners.",too_spicy,negative,6,Spiciness and taste localization,"level, wish, wish milder, spice, spice level, milder version, version spice, milder"
R00790,P0113,Philippines,Gochujang sauce,Korean Brand F,3,The label information could be clearer and easier to read.,packaging_issue,neutral,4,Halal trust and certification,"clear halal, clear, halal, looks, halal information, looks good, good clear, product looks"
R00791,P0113,Philippines,Gochujang sauce,Korean Brand F,4,I wish there was a milder version because the spice level is too strong.,too_spicy,positive,6,Spiciness and taste localization,"level, wish, wish milder, spice, spice level, milder version, version spice, milder"
R00792,P0113,Philippines,Gochujang sauce,Korean Brand F,4,Very convenient for a quick meal after work.,convenience_positive,positive,1,Convenience and quick meal,"quick, works, works quick, satisfying, taste satisfying, satisfying works, quick korean, korean meal"
R00793,P0113,Philippines,Gochujang sauce,Korean Brand F,5,The taste is very satisfying and works well for a quick Korean meal at home.,taste_authenticity_positive,positive,1,Convenience and quick meal,"quick, works, works quick, satisfying, taste satisfying, satisfying works, quick korean, korean meal"
R00794,P0113,Philippines,Gochujang sauce,Korean Brand F,2,"The product looks good, but I could not find clear halal information.",halal_concern,negative,4,Halal trust and certification,"clear halal, clear, halal, looks, halal information, looks good, good clear, product looks"
R00795,P0113,Philippines,Gochujang sauce,Korean Brand F,3,The packaging could be improved because it was slightly damaged when delivered.,packaging_issue,neutral,3,Price sensitivity,"size, price, product good, portion, quite high, quite, price feels, high"
R00796,P0114,Philippines,Gochujang sauce,Korean Brand V,3,"It tastes good, but one pack is not enough for a full meal.",portion_size,neutral,5,General product experience,"tastes good, tastes, good, saves time, saves, time, time tastes, like saves"
R00797,P0114,Philippines,Gochujang sauce,Korean Brand V,5,Very convenient for a quick meal after work.,convenience_positive,positive,1,Convenience and quick meal,"quick, works, works quick, satisfying, taste satisfying, satisfying works, quick korean, korean meal"
R00798,P0114,Philippines,Gochujang sauce,Korean Brand V,3,"The product is good, but the packaging does not feel very strong.",packaging_issue,neutral,3,Price sensitivity,"size, price, product good, portion, quite high, quite, price feels, high"
R00799,P0114,Philippines,Gochujang sauce,Korean Brand V,2,I wish there was a milder version because the spice level is too strong.,too_spicy,negative,6,Spiciness and taste localization,"level, wish, wish milder, spice, spice level, milder version, version spice, milder"
R00800,P0114,Philippines,Gochujang sauce,Korean Brand V,3,I wish there was a milder version because the spice level is too strong.,too_spicy,neutral,6,Spiciness and taste localization,"level, wish, wish milder, spice, spice level, milder version, version spice, milder"
R00801,P0114,Philippines,Gochujang sauce,Korean Brand V,3,"The product is good, but the packaging does not feel very strong.",packaging_issue,neutral,3,Price sensitivity,"size, price, product good, portion, quite high, quite, price feels, high"
R00802,P0114,Philippines,Gochujang sauce,Korean Brand V,5,I like the rich seasoning and it feels close to real Korean-style food.,taste_authenticity_positive,positive,2,Taste authenticity,"real korean, style food, style, rich seasoning, rich, seasoning feels, real, seasoning"
R00803,P0115,Philippines,Gochujang sauce,Local Brand C,2,The serving size could be larger for the price.,portion_size,negative,3,Price sensitivity,"size, price, product good, portion, quite high, quite, price feels, high"
R00804,P0115,Philippines,Gochujang sauce,Local Brand C,2,"Good flavor, but it feels a bit heavy for frequent consumption.",health_concern,negative,3,Price sensitivity,"size, price, product good, portion, quite high, quite, price feels, high"
R00805,P0115,Philippines,Gochujang sauce,Local Brand C,5,The flavor tastes authentic and reminds me of Korean restaurant food.,taste_authenticity_positive,positive,0,Taste authenticity,"reminds, restaurant food, tastes authentic, restaurant, reminds korean, authentic reminds, korean restaurant, flavor tastes"
R00806,P0115,Philippines,Gochujang sauce,Local Brand C,2,Clear halal labeling would make me more confident to purchase.,halal_concern,negative,4,Halal trust and certification,"clear halal, clear, halal, looks, halal information, looks good, good clear, product looks"
R00807,P0115,Philippines,Gochujang sauce,Local Brand C,4,I wish there was a milder version because the spice level is too strong.,too_spicy,positive,6,Spiciness and taste localization,"level, wish, wish milder, spice, spice level, milder version, version spice, milder"
R00808,P0115,Philippines,Gochujang sauce,Local Brand C,3,I wish there was a milder version because the spice level is too strong.,too_spicy,neutral,6,Spiciness and taste localization,"level, wish, wish milder, spice, spice level, milder version, version spice, milder"
R00809,P0115,Philippines,Gochujang sauce,Local Brand C,4,I like that it saves time and still tastes good.,convenience_positive,positive,5,General product experience,"tastes good, tastes, good, saves time, saves, time, time tastes, like saves"
R00810,P0116,Philippines,Gochujang sauce,Local Brand R,3,"The taste is nice, but I wish it had less sodium.",health_concern,neutral,6,Spiciness and taste localization,"level, wish, wish milder, spice, spice level, milder version, version spice, milder"
R00811,P0116,Philippines,Gochujang sauce,Local Brand R,3,The packaging could be improved because it was slightly damaged when delivered.,packaging_issue,neutral,3,Price sensitivity,"size, price, product good, portion, quite high, quite, price feels, high"
R00812,P0116,Philippines,Gochujang sauce,Local Brand R,3,I would buy this more often if the halal certification was clearly shown.,halal_concern,neutral,7,Halal trust and certification,"buy, like buy, discount, buy discount, like, certification, halal certification, clearly shown"
R00813,P0116,Philippines,Gochujang sauce,Local Brand R,3,The label information could be clearer and easier to read.,packaging_issue,neutral,4,Halal trust and certification,"clear halal, clear, halal, looks, halal information, looks good, good clear, product looks"
R00814,P0116,Philippines,Gochujang sauce,Local Brand R,4,"The product looks good, but I could not find clear halal information.",halal_concern,positive,4,Halal trust and certification,"clear halal, clear, halal, looks, halal information, looks good, good clear, product looks"
R00815,P0116,Philippines,Gochujang sauce,Local Brand R,5,The flavor tastes authentic and reminds me of Korean restaurant food.,taste_authenticity_positive,positive,0,Taste authenticity,"reminds, restaurant food, tastes authentic, restaurant, reminds korean, authentic reminds, korean restaurant, flavor tastes"
R00816,P0116,Philippines,Gochujang sauce,Local Brand R,4,"The product is good, but the price feels quite high for the portion size.",price_sensitivity,positive,3,Price sensitivity,"size, price, product good, portion, quite high, quite, price feels, high"
R00817,P0117,Philippines,Gochujang sauce,Local Brand H,5,The flavor tastes authentic and reminds me of Korean restaurant food.,taste_authenticity_positive,positive,0,Taste authenticity,"reminds, restaurant food, tastes authentic, restaurant, reminds korean, authentic reminds, korean restaurant, flavor tastes"
R00818,P0117,Philippines,Gochujang sauce,Local Brand H,3,"I like it, but I would only buy again if there is a discount.",price_sensitivity,neutral,7,Halal trust and certification,"buy, like buy, discount, buy discount, like, certification, halal certification, clearly shown"
R00819,P0117,Philippines,Gochujang sauce,Local Brand H,5,I like the rich seasoning and it feels close to real Korean-style food.,taste_authenticity_positive,positive,2,Taste authenticity,"real korean, style food, style, rich seasoning, rich, seasoning feels, real, seasoning"
R00820,P0117,Philippines,Gochujang sauce,Local Brand H,4,"The flavor is good, but it is too spicy for my family.",too_spicy,positive,5,General product experience,"tastes good, tastes, good, saves time, saves, time, time tastes, like saves"
R00821,P0117,Philippines,Gochujang sauce,Local Brand H,5,I like the rich seasoning and it feels close to real Korean-style food.,taste_authenticity_positive,positive,2,Taste authenticity,"real korean, style food, style, rich seasoning, rich, seasoning feels, real, seasoning"
R00822,P0117,Philippines,Gochujang sauce,Local Brand H,4,The portion is smaller than expected.,portion_size,positive,3,Price sensitivity,"size, price, product good, portion, quite high, quite, price feels, high"
R00823,P0117,Philippines,Gochujang sauce,Local Brand H,3,Clear halal labeling would make me more confident to purchase.,halal_concern,neutral,4,Halal trust and certification,"clear halal, clear, halal, looks, halal information, looks good, good clear, product looks"
R00824,P0117,Philippines,Gochujang sauce,Local Brand H,2,"The flavor is good, but it is too spicy for my family.",too_spicy,negative,5,General product experience,"tastes good, tastes, good, saves time, saves, time, time tastes, like saves"
R00825,P0117,Philippines,Gochujang sauce,Local Brand H,5,The taste is very satisfying and works well for a quick Korean meal at home.,taste_authenticity_positive,positive,1,Convenience and quick meal,"quick, works, works quick, satisfying, taste satisfying, satisfying works, quick korean, korean meal"
R00826,P0118,Philippines,Gochujang sauce,Korean Brand T,2,"I like it, but I would only buy again if there is a discount.",price_sensitivity,negative,7,Halal trust and certification,"buy, like buy, discount, buy discount, like, certification, halal certification, clearly shown"
R00827,P0118,Philippines,Gochujang sauce,Korean Brand T,3,"The flavor is good, but it is too spicy for my family.",too_spicy,neutral,5,General product experience,"tastes good, tastes, good, saves time, saves, time, time tastes, like saves"
R00828,P0118,Philippines,Gochujang sauce,Korean Brand T,4,"I like it, but I would only buy again if there is a discount.",price_sensitivity,positive,7,Halal trust and certification,"buy, like buy, discount, buy discount, like, certification, halal certification, clearly shown"
R00829,P0118,Philippines,Gochujang sauce,Korean Brand T,2,"The taste is nice, but I wish it had less sodium.",health_concern,negative,6,Spiciness and taste localization,"level, wish, wish milder, spice, spice level, milder version, version spice, milder"
R00830,P0118,Philippines,Gochujang sauce,Korean Brand T,3,"The taste is fine, but it feels expensive compared with local alternatives.",price_sensitivity,neutral,3,Price sensitivity,"size, price, product good, portion, quite high, quite, price feels, high"
R00831,P0118,Philippines,Gochujang sauce,Korean Brand T,2,I wish there was a milder version because the spice level is too strong.,too_spicy,negative,6,Spiciness and taste localization,"level, wish, wish milder, spice, spice level, milder version, version spice, milder"
R00832,P0118,Philippines,Gochujang sauce,Korean Brand T,5,I like the rich seasoning and it feels close to real Korean-style food.,taste_authenticity_positive,positive,2,Taste authenticity,"real korean, style food, style, rich seasoning, rich, seasoning feels, real, seasoning"
R00833,P0118,Philippines,Gochujang sauce,Korean Brand T,3,"The flavor is good, but it is too spicy for my family.",too_spicy,neutral,5,General product experience,"tastes good, tastes, good, saves time, saves, time, time tastes, like saves"
R00834,P0118,Philippines,Gochujang sauce,Korean Brand T,4,I would prefer a healthier version with cleaner ingredients.,health_concern,positive,6,Spiciness and taste localization,"level, wish, wish milder, spice, spice level, milder version, version spice, milder"
R00835,P0119,Philippines,Gochujang sauce,Local Brand M,5,The taste is very satisfying and works well for a quick Korean meal at home.,taste_authenticity_positive,positive,1,Convenience and quick meal,"quick, works, works quick, satisfying, taste satisfying, satisfying works, quick korean, korean meal"
R00836,P0119,Philippines,Gochujang sauce,Local Brand M,4,Clear halal labeling would make me more confident to purchase.,halal_concern,positive,4,Halal trust and certification,"clear halal, clear, halal, looks, halal information, looks good, good clear, product looks"
R00837,P0119,Philippines,Gochujang sauce,Local Brand M,5,The flavor tastes authentic and reminds me of Korean restaurant food.,taste_authenticity_positive,positive,0,Taste authenticity,"reminds, restaurant food, tastes authentic, restaurant, reminds korean, authentic reminds, korean restaurant, flavor tastes"
R00838,P0119,Philippines,Gochujang sauce,Local Brand M,4,The flavor tastes authentic and reminds me of Korean restaurant food.,taste_authenticity_positive,positive,0,Taste authenticity,"reminds, restaurant food, tastes authentic, restaurant, reminds korean, authentic reminds, korean restaurant, flavor tastes"
R00839,P0119,Philippines,Gochujang sauce,Local Brand M,3,"The product is good, but the packaging does not feel very strong.",packaging_issue,neutral,3,Price sensitivity,"size, price, product good, portion, quite high, quite, price feels, high"
R00840,P0120,Philippines,Gochujang sauce,Korean Brand Z,4,The taste is very satisfying and works well for a quick Korean meal at home.,taste_authenticity_positive,positive,1,Convenience and quick meal,"quick, works, works quick, satisfying, taste satisfying, satisfying works, quick korean, korean meal"
R00841,P0120,Philippines,Gochujang sauce,Korean Brand Z,5,Easy to prepare and good for busy weekdays.,convenience_positive,positive,5,General product experience,"tastes good, tastes, good, saves time, saves, time, time tastes, like saves"
R00842,P0120,Philippines,Gochujang sauce,Korean Brand Z,3,"The product tastes nice, but the heat level may be difficult for beginners.",too_spicy,neutral,6,Spiciness and taste localization,"level, wish, wish milder, spice, spice level, milder version, version spice, milder"
R00843,P0120,Philippines,Gochujang sauce,Korean Brand Z,3,"The product tastes nice, but the heat level may be difficult for beginners.",too_spicy,neutral,6,Spiciness and taste localization,"level, wish, wish milder, spice, spice level, milder version, version spice, milder"
R00844,P0120,Philippines,Gochujang sauce,Korean Brand Z,5,The flavor tastes authentic and reminds me of Korean restaurant food.,taste_authenticity_positive,positive,0,Taste authenticity,"reminds, restaurant food, tastes authentic, restaurant, reminds korean, authentic reminds, korean restaurant, flavor tastes"
R00845,P0121,Philippines,Frozen mandu,Korean Brand F,5,I like the rich seasoning and it feels close to real Korean-style food.,taste_authenticity_positive,positive,2,Taste authenticity,"real korean, style food, style, rich seasoning, rich, seasoning feels, real, seasoning"
R00846,P0121,Philippines,Frozen mandu,Korean Brand F,2,"The taste is fine, but it feels expensive compared with local alternatives.",price_sensitivity,negative,3,Price sensitivity,"size, price, product good, portion, quite high, quite, price feels, high"
R00847,P0121,Philippines,Frozen mandu,Korean Brand F,2,The portion is smaller than expected.,portion_size,negative,3,Price sensitivity,"size, price, product good, portion, quite high, quite, price feels, high"
R00848,P0121,Philippines,Frozen mandu,Korean Brand F,3,Clear halal labeling would make me more confident to purchase.,halal_concern,neutral,4,Halal trust and certification,"clear halal, clear, halal, looks, halal information, looks good, good clear, product looks"
R00849,P0121,Philippines,Frozen mandu,Korean Brand F,5,The flavor tastes authentic and reminds me of Korean restaurant food.,taste_authenticity_positive,positive,0,Taste authenticity,"reminds, restaurant food, tastes authentic, restaurant, reminds korean, authentic reminds, korean restaurant, flavor tastes"
R00850,P0121,Philippines,Frozen mandu,Korean Brand F,4,"The product is good, but the price feels quite high for the portion size.",price_sensitivity,positive,3,Price sensitivity,"size, price, product good, portion, quite high, quite, price feels, high"
R00851,P0122,Philippines,Frozen mandu,Japanese Brand S,5,The flavor tastes authentic and reminds me of Korean restaurant food.,taste_authenticity_positive,positive,0,Taste authenticity,"reminds, restaurant food, tastes authentic, restaurant, reminds korean, authentic reminds, korean restaurant, flavor tastes"
R00852,P0122,Philippines,Frozen mandu,Japanese Brand S,4,"It tastes good, but one pack is not enough for a full meal.",portion_size,positive,5,General product experience,"tastes good, tastes, good, saves time, saves, time, time tastes, like saves"
R00853,P0122,Philippines,Frozen mandu,Japanese Brand S,5,The flavor tastes authentic and reminds me of Korean restaurant food.,taste_authenticity_positive,positive,0,Taste authenticity,"reminds, restaurant food, tastes authentic, restaurant, reminds korean, authentic reminds, korean restaurant, flavor tastes"
R00854,P0122,Philippines,Frozen mandu,Japanese Brand S,4,The flavor tastes authentic and reminds me of Korean restaurant food.,taste_authenticity_positive,positive,0,Taste authenticity,"reminds, restaurant food, tastes authentic, restaurant, reminds korean, authentic reminds, korean restaurant, flavor tastes"
R00855,P0122,Philippines,Frozen mandu,Japanese Brand S,2,"The taste is fine, but it feels expensive compared with local alternatives.",price_sensitivity,negative,3,Price sensitivity,"size, price, product good, portion, quite high, quite, price feels, high"
R00856,P0123,Philippines,Frozen mandu,Private Label F,4,The flavor tastes authentic and reminds me of Korean restaurant food.,taste_authenticity_positive,positive,0,Taste authenticity,"reminds, restaurant food, tastes authentic, restaurant, reminds korean, authentic reminds, korean restaurant, flavor tastes"
R00857,P0123,Philippines,Frozen mandu,Private Label F,4,Clear halal labeling would make me more confident to purchase.,halal_concern,positive,4,Halal trust and certification,"clear halal, clear, halal, looks, halal information, looks good, good clear, product looks"
R00858,P0123,Philippines,Frozen mandu,Private Label F,5,The taste is very satisfying and works well for a quick Korean meal at home.,taste_authenticity_positive,positive,1,Convenience and quick meal,"quick, works, works quick, satisfying, taste satisfying, satisfying works, quick korean, korean meal"
R00859,P0123,Philippines,Frozen mandu,Private Label F,4,"I like it, but I would only buy again if there is a discount.",price_sensitivity,positive,7,Halal trust and certification,"buy, like buy, discount, buy discount, like, certification, halal certification, clearly shown"
R00860,P0123,Philippines,Frozen mandu,Private Label F,4,The flavor tastes authentic and reminds me of Korean restaurant food.,taste_authenticity_positive,positive,0,Taste authenticity,"reminds, restaurant food, tastes authentic, restaurant, reminds korean, authentic reminds, korean restaurant, flavor tastes"
R00861,P0123,Philippines,Frozen mandu,Private Label F,2,I would buy this more often if the halal certification was clearly shown.,halal_concern,negative,7,Halal trust and certification,"buy, like buy, discount, buy discount, like, certification, halal certification, clearly shown"
R00862,P0123,Philippines,Frozen mandu,Private Label F,3,The serving size could be larger for the price.,portion_size,neutral,3,Price sensitivity,"size, price, product good, portion, quite high, quite, price feels, high"
R00863,P0123,Philippines,Frozen mandu,Private Label F,3,"I like it, but I would only buy again if there is a discount.",price_sensitivity,neutral,7,Halal trust and certification,"buy, like buy, discount, buy discount, like, certification, halal certification, clearly shown"
R00864,P0123,Philippines,Frozen mandu,Private Label F,2,The portion is smaller than expected.,portion_size,negative,3,Price sensitivity,"size, price, product good, portion, quite high, quite, price feels, high"
R00865,P0123,Philippines,Frozen mandu,Private Label F,4,"It tastes good, but one pack is not enough for a full meal.",portion_size,positive,5,General product experience,"tastes good, tastes, good, saves time, saves, time, time tastes, like saves"
R00866,P0124,Philippines,Frozen mandu,Japanese Brand B,5,I like that it saves time and still tastes good.,convenience_positive,positive,5,General product experience,"tastes good, tastes, good, saves time, saves, time, time tastes, like saves"
R00867,P0124,Philippines,Frozen mandu,Japanese Brand B,3,I would buy this more often if the halal certification was clearly shown.,halal_concern,neutral,7,Halal trust and certification,"buy, like buy, discount, buy discount, like, certification, halal certification, clearly shown"
R00868,P0124,Philippines,Frozen mandu,Japanese Brand B,2,"I like it, but I would only buy again if there is a discount.",price_sensitivity,negative,7,Halal trust and certification,"buy, like buy, discount, buy discount, like, certification, halal certification, clearly shown"
R00869,P0124,Philippines,Frozen mandu,Japanese Brand B,5,The flavor tastes authentic and reminds me of Korean restaurant food.,taste_authenticity_positive,positive,0,Taste authenticity,"reminds, restaurant food, tastes authentic, restaurant, reminds korean, authentic reminds, korean restaurant, flavor tastes"
R00870,P0124,Philippines,Frozen mandu,Japanese Brand B,3,The portion is smaller than expected.,portion_size,neutral,3,Price sensitivity,"size, price, product good, portion, quite high, quite, price feels, high"
R00871,P0124,Philippines,Frozen mandu,Japanese Brand B,2,"The product looks good, but I could not find clear halal information.",halal_concern,negative,4,Halal trust and certification,"clear halal, clear, halal, looks, halal information, looks good, good clear, product looks"
R00872,P0125,Philippines,Frozen mandu,Local Brand A,4,"The flavor is good, but it is too spicy for my family.",too_spicy,positive,5,General product experience,"tastes good, tastes, good, saves time, saves, time, time tastes, like saves"
R00873,P0125,Philippines,Frozen mandu,Local Brand A,4,I like that it saves time and still tastes good.,convenience_positive,positive,5,General product experience,"tastes good, tastes, good, saves time, saves, time, time tastes, like saves"
R00874,P0125,Philippines,Frozen mandu,Local Brand A,5,The flavor tastes authentic and reminds me of Korean restaurant food.,taste_authenticity_positive,positive,0,Taste authenticity,"reminds, restaurant food, tastes authentic, restaurant, reminds korean, authentic reminds, korean restaurant, flavor tastes"
R00875,P0125,Philippines,Frozen mandu,Local Brand A,3,"The flavor is good, but it is too spicy for my family.",too_spicy,neutral,5,General product experience,"tastes good, tastes, good, saves time, saves, time, time tastes, like saves"
R00876,P0125,Philippines,Frozen mandu,Local Brand A,3,"The product looks good, but I could not find clear halal information.",halal_concern,neutral,4,Halal trust and certification,"clear halal, clear, halal, looks, halal information, looks good, good clear, product looks"
R00877,P0125,Philippines,Frozen mandu,Local Brand A,3,"The product looks good, but I could not find clear halal information.",halal_concern,neutral,4,Halal trust and certification,"clear halal, clear, halal, looks, halal information, looks good, good clear, product looks"
R00878,P0125,Philippines,Frozen mandu,Local Brand A,5,I like the rich seasoning and it feels close to real Korean-style food.,taste_authenticity_positive,positive,2,Taste authenticity,"real korean, style food, style, rich seasoning, rich, seasoning feels, real, seasoning"
R00879,P0125,Philippines,Frozen mandu,Local Brand A,3,"The product is good, but the price feels quite high for the portion size.",price_sensitivity,neutral,3,Price sensitivity,"size, price, product good, portion, quite high, quite, price feels, high"
R00880,P0125,Philippines,Frozen mandu,Local Brand A,2,I wish there was a milder version because the spice level is too strong.,too_spicy,negative,6,Spiciness and taste localization,"level, wish, wish milder, spice, spice level, milder version, version spice, milder"
R00881,P0126,Philippines,Frozen mandu,Local Brand J,3,"The product is good, but the price feels quite high for the portion size.",price_sensitivity,neutral,3,Price sensitivity,"size, price, product good, portion, quite high, quite, price feels, high"
R00882,P0126,Philippines,Frozen mandu,Local Brand J,4,The taste is very satisfying and works well for a quick Korean meal at home.,taste_authenticity_positive,positive,1,Convenience and quick meal,"quick, works, works quick, satisfying, taste satisfying, satisfying works, quick korean, korean meal"
R00883,P0126,Philippines,Frozen mandu,Local Brand J,4,"The taste is fine, but it feels expensive compared with local alternatives.",price_sensitivity,positive,3,Price sensitivity,"size, price, product good, portion, quite high, quite, price feels, high"
R00884,P0126,Philippines,Frozen mandu,Local Brand J,3,The portion is smaller than expected.,portion_size,neutral,3,Price sensitivity,"size, price, product good, portion, quite high, quite, price feels, high"
R00885,P0126,Philippines,Frozen mandu,Local Brand J,4,"The taste is nice, but I wish it had less sodium.",health_concern,positive,6,Spiciness and taste localization,"level, wish, wish milder, spice, spice level, milder version, version spice, milder"
R00886,P0127,Philippines,Frozen mandu,Private Label U,3,"The taste is fine, but it feels expensive compared with local alternatives.",price_sensitivity,neutral,3,Price sensitivity,"size, price, product good, portion, quite high, quite, price feels, high"
R00887,P0127,Philippines,Frozen mandu,Private Label U,3,"The taste is fine, but it feels expensive compared with local alternatives.",price_sensitivity,neutral,3,Price sensitivity,"size, price, product good, portion, quite high, quite, price feels, high"
R00888,P0127,Philippines,Frozen mandu,Private Label U,4,Very convenient for a quick meal after work.,convenience_positive,positive,1,Convenience and quick meal,"quick, works, works quick, satisfying, taste satisfying, satisfying works, quick korean, korean meal"
R00889,P0127,Philippines,Frozen mandu,Private Label U,5,I like that it saves time and still tastes good.,convenience_positive,positive,5,General product experience,"tastes good, tastes, good, saves time, saves, time, time tastes, like saves"
R00890,P0127,Philippines,Frozen mandu,Private Label U,3,Clear halal labeling would make me more confident to purchase.,halal_concern,neutral,4,Halal trust and certification,"clear halal, clear, halal, looks, halal information, looks good, good clear, product looks"
R00891,P0127,Philippines,Frozen mandu,Private Label U,2,I would buy this more often if the halal certification was clearly shown.,halal_concern,negative,7,Halal trust and certification,"buy, like buy, discount, buy discount, like, certification, halal certification, clearly shown"
R00892,P0128,Philippines,Frozen mandu,Korean Brand C,3,I wish there was a milder version because the spice level is too strong.,too_spicy,neutral,6,Spiciness and taste localization,"level, wish, wish milder, spice, spice level, milder version, version spice, milder"
R00893,P0128,Philippines,Frozen mandu,Korean Brand C,2,"It tastes good, but one pack is not enough for a full meal.",portion_size,negative,5,General product experience,"tastes good, tastes, good, saves time, saves, time, time tastes, like saves"
R00894,P0128,Philippines,Frozen mandu,Korean Brand C,4,The label information could be clearer and easier to read.,packaging_issue,positive,4,Halal trust and certification,"clear halal, clear, halal, looks, halal information, looks good, good clear, product looks"
R00895,P0128,Philippines,Frozen mandu,Korean Brand C,3,I would buy this more often if the halal certification was clearly shown.,halal_concern,neutral,7,Halal trust and certification,"buy, like buy, discount, buy discount, like, certification, halal certification, clearly shown"
R00896,P0128,Philippines,Frozen mandu,Korean Brand C,2,The serving size could be larger for the price.,portion_size,negative,3,Price sensitivity,"size, price, product good, portion, quite high, quite, price feels, high"
R00897,P0129,Philippines,Ready meal,Local Brand V,3,"Good flavor, but it feels a bit heavy for frequent consumption.",health_concern,neutral,3,Price sensitivity,"size, price, product good, portion, quite high, quite, price feels, high"
R00898,P0129,Philippines,Ready meal,Local Brand V,4,Very convenient for a quick meal after work.,convenience_positive,positive,1,Convenience and quick meal,"quick, works, works quick, satisfying, taste satisfying, satisfying works, quick korean, korean meal"
R00899,P0129,Philippines,Ready meal,Local Brand V,3,"The product looks good, but I could not find clear halal information.",halal_concern,neutral,4,Halal trust and certification,"clear halal, clear, halal, looks, halal information, looks good, good clear, product looks"
R00900,P0129,Philippines,Ready meal,Local Brand V,3,The label information could be clearer and easier to read.,packaging_issue,neutral,4,Halal trust and certification,"clear halal, clear, halal, looks, halal information, looks good, good clear, product looks"
R00901,P0129,Philippines,Ready meal,Local Brand V,3,The label information could be clearer and easier to read.,packaging_issue,neutral,4,Halal trust and certification,"clear halal, clear, halal, looks, halal information, looks good, good clear, product looks"
R00902,P0129,Philippines,Ready meal,Local Brand V,4,I wish there was a milder version because the spice level is too strong.,too_spicy,positive,6,Spiciness and taste localization,"level, wish, wish milder, spice, spice level, milder version, version spice, milder"
R00903,P0130,Philippines,Ready meal,Local Brand P,4,The portion is smaller than expected.,portion_size,positive,3,Price sensitivity,"size, price, product good, portion, quite high, quite, price feels, high"
R00904,P0130,Philippines,Ready meal,Local Brand P,3,"The product is good, but the price feels quite high for the portion size.",price_sensitivity,neutral,3,Price sensitivity,"size, price, product good, portion, quite high, quite, price feels, high"
R00905,P0130,Philippines,Ready meal,Local Brand P,3,I would buy this more often if the halal certification was clearly shown.,halal_concern,neutral,7,Halal trust and certification,"buy, like buy, discount, buy discount, like, certification, halal certification, clearly shown"
R00906,P0130,Philippines,Ready meal,Local Brand P,2,I would buy this more often if the halal certification was clearly shown.,halal_concern,negative,7,Halal trust and certification,"buy, like buy, discount, buy discount, like, certification, halal certification, clearly shown"
R00907,P0130,Philippines,Ready meal,Local Brand P,5,The flavor tastes authentic and reminds me of Korean restaurant food.,taste_authenticity_positive,positive,0,Taste authenticity,"reminds, restaurant food, tastes authentic, restaurant, reminds korean, authentic reminds, korean restaurant, flavor tastes"
R00908,P0130,Philippines,Ready meal,Local Brand P,5,The taste is very satisfying and works well for a quick Korean meal at home.,taste_authenticity_positive,positive,1,Convenience and quick meal,"quick, works, works quick, satisfying, taste satisfying, satisfying works, quick korean, korean meal"
R00909,P0130,Philippines,Ready meal,Local Brand P,5,The taste is very satisfying and works well for a quick Korean meal at home.,taste_authenticity_positive,positive,1,Convenience and quick meal,"quick, works, works quick, satisfying, taste satisfying, satisfying works, quick korean, korean meal"
R00910,P0130,Philippines,Ready meal,Local Brand P,2,"I like it, but I would only buy again if there is a discount.",price_sensitivity,negative,7,Halal trust and certification,"buy, like buy, discount, buy discount, like, certification, halal certification, clearly shown"
R00911,P0131,Philippines,Ready meal,Local Brand W,4,I like the rich seasoning and it feels close to real Korean-style food.,taste_authenticity_positive,positive,2,Taste authenticity,"real korean, style food, style, rich seasoning, rich, seasoning feels, real, seasoning"
R00912,P0131,Philippines,Ready meal,Local Brand W,2,I wish there was a milder version because the spice level is too strong.,too_spicy,negative,6,Spiciness and taste localization,"level, wish, wish milder, spice, spice level, milder version, version spice, milder"
R00913,P0131,Philippines,Ready meal,Local Brand W,3,"The product looks good, but I could not find clear halal information.",halal_concern,neutral,4,Halal trust and certification,"clear halal, clear, halal, looks, halal information, looks good, good clear, product looks"
R00914,P0131,Philippines,Ready meal,Local Brand W,2,The portion is smaller than expected.,portion_size,negative,3,Price sensitivity,"size, price, product good, portion, quite high, quite, price feels, high"
R00915,P0131,Philippines,Ready meal,Local Brand W,3,"The flavor is good, but it is too spicy for my family.",too_spicy,neutral,5,General product experience,"tastes good, tastes, good, saves time, saves, time, time tastes, like saves"
R00916,P0132,Philippines,Ready meal,Japanese Brand T,4,"I like it, but I would only buy again if there is a discount.",price_sensitivity,positive,7,Halal trust and certification,"buy, like buy, discount, buy discount, like, certification, halal certification, clearly shown"
R00917,P0132,Philippines,Ready meal,Japanese Brand T,2,The label information could be clearer and easier to read.,packaging_issue,negative,4,Halal trust and certification,"clear halal, clear, halal, looks, halal information, looks good, good clear, product looks"
R00918,P0132,Philippines,Ready meal,Japanese Brand T,5,The flavor tastes authentic and reminds me of Korean restaurant food.,taste_authenticity_positive,positive,0,Taste authenticity,"reminds, restaurant food, tastes authentic, restaurant, reminds korean, authentic reminds, korean restaurant, flavor tastes"
R00919,P0132,Philippines,Ready meal,Japanese Brand T,4,The portion is smaller than expected.,portion_size,positive,3,Price sensitivity,"size, price, product good, portion, quite high, quite, price feels, high"
R00920,P0132,Philippines,Ready meal,Japanese Brand T,5,The taste is very satisfying and works well for a quick Korean meal at home.,taste_authenticity_positive,positive,1,Convenience and quick meal,"quick, works, works quick, satisfying, taste satisfying, satisfying works, quick korean, korean meal"
R00921,P0132,Philippines,Ready meal,Japanese Brand T,4,I like that it saves time and still tastes good.,convenience_positive,positive,5,General product experience,"tastes good, tastes, good, saves time, saves, time, time tastes, like saves"
R00922,P0132,Philippines,Ready meal,Japanese Brand T,5,I like that it saves time and still tastes good.,convenience_positive,positive,5,General product experience,"tastes good, tastes, good, saves time, saves, time, time tastes, like saves"
R00923,P0132,Philippines,Ready meal,Japanese Brand T,4,Clear halal labeling would make me more confident to purchase.,halal_concern,positive,4,Halal trust and certification,"clear halal, clear, halal, looks, halal information, looks good, good clear, product looks"
R00924,P0132,Philippines,Ready meal,Japanese Brand T,3,"Good flavor, but it feels a bit heavy for frequent consumption.",health_concern,neutral,3,Price sensitivity,"size, price, product good, portion, quite high, quite, price feels, high"
R00925,P0133,Philippines,Ready meal,Korean Brand R,5,Easy to prepare and good for busy weekdays.,convenience_positive,positive,5,General product experience,"tastes good, tastes, good, saves time, saves, time, time tastes, like saves"
R00926,P0133,Philippines,Ready meal,Korean Brand R,3,The label information could be clearer and easier to read.,packaging_issue,neutral,4,Halal trust and certification,"clear halal, clear, halal, looks, halal information, looks good, good clear, product looks"
R00927,P0133,Philippines,Ready meal,Korean Brand R,4,Very convenient for a quick meal after work.,convenience_positive,positive,1,Convenience and quick meal,"quick, works, works quick, satisfying, taste satisfying, satisfying works, quick korean, korean meal"
R00928,P0133,Philippines,Ready meal,Korean Brand R,4,I like that it saves time and still tastes good.,convenience_positive,positive,5,General product experience,"tastes good, tastes, good, saves time, saves, time, time tastes, like saves"
R00929,P0134,Philippines,Ready meal,Korean Brand Q,2,"The product is good, but the packaging does not feel very strong.",packaging_issue,negative,3,Price sensitivity,"size, price, product good, portion, quite high, quite, price feels, high"
R00930,P0134,Philippines,Ready meal,Korean Brand Q,3,I would buy this more often if the halal certification was clearly shown.,halal_concern,neutral,7,Halal trust and certification,"buy, like buy, discount, buy discount, like, certification, halal certification, clearly shown"
R00931,P0134,Philippines,Ready meal,Korean Brand Q,3,Clear halal labeling would make me more confident to purchase.,halal_concern,neutral,4,Halal trust and certification,"clear halal, clear, halal, looks, halal information, looks good, good clear, product looks"
R00932,P0134,Philippines,Ready meal,Korean Brand Q,2,"The taste is fine, but it feels expensive compared with local alternatives.",price_sensitivity,negative,3,Price sensitivity,"size, price, product good, portion, quite high, quite, price feels, high"
R00933,P0134,Philippines,Ready meal,Korean Brand Q,5,The taste is very satisfying and works well for a quick Korean meal at home.,taste_authenticity_positive,positive,1,Convenience and quick meal,"quick, works, works quick, satisfying, taste satisfying, satisfying works, quick korean, korean meal"
R00934,P0134,Philippines,Ready meal,Korean Brand Q,5,Very convenient for a quick meal after work.,convenience_positive,positive,1,Convenience and quick meal,"quick, works, works quick, satisfying, taste satisfying, satisfying works, quick korean, korean meal"
R00935,P0135,Philippines,Ready meal,Premium Import Brand U,5,I like that it saves time and still tastes good.,convenience_positive,positive,5,General product experience,"tastes good, tastes, good, saves time, saves, time, time tastes, like saves"
R00936,P0135,Philippines,Ready meal,Premium Import Brand U,3,I wish there was a milder version because the spice level is too strong.,too_spicy,neutral,6,Spiciness and taste localization,"level, wish, wish milder, spice, spice level, milder version, version spice, milder"
R00937,P0135,Philippines,Ready meal,Premium Import Brand U,4,Easy to prepare and good for busy weekdays.,convenience_positive,positive,5,General product experience,"tastes good, tastes, good, saves time, saves, time, time tastes, like saves"
R00938,P0135,Philippines,Ready meal,Premium Import Brand U,3,"The taste is fine, but it feels expensive compared with local alternatives.",price_sensitivity,neutral,3,Price sensitivity,"size, price, product good, portion, quite high, quite, price feels, high"
R00939,P0135,Philippines,Ready meal,Premium Import Brand U,4,The flavor tastes authentic and reminds me of Korean restaurant food.,taste_authenticity_positive,positive,0,Taste authenticity,"reminds, restaurant food, tastes authentic, restaurant, reminds korean, authentic reminds, korean restaurant, flavor tastes"
R00940,P0135,Philippines,Ready meal,Premium Import Brand U,5,Very convenient for a quick meal after work.,convenience_positive,positive,1,Convenience and quick meal,"quick, works, works quick, satisfying, taste satisfying, satisfying works, quick korean, korean meal"
R00941,P0135,Philippines,Ready meal,Premium Import Brand U,5,Easy to prepare and good for busy weekdays.,convenience_positive,positive,5,General product experience,"tastes good, tastes, good, saves time, saves, time, time tastes, like saves"
R00942,P0135,Philippines,Ready meal,Premium Import Brand U,4,"The product is good, but the packaging does not feel very strong.",packaging_issue,positive,3,Price sensitivity,"size, price, product good, portion, quite high, quite, price feels, high"
R00943,P0136,Philippines,Ready meal,Korean Brand J,3,"The product is good, but the price feels quite high for the portion size.",price_sensitivity,neutral,3,Price sensitivity,"size, price, product good, portion, quite high, quite, price feels, high"
R00944,P0136,Philippines,Ready meal,Korean Brand J,2,"The product is good, but the price feels quite high for the portion size.",price_sensitivity,negative,3,Price sensitivity,"size, price, product good, portion, quite high, quite, price feels, high"
R00945,P0136,Philippines,Ready meal,Korean Brand J,4,I like the rich seasoning and it feels close to real Korean-style food.,taste_authenticity_positive,positive,2,Taste authenticity,"real korean, style food, style, rich seasoning, rich, seasoning feels, real, seasoning"
R00946,P0136,Philippines,Ready meal,Korean Brand J,4,The taste is very satisfying and works well for a quick Korean meal at home.,taste_authenticity_positive,positive,1,Convenience and quick meal,"quick, works, works quick, satisfying, taste satisfying, satisfying works, quick korean, korean meal"
R00947,P0136,Philippines,Ready meal,Korean Brand J,3,"Good flavor, but it feels a bit heavy for frequent consumption.",health_concern,neutral,3,Price sensitivity,"size, price, product good, portion, quite high, quite, price feels, high"
R00948,P0136,Philippines,Ready meal,Korean Brand J,4,The portion is smaller than expected.,portion_size,positive,3,Price sensitivity,"size, price, product good, portion, quite high, quite, price feels, high"
R00949,P0136,Philippines,Ready meal,Korean Brand J,3,"Good flavor, but it feels a bit heavy for frequent consumption.",health_concern,neutral,3,Price sensitivity,"size, price, product good, portion, quite high, quite, price feels, high"
R00950,P0136,Philippines,Ready meal,Korean Brand J,4,Very convenient for a quick meal after work.,convenience_positive,positive,1,Convenience and quick meal,"quick, works, works quick, satisfying, taste satisfying, satisfying works, quick korean, korean meal"
R00951,P0136,Philippines,Ready meal,Korean Brand J,3,"I like it, but I would only buy again if there is a discount.",price_sensitivity,neutral,7,Halal trust and certification,"buy, like buy, discount, buy discount, like, certification, halal certification, clearly shown"
R00952,P0136,Philippines,Ready meal,Korean Brand J,3,"The product looks good, but I could not find clear halal information.",halal_concern,neutral,4,Halal trust and certification,"clear halal, clear, halal, looks, halal information, looks good, good clear, product looks"
R00953,P0137,Philippines,Seaweed snack,Korean Brand Z,3,The packaging could be improved because it was slightly damaged when delivered.,packaging_issue,neutral,3,Price sensitivity,"size, price, product good, portion, quite high, quite, price feels, high"
R00954,P0137,Philippines,Seaweed snack,Korean Brand Z,3,"The product looks good, but I could not find clear halal information.",halal_concern,neutral,4,Halal trust and certification,"clear halal, clear, halal, looks, halal information, looks good, good clear, product looks"
R00955,P0137,Philippines,Seaweed snack,Korean Brand Z,5,The taste is very satisfying and works well for a quick Korean meal at home.,taste_authenticity_positive,positive,1,Convenience and quick meal,"quick, works, works quick, satisfying, taste satisfying, satisfying works, quick korean, korean meal"
R00956,P0137,Philippines,Seaweed snack,Korean Brand Z,4,I wish there was a milder version because the spice level is too strong.,too_spicy,positive,6,Spiciness and taste localization,"level, wish, wish milder, spice, spice level, milder version, version spice, milder"
R00957,P0137,Philippines,Seaweed snack,Korean Brand Z,4,"I like it, but I would only buy again if there is a discount.",price_sensitivity,positive,7,Halal trust and certification,"buy, like buy, discount, buy discount, like, certification, halal certification, clearly shown"
R00958,P0137,Philippines,Seaweed snack,Korean Brand Z,5,The taste is very satisfying and works well for a quick Korean meal at home.,taste_authenticity_positive,positive,1,Convenience and quick meal,"quick, works, works quick, satisfying, taste satisfying, satisfying works, quick korean, korean meal"
R00959,P0137,Philippines,Seaweed snack,Korean Brand Z,4,The label information could be clearer and easier to read.,packaging_issue,positive,4,Halal trust and certification,"clear halal, clear, halal, looks, halal information, looks good, good clear, product looks"
R00960,P0137,Philippines,Seaweed snack,Korean Brand Z,3,"The product is good, but the price feels quite high for the portion size.",price_sensitivity,neutral,3,Price sensitivity,"size, price, product good, portion, quite high, quite, price feels, high"
R00961,P0138,Philippines,Seaweed snack,Local Brand Y,4,Easy to prepare and good for busy weekdays.,convenience_positive,positive,5,General product experience,"tastes good, tastes, good, saves time, saves, time, time tastes, like saves"
R00962,P0138,Philippines,Seaweed snack,Local Brand Y,5,The flavor tastes authentic and reminds me of Korean restaurant food.,taste_authenticity_positive,positive,0,Taste authenticity,"reminds, restaurant food, tastes authentic, restaurant, reminds korean, authentic reminds, korean restaurant, flavor tastes"
R00963,P0138,Philippines,Seaweed snack,Local Brand Y,5,The flavor tastes authentic and reminds me of Korean restaurant food.,taste_authenticity_positive,positive,0,Taste authenticity,"reminds, restaurant food, tastes authentic, restaurant, reminds korean, authentic reminds, korean restaurant, flavor tastes"
R00964,P0138,Philippines,Seaweed snack,Local Brand Y,3,The label information could be clearer and easier to read.,packaging_issue,neutral,4,Halal trust and certification,"clear halal, clear, halal, looks, halal information, looks good, good clear, product looks"
R00965,P0138,Philippines,Seaweed snack,Local Brand Y,4,The flavor tastes authentic and reminds me of Korean restaurant food.,taste_authenticity_positive,positive,0,Taste authenticity,"reminds, restaurant food, tastes authentic, restaurant, reminds korean, authentic reminds, korean restaurant, flavor tastes"
R00966,P0138,Philippines,Seaweed snack,Local Brand Y,5,The flavor tastes authentic and reminds me of Korean restaurant food.,taste_authenticity_positive,positive,0,Taste authenticity,"reminds, restaurant food, tastes authentic, restaurant, reminds korean, authentic reminds, korean restaurant, flavor tastes"
R00967,P0138,Philippines,Seaweed snack,Local Brand Y,2,"It tastes good, but one pack is not enough for a full meal.",portion_size,negative,5,General product experience,"tastes good, tastes, good, saves time, saves, time, time tastes, like saves"
R00968,P0138,Philippines,Seaweed snack,Local Brand Y,4,The packaging could be improved because it was slightly damaged when delivered.,packaging_issue,positive,3,Price sensitivity,"size, price, product good, portion, quite high, quite, price feels, high"
R00969,P0139,Philippines,Seaweed snack,Local Brand V,3,The portion is smaller than expected.,portion_size,neutral,3,Price sensitivity,"size, price, product good, portion, quite high, quite, price feels, high"
R00970,P0139,Philippines,Seaweed snack,Local Brand V,3,"The product is good, but the price feels quite high for the portion size.",price_sensitivity,neutral,3,Price sensitivity,"size, price, product good, portion, quite high, quite, price feels, high"
R00971,P0139,Philippines,Seaweed snack,Local Brand V,2,"The product is good, but the packaging does not feel very strong.",packaging_issue,negative,3,Price sensitivity,"size, price, product good, portion, quite high, quite, price feels, high"
R00972,P0139,Philippines,Seaweed snack,Local Brand V,3,"Good flavor, but it feels a bit heavy for frequent consumption.",health_concern,neutral,3,Price sensitivity,"size, price, product good, portion, quite high, quite, price feels, high"
R00973,P0139,Philippines,Seaweed snack,Local Brand V,5,I like the rich seasoning and it feels close to real Korean-style food.,taste_authenticity_positive,positive,2,Taste authenticity,"real korean, style food, style, rich seasoning, rich, seasoning feels, real, seasoning"
R00974,P0139,Philippines,Seaweed snack,Local Brand V,5,The taste is very satisfying and works well for a quick Korean meal at home.,taste_authenticity_positive,positive,1,Convenience and quick meal,"quick, works, works quick, satisfying, taste satisfying, satisfying works, quick korean, korean meal"
R00975,P0139,Philippines,Seaweed snack,Local Brand V,3,"Good flavor, but it feels a bit heavy for frequent consumption.",health_concern,neutral,3,Price sensitivity,"size, price, product good, portion, quite high, quite, price feels, high"
R00976,P0139,Philippines,Seaweed snack,Local Brand V,4,I like that it saves time and still tastes good.,convenience_positive,positive,5,General product experience,"tastes good, tastes, good, saves time, saves, time, time tastes, like saves"
R00977,P0139,Philippines,Seaweed snack,Local Brand V,3,I would prefer a healthier version with cleaner ingredients.,health_concern,neutral,6,Spiciness and taste localization,"level, wish, wish milder, spice, spice level, milder version, version spice, milder"
R00978,P0140,Philippines,Seaweed snack,Japanese Brand C,2,"I like it, but I would only buy again if there is a discount.",price_sensitivity,negative,7,Halal trust and certification,"buy, like buy, discount, buy discount, like, certification, halal certification, clearly shown"
R00979,P0140,Philippines,Seaweed snack,Japanese Brand C,5,I like that it saves time and still tastes good.,convenience_positive,positive,5,General product experience,"tastes good, tastes, good, saves time, saves, time, time tastes, like saves"
R00980,P0140,Philippines,Seaweed snack,Japanese Brand C,3,"I like it, but I would only buy again if there is a discount.",price_sensitivity,neutral,7,Halal trust and certification,"buy, like buy, discount, buy discount, like, certification, halal certification, clearly shown"
R00981,P0140,Philippines,Seaweed snack,Japanese Brand C,4,"The product is good, but the price feels quite high for the portion size.",price_sensitivity,positive,3,Price sensitivity,"size, price, product good, portion, quite high, quite, price feels, high"
R00982,P0140,Philippines,Seaweed snack,Japanese Brand C,3,"The taste is fine, but it feels expensive compared with local alternatives.",price_sensitivity,neutral,3,Price sensitivity,"size, price, product good, portion, quite high, quite, price feels, high"
R00983,P0140,Philippines,Seaweed snack,Japanese Brand C,3,"Good flavor, but it feels a bit heavy for frequent consumption.",health_concern,neutral,3,Price sensitivity,"size, price, product good, portion, quite high, quite, price feels, high"
R00984,P0140,Philippines,Seaweed snack,Japanese Brand C,5,The taste is very satisfying and works well for a quick Korean meal at home.,taste_authenticity_positive,positive,1,Convenience and quick meal,"quick, works, works quick, satisfying, taste satisfying, satisfying works, quick korean, korean meal"
R00985,P0140,Philippines,Seaweed snack,Japanese Brand C,3,"Good flavor, but it feels a bit heavy for frequent consumption.",health_concern,neutral,3,Price sensitivity,"size, price, product good, portion, quite high, quite, price feels, high"
R00986,P0141,Philippines,Seaweed snack,Premium Import Brand U,2,The portion is smaller than expected.,portion_size,negative,3,Price sensitivity,"size, price, product good, portion, quite high, quite, price feels, high"
R00987,P0141,Philippines,Seaweed snack,Premium Import Brand U,4,I like the rich seasoning and it feels close to real Korean-style food.,taste_authenticity_positive,positive,2,Taste authenticity,"real korean, style food, style, rich seasoning, rich, seasoning feels, real, seasoning"
R00988,P0141,Philippines,Seaweed snack,Premium Import Brand U,2,The portion is smaller than expected.,portion_size,negative,3,Price sensitivity,"size, price, product good, portion, quite high, quite, price feels, high"
R00989,P0141,Philippines,Seaweed snack,Premium Import Brand U,5,I like the rich seasoning and it feels close to real Korean-style food.,taste_authenticity_positive,positive,2,Taste authenticity,"real korean, style food, style, rich seasoning, rich, seasoning feels, real, seasoning"
R00990,P0141,Philippines,Seaweed snack,Premium Import Brand U,5,Very convenient for a quick meal after work.,convenience_positive,positive,1,Convenience and quick meal,"quick, works, works quick, satisfying, taste satisfying, satisfying works, quick korean, korean meal"
R00991,P0141,Philippines,Seaweed snack,Premium Import Brand U,2,"Good flavor, but it feels a bit heavy for frequent consumption.",health_concern,negative,3,Price sensitivity,"size, price, product good, portion, quite high, quite, price feels, high"
R00992,P0141,Philippines,Seaweed snack,Premium Import Brand U,3,The packaging could be improved because it was slightly damaged when delivered.,packaging_issue,neutral,3,Price sensitivity,"size, price, product good, portion, quite high, quite, price feels, high"
R00993,P0141,Philippines,Seaweed snack,Premium Import Brand U,3,"The product is good, but the price feels quite high for the portion size.",price_sensitivity,neutral,3,Price sensitivity,"size, price, product good, portion, quite high, quite, price feels, high"
R00994,P0141,Philippines,Seaweed snack,Premium Import Brand U,3,"The taste is fine, but it feels expensive compared with local alternatives.",price_sensitivity,neutral,3,Price sensitivity,"size, price, product good, portion, quite high, quite, price feels, high"
R00995,P0142,Philippines,Seaweed snack,Local Brand F,4,"The product is good, but the packaging does not feel very strong.",packaging_issue,positive,3,Price sensitivity,"size, price, product good, portion, quite high, quite, price feels, high"
R00996,P0142,Philippines,Seaweed snack,Local Brand F,5,I like the rich seasoning and it feels close to real Korean-style food.,taste_authenticity_positive,positive,2,Taste authenticity,"real korean, style food, style, rich seasoning, rich, seasoning feels, real, seasoning"
R00997,P0142,Philippines,Seaweed snack,Local Brand F,3,The label information could be clearer and easier to read.,packaging_issue,neutral,4,Halal trust and certification,"clear halal, clear, halal, looks, halal information, looks good, good clear, product looks"
R00998,P0142,Philippines,Seaweed snack,Local Brand F,3,"The taste is fine, but it feels expensive compared with local alternatives.",price_sensitivity,neutral,3,Price sensitivity,"size, price, product good, portion, quite high, quite, price feels, high"
R00999,P0142,Philippines,Seaweed snack,Local Brand F,5,The taste is very satisfying and works well for a quick Korean meal at home.,taste_authenticity_positive,positive,1,Convenience and quick meal,"quick, works, works quick, satisfying, taste satisfying, satisfying works, quick korean, korean meal"
R01000,P0142,Philippines,Seaweed snack,Local Brand F,5,The taste is very satisfying and works well for a quick Korean meal at home.,taste_authenticity_positive,positive,1,Convenience and quick meal,"quick, works, works quick, satisfying, taste satisfying, satisfying works, quick korean, korean meal"
R01001,P0142,Philippines,Seaweed snack,Local Brand F,4,The taste is very satisfying and works well for a quick Korean meal at home.,taste_authenticity_positive,positive,1,Convenience and quick meal,"quick, works, works quick, satisfying, taste satisfying, satisfying works, quick korean, korean meal"
R01002,P0142,Philippines,Seaweed snack,Local Brand F,3,The portion is smaller than expected.,portion_size,neutral,3,Price sensitivity,"size, price, product good, portion, quite high, quite, price feels, high"
R01003,P0142,Philippines,Seaweed snack,Local Brand F,5,Easy to prepare and good for busy weekdays.,convenience_positive,positive,5,General product experience,"tastes good, tastes, good, saves time, saves, time, time tastes, like saves"
R01004,P0142,Philippines,Seaweed snack,Local Brand F,4,"The taste is fine, but it feels expensive compared with local alternatives.",price_sensitivity,positive,3,Price sensitivity,"size, price, product good, portion, quite high, quite, price feels, high"
R01005,P0143,Philippines,Seaweed snack,Local Brand R,3,"It tastes good, but one pack is not enough for a full meal.",portion_size,neutral,5,General product experience,"tastes good, tastes, good, saves time, saves, time, time tastes, like saves"
R01006,P0143,Philippines,Seaweed snack,Local Brand R,2,The label information could be clearer and easier to read.,packaging_issue,negative,4,Halal trust and certification,"clear halal, clear, halal, looks, halal information, looks good, good clear, product looks"
R01007,P0143,Philippines,Seaweed snack,Local Brand R,5,The flavor tastes authentic and reminds me of Korean restaurant food.,taste_authenticity_positive,positive,0,Taste authenticity,"reminds, restaurant food, tastes authentic, restaurant, reminds korean, authentic reminds, korean restaurant, flavor tastes"
R01008,P0143,Philippines,Seaweed snack,Local Brand R,4,The portion is smaller than expected.,portion_size,positive,3,Price sensitivity,"size, price, product good, portion, quite high, quite, price feels, high"
R01009,P0143,Philippines,Seaweed snack,Local Brand R,3,"The product is good, but the price feels quite high for the portion size.",price_sensitivity,neutral,3,Price sensitivity,"size, price, product good, portion, quite high, quite, price feels, high"
R01010,P0144,Philippines,Seaweed snack,Korean Brand L,4,"The taste is nice, but I wish it had less sodium.",health_concern,positive,6,Spiciness and taste localization,"level, wish, wish milder, spice, spice level, milder version, version spice, milder"
R01011,P0144,Philippines,Seaweed snack,Korean Brand L,4,"The product is good, but the packaging does not feel very strong.",packaging_issue,positive,3,Price sensitivity,"size, price, product good, portion, quite high, quite, price feels, high"
R01012,P0144,Philippines,Seaweed snack,Korean Brand L,5,The flavor tastes authentic and reminds me of Korean restaurant food.,taste_authenticity_positive,positive,0,Taste authenticity,"reminds, restaurant food, tastes authentic, restaurant, reminds korean, authentic reminds, korean restaurant, flavor tastes"
R01013,P0144,Philippines,Seaweed snack,Korean Brand L,4,"The product is good, but the packaging does not feel very strong.",packaging_issue,positive,3,Price sensitivity,"size, price, product good, portion, quite high, quite, price feels, high"
R01014,P0144,Philippines,Seaweed snack,Korean Brand L,4,I like that it saves time and still tastes good.,convenience_positive,positive,5,General product experience,"tastes good, tastes, good, saves time, saves, time, time tastes, like saves"
R01015,P0144,Philippines,Seaweed snack,Korean Brand L,2,"Good flavor, but it feels a bit heavy for frequent consumption.",health_concern,negative,3,Price sensitivity,"size, price, product good, portion, quite high, quite, price feels, high"
R01016,P0144,Philippines,Seaweed snack,Korean Brand L,5,Very convenient for a quick meal after work.,convenience_positive,positive,1,Convenience and quick meal,"quick, works, works quick, satisfying, taste satisfying, satisfying works, quick korean, korean meal"
R01017,P0144,Philippines,Seaweed snack,Korean Brand L,5,I like the rich seasoning and it feels close to real Korean-style food.,taste_authenticity_positive,positive,2,Taste authenticity,"real korean, style food, style, rich seasoning, rich, seasoning feels, real, seasoning"
R01018,P0144,Philippines,Seaweed snack,Korean Brand L,5,The taste is very satisfying and works well for a quick Korean meal at home.,taste_authenticity_positive,positive,1,Convenience and quick meal,"quick, works, works quick, satisfying, taste satisfying, satisfying works, quick korean, korean meal"
R01019,P0144,Philippines,Seaweed snack,Korean Brand L,3,The serving size could be larger for the price.,portion_size,neutral,3,Price sensitivity,"size, price, product good, portion, quite high, quite, price feels, high"
R01020,P0145,Singapore,Korean ramen,Korean Brand B,5,The taste is very satisfying and works well for a quick Korean meal at home.,taste_authenticity_positive,positive,1,Convenience and quick meal,"quick, works, works quick, satisfying, taste satisfying, satisfying works, quick korean, korean meal"
R01021,P0145,Singapore,Korean ramen,Korean Brand B,5,The taste is very satisfying and works well for a quick Korean meal at home.,taste_authenticity_positive,positive,1,Convenience and quick meal,"quick, works, works quick, satisfying, taste satisfying, satisfying works, quick korean, korean meal"
R01022,P0145,Singapore,Korean ramen,Korean Brand B,3,The portion is smaller than expected.,portion_size,neutral,3,Price sensitivity,"size, price, product good, portion, quite high, quite, price feels, high"
R01023,P0145,Singapore,Korean ramen,Korean Brand B,4,Very convenient for a quick meal after work.,convenience_positive,positive,1,Convenience and quick meal,"quick, works, works quick, satisfying, taste satisfying, satisfying works, quick korean, korean meal"
R01024,P0145,Singapore,Korean ramen,Korean Brand B,3,"The flavor is good, but it is too spicy for my family.",too_spicy,neutral,5,General product experience,"tastes good, tastes, good, saves time, saves, time, time tastes, like saves"
R01025,P0145,Singapore,Korean ramen,Korean Brand B,3,"The product tastes nice, but the heat level may be difficult for beginners.",too_spicy,neutral,6,Spiciness and taste localization,"level, wish, wish milder, spice, spice level, milder version, version spice, milder"
R01026,P0145,Singapore,Korean ramen,Korean Brand B,4,The flavor tastes authentic and reminds me of Korean restaurant food.,taste_authenticity_positive,positive,0,Taste authenticity,"reminds, restaurant food, tastes authentic, restaurant, reminds korean, authentic reminds, korean restaurant, flavor tastes"
R01027,P0145,Singapore,Korean ramen,Korean Brand B,4,The taste is very satisfying and works well for a quick Korean meal at home.,taste_authenticity_positive,positive,1,Convenience and quick meal,"quick, works, works quick, satisfying, taste satisfying, satisfying works, quick korean, korean meal"
R01028,P0146,Singapore,Korean ramen,Korean Brand S,2,"The flavor is good, but it is too spicy for my family.",too_spicy,negative,5,General product experience,"tastes good, tastes, good, saves time, saves, time, time tastes, like saves"
R01029,P0146,Singapore,Korean ramen,Korean Brand S,2,"The product is good, but the price feels quite high for the portion size.",price_sensitivity,negative,3,Price sensitivity,"size, price, product good, portion, quite high, quite, price feels, high"
R01030,P0146,Singapore,Korean ramen,Korean Brand S,4,"The product looks good, but I could not find clear halal information.",halal_concern,positive,4,Halal trust and certification,"clear halal, clear, halal, looks, halal information, looks good, good clear, product looks"
R01031,P0146,Singapore,Korean ramen,Korean Brand S,3,"It tastes good, but one pack is not enough for a full meal.",portion_size,neutral,5,General product experience,"tastes good, tastes, good, saves time, saves, time, time tastes, like saves"
R01032,P0146,Singapore,Korean ramen,Korean Brand S,3,Clear halal labeling would make me more confident to purchase.,halal_concern,neutral,4,Halal trust and certification,"clear halal, clear, halal, looks, halal information, looks good, good clear, product looks"
R01033,P0147,Singapore,Korean ramen,Korean Brand V,5,I like that it saves time and still tastes good.,convenience_positive,positive,5,General product experience,"tastes good, tastes, good, saves time, saves, time, time tastes, like saves"
R01034,P0147,Singapore,Korean ramen,Korean Brand V,2,"The taste is fine, but it feels expensive compared with local alternatives.",price_sensitivity,negative,3,Price sensitivity,"size, price, product good, portion, quite high, quite, price feels, high"
R01035,P0147,Singapore,Korean ramen,Korean Brand V,4,I wish there was a milder version because the spice level is too strong.,too_spicy,positive,6,Spiciness and taste localization,"level, wish, wish milder, spice, spice level, milder version, version spice, milder"
R01036,P0147,Singapore,Korean ramen,Korean Brand V,5,The flavor tastes authentic and reminds me of Korean restaurant food.,taste_authenticity_positive,positive,0,Taste authenticity,"reminds, restaurant food, tastes authentic, restaurant, reminds korean, authentic reminds, korean restaurant, flavor tastes"
R01037,P0147,Singapore,Korean ramen,Korean Brand V,5,I like the rich seasoning and it feels close to real Korean-style food.,taste_authenticity_positive,positive,2,Taste authenticity,"real korean, style food, style, rich seasoning, rich, seasoning feels, real, seasoning"
R01038,P0147,Singapore,Korean ramen,Korean Brand V,5,The flavor tastes authentic and reminds me of Korean restaurant food.,taste_authenticity_positive,positive,0,Taste authenticity,"reminds, restaurant food, tastes authentic, restaurant, reminds korean, authentic reminds, korean restaurant, flavor tastes"
R01039,P0147,Singapore,Korean ramen,Korean Brand V,4,Clear halal labeling would make me more confident to purchase.,halal_concern,positive,4,Halal trust and certification,"clear halal, clear, halal, looks, halal information, looks good, good clear, product looks"
R01040,P0148,Singapore,Korean ramen,Japanese Brand E,2,"I like it, but I would only buy again if there is a discount.",price_sensitivity,negative,7,Halal trust and certification,"buy, like buy, discount, buy discount, like, certification, halal certification, clearly shown"
R01041,P0148,Singapore,Korean ramen,Japanese Brand E,2,The serving size could be larger for the price.,portion_size,negative,3,Price sensitivity,"size, price, product good, portion, quite high, quite, price feels, high"
R01042,P0148,Singapore,Korean ramen,Japanese Brand E,2,"The product is good, but the price feels quite high for the portion size.",price_sensitivity,negative,3,Price sensitivity,"size, price, product good, portion, quite high, quite, price feels, high"
R01043,P0148,Singapore,Korean ramen,Japanese Brand E,4,The flavor tastes authentic and reminds me of Korean restaurant food.,taste_authenticity_positive,positive,0,Taste authenticity,"reminds, restaurant food, tastes authentic, restaurant, reminds korean, authentic reminds, korean restaurant, flavor tastes"
R01044,P0148,Singapore,Korean ramen,Japanese Brand E,2,I wish there was a milder version because the spice level is too strong.,too_spicy,negative,6,Spiciness and taste localization,"level, wish, wish milder, spice, spice level, milder version, version spice, milder"
R01045,P0148,Singapore,Korean ramen,Japanese Brand E,3,I wish there was a milder version because the spice level is too strong.,too_spicy,neutral,6,Spiciness and taste localization,"level, wish, wish milder, spice, spice level, milder version, version spice, milder"
R01046,P0148,Singapore,Korean ramen,Japanese Brand E,3,"I like it, but I would only buy again if there is a discount.",price_sensitivity,neutral,7,Halal trust and certification,"buy, like buy, discount, buy discount, like, certification, halal certification, clearly shown"
R01047,P0148,Singapore,Korean ramen,Japanese Brand E,4,I like that it saves time and still tastes good.,convenience_positive,positive,5,General product experience,"tastes good, tastes, good, saves time, saves, time, time tastes, like saves"
R01048,P0149,Singapore,Korean ramen,Private Label W,4,The flavor tastes authentic and reminds me of Korean restaurant food.,taste_authenticity_positive,positive,0,Taste authenticity,"reminds, restaurant food, tastes authentic, restaurant, reminds korean, authentic reminds, korean restaurant, flavor tastes"
R01049,P0149,Singapore,Korean ramen,Private Label W,3,"I like it, but I would only buy again if there is a discount.",price_sensitivity,neutral,7,Halal trust and certification,"buy, like buy, discount, buy discount, like, certification, halal certification, clearly shown"
R01050,P0149,Singapore,Korean ramen,Private Label W,2,"Good flavor, but it feels a bit heavy for frequent consumption.",health_concern,negative,3,Price sensitivity,"size, price, product good, portion, quite high, quite, price feels, high"
R01051,P0149,Singapore,Korean ramen,Private Label W,2,"The product tastes nice, but the heat level may be difficult for beginners.",too_spicy,negative,6,Spiciness and taste localization,"level, wish, wish milder, spice, spice level, milder version, version spice, milder"
R01052,P0149,Singapore,Korean ramen,Private Label W,5,I like that it saves time and still tastes good.,convenience_positive,positive,5,General product experience,"tastes good, tastes, good, saves time, saves, time, time tastes, like saves"
R01053,P0149,Singapore,Korean ramen,Private Label W,4,I would buy this more often if the halal certification was clearly shown.,halal_concern,positive,7,Halal trust and certification,"buy, like buy, discount, buy discount, like, certification, halal certification, clearly shown"
R01054,P0149,Singapore,Korean ramen,Private Label W,3,"I like it, but I would only buy again if there is a discount.",price_sensitivity,neutral,7,Halal trust and certification,"buy, like buy, discount, buy discount, like, certification, halal certification, clearly shown"
R01055,P0150,Singapore,Korean ramen,Korean Brand C,5,Easy to prepare and good for busy weekdays.,convenience_positive,positive,5,General product experience,"tastes good, tastes, good, saves time, saves, time, time tastes, like saves"
R01056,P0150,Singapore,Korean ramen,Korean Brand C,2,"The product tastes nice, but the heat level may be difficult for beginners.",too_spicy,negative,6,Spiciness and taste localization,"level, wish, wish milder, spice, spice level, milder version, version spice, milder"
R01057,P0150,Singapore,Korean ramen,Korean Brand C,4,I like the rich seasoning and it feels close to real Korean-style food.,taste_authenticity_positive,positive,2,Taste authenticity,"real korean, style food, style, rich seasoning, rich, seasoning feels, real, seasoning"
R01058,P0150,Singapore,Korean ramen,Korean Brand C,5,The flavor tastes authentic and reminds me of Korean restaurant food.,taste_authenticity_positive,positive,0,Taste authenticity,"reminds, restaurant food, tastes authentic, restaurant, reminds korean, authentic reminds, korean restaurant, flavor tastes"
R01059,P0150,Singapore,Korean ramen,Korean Brand C,3,I wish there was a milder version because the spice level is too strong.,too_spicy,neutral,6,Spiciness and taste localization,"level, wish, wish milder, spice, spice level, milder version, version spice, milder"
R01060,P0151,Singapore,Korean ramen,Local Brand R,3,The label information could be clearer and easier to read.,packaging_issue,neutral,4,Halal trust and certification,"clear halal, clear, halal, looks, halal information, looks good, good clear, product looks"
R01061,P0151,Singapore,Korean ramen,Local Brand R,5,The flavor tastes authentic and reminds me of Korean restaurant food.,taste_authenticity_positive,positive,0,Taste authenticity,"reminds, restaurant food, tastes authentic, restaurant, reminds korean, authentic reminds, korean restaurant, flavor tastes"
R01062,P0151,Singapore,Korean ramen,Local Brand R,4,I like the rich seasoning and it feels close to real Korean-style food.,taste_authenticity_positive,positive,2,Taste authenticity,"real korean, style food, style, rich seasoning, rich, seasoning feels, real, seasoning"
R01063,P0151,Singapore,Korean ramen,Local Brand R,2,The packaging could be improved because it was slightly damaged when delivered.,packaging_issue,negative,3,Price sensitivity,"size, price, product good, portion, quite high, quite, price feels, high"
R01064,P0151,Singapore,Korean ramen,Local Brand R,4,I like the rich seasoning and it feels close to real Korean-style food.,taste_authenticity_positive,positive,2,Taste authenticity,"real korean, style food, style, rich seasoning, rich, seasoning feels, real, seasoning"
R01065,P0151,Singapore,Korean ramen,Local Brand R,3,I would buy this more often if the halal certification was clearly shown.,halal_concern,neutral,7,Halal trust and certification,"buy, like buy, discount, buy discount, like, certification, halal certification, clearly shown"
R01066,P0152,Singapore,Korean ramen,Korean Brand H,2,The serving size could be larger for the price.,portion_size,negative,3,Price sensitivity,"size, price, product good, portion, quite high, quite, price feels, high"
R01067,P0152,Singapore,Korean ramen,Korean Brand H,2,"Good flavor, but it feels a bit heavy for frequent consumption.",health_concern,negative,3,Price sensitivity,"size, price, product good, portion, quite high, quite, price feels, high"
R01068,P0152,Singapore,Korean ramen,Korean Brand H,3,"Good flavor, but it feels a bit heavy for frequent consumption.",health_concern,neutral,3,Price sensitivity,"size, price, product good, portion, quite high, quite, price feels, high"
R01069,P0152,Singapore,Korean ramen,Korean Brand H,2,"The taste is nice, but I wish it had less sodium.",health_concern,negative,6,Spiciness and taste localization,"level, wish, wish milder, spice, spice level, milder version, version spice, milder"
R01070,P0152,Singapore,Korean ramen,Korean Brand H,2,"The product is good, but the price feels quite high for the portion size.",price_sensitivity,negative,3,Price sensitivity,"size, price, product good, portion, quite high, quite, price feels, high"
R01071,P0152,Singapore,Korean ramen,Korean Brand H,5,The taste is very satisfying and works well for a quick Korean meal at home.,taste_authenticity_positive,positive,1,Convenience and quick meal,"quick, works, works quick, satisfying, taste satisfying, satisfying works, quick korean, korean meal"
R01072,P0152,Singapore,Korean ramen,Korean Brand H,5,The taste is very satisfying and works well for a quick Korean meal at home.,taste_authenticity_positive,positive,1,Convenience and quick meal,"quick, works, works quick, satisfying, taste satisfying, satisfying works, quick korean, korean meal"
R01073,P0153,Singapore,Kimchi,Korean Brand Z,4,"The product is good, but the price feels quite high for the portion size.",price_sensitivity,positive,3,Price sensitivity,"size, price, product good, portion, quite high, quite, price feels, high"
R01074,P0153,Singapore,Kimchi,Korean Brand Z,4,The flavor tastes authentic and reminds me of Korean restaurant food.,taste_authenticity_positive,positive,0,Taste authenticity,"reminds, restaurant food, tastes authentic, restaurant, reminds korean, authentic reminds, korean restaurant, flavor tastes"
R01075,P0153,Singapore,Kimchi,Korean Brand Z,4,"The flavor is good, but it is too spicy for my family.",too_spicy,positive,5,General product experience,"tastes good, tastes, good, saves time, saves, time, time tastes, like saves"
R01076,P0153,Singapore,Kimchi,Korean Brand Z,2,"The taste is nice, but I wish it had less sodium.",health_concern,negative,6,Spiciness and taste localization,"level, wish, wish milder, spice, spice level, milder version, version spice, milder"
R01077,P0153,Singapore,Kimchi,Korean Brand Z,4,"The taste is nice, but I wish it had less sodium.",health_concern,positive,6,Spiciness and taste localization,"level, wish, wish milder, spice, spice level, milder version, version spice, milder"
R01078,P0153,Singapore,Kimchi,Korean Brand Z,5,I like the rich seasoning and it feels close to real Korean-style food.,taste_authenticity_positive,positive,2,Taste authenticity,"real korean, style food, style, rich seasoning, rich, seasoning feels, real, seasoning"
R01079,P0153,Singapore,Kimchi,Korean Brand Z,4,"I like it, but I would only buy again if there is a discount.",price_sensitivity,positive,7,Halal trust and certification,"buy, like buy, discount, buy discount, like, certification, halal certification, clearly shown"
R01080,P0153,Singapore,Kimchi,Korean Brand Z,5,I like the rich seasoning and it feels close to real Korean-style food.,taste_authenticity_positive,positive,2,Taste authenticity,"real korean, style food, style, rich seasoning, rich, seasoning feels, real, seasoning"
R01081,P0154,Singapore,Kimchi,Korean Brand L,4,Very convenient for a quick meal after work.,convenience_positive,positive,1,Convenience and quick meal,"quick, works, works quick, satisfying, taste satisfying, satisfying works, quick korean, korean meal"
R01082,P0154,Singapore,Kimchi,Korean Brand L,3,The packaging could be improved because it was slightly damaged when delivered.,packaging_issue,neutral,3,Price sensitivity,"size, price, product good, portion, quite high, quite, price feels, high"
R01083,P0154,Singapore,Kimchi,Korean Brand L,2,"The product is good, but the price feels quite high for the portion size.",price_sensitivity,negative,3,Price sensitivity,"size, price, product good, portion, quite high, quite, price feels, high"
R01084,P0154,Singapore,Kimchi,Korean Brand L,5,The taste is very satisfying and works well for a quick Korean meal at home.,taste_authenticity_positive,positive,1,Convenience and quick meal,"quick, works, works quick, satisfying, taste satisfying, satisfying works, quick korean, korean meal"
R01085,P0154,Singapore,Kimchi,Korean Brand L,3,"Good flavor, but it feels a bit heavy for frequent consumption.",health_concern,neutral,3,Price sensitivity,"size, price, product good, portion, quite high, quite, price feels, high"
R01086,P0155,Singapore,Kimchi,Korean Brand U,3,"The taste is fine, but it feels expensive compared with local alternatives.",price_sensitivity,neutral,3,Price sensitivity,"size, price, product good, portion, quite high, quite, price feels, high"
R01087,P0155,Singapore,Kimchi,Korean Brand U,2,"Good flavor, but it feels a bit heavy for frequent consumption.",health_concern,negative,3,Price sensitivity,"size, price, product good, portion, quite high, quite, price feels, high"
R01088,P0155,Singapore,Kimchi,Korean Brand U,3,"The product is good, but the packaging does not feel very strong.",packaging_issue,neutral,3,Price sensitivity,"size, price, product good, portion, quite high, quite, price feels, high"
R01089,P0155,Singapore,Kimchi,Korean Brand U,4,The flavor tastes authentic and reminds me of Korean restaurant food.,taste_authenticity_positive,positive,0,Taste authenticity,"reminds, restaurant food, tastes authentic, restaurant, reminds korean, authentic reminds, korean restaurant, flavor tastes"
R01090,P0155,Singapore,Kimchi,Korean Brand U,4,I would prefer a healthier version with cleaner ingredients.,health_concern,positive,6,Spiciness and taste localization,"level, wish, wish milder, spice, spice level, milder version, version spice, milder"
R01091,P0155,Singapore,Kimchi,Korean Brand U,4,"The taste is nice, but I wish it had less sodium.",health_concern,positive,6,Spiciness and taste localization,"level, wish, wish milder, spice, spice level, milder version, version spice, milder"
R01092,P0155,Singapore,Kimchi,Korean Brand U,5,I like the rich seasoning and it feels close to real Korean-style food.,taste_authenticity_positive,positive,2,Taste authenticity,"real korean, style food, style, rich seasoning, rich, seasoning feels, real, seasoning"
R01093,P0155,Singapore,Kimchi,Korean Brand U,3,The label information could be clearer and easier to read.,packaging_issue,neutral,4,Halal trust and certification,"clear halal, clear, halal, looks, halal information, looks good, good clear, product looks"
R01094,P0155,Singapore,Kimchi,Korean Brand U,3,"I like it, but I would only buy again if there is a discount.",price_sensitivity,neutral,7,Halal trust and certification,"buy, like buy, discount, buy discount, like, certification, halal certification, clearly shown"
R01095,P0156,Singapore,Kimchi,Local Brand T,2,I wish there was a milder version because the spice level is too strong.,too_spicy,negative,6,Spiciness and taste localization,"level, wish, wish milder, spice, spice level, milder version, version spice, milder"
R01096,P0156,Singapore,Kimchi,Local Brand T,2,The packaging could be improved because it was slightly damaged when delivered.,packaging_issue,negative,3,Price sensitivity,"size, price, product good, portion, quite high, quite, price feels, high"
R01097,P0156,Singapore,Kimchi,Local Brand T,2,"The product tastes nice, but the heat level may be difficult for beginners.",too_spicy,negative,6,Spiciness and taste localization,"level, wish, wish milder, spice, spice level, milder version, version spice, milder"
R01098,P0156,Singapore,Kimchi,Local Brand T,5,I like the rich seasoning and it feels close to real Korean-style food.,taste_authenticity_positive,positive,2,Taste authenticity,"real korean, style food, style, rich seasoning, rich, seasoning feels, real, seasoning"
R01099,P0156,Singapore,Kimchi,Local Brand T,5,The flavor tastes authentic and reminds me of Korean restaurant food.,taste_authenticity_positive,positive,0,Taste authenticity,"reminds, restaurant food, tastes authentic, restaurant, reminds korean, authentic reminds, korean restaurant, flavor tastes"
R01100,P0156,Singapore,Kimchi,Local Brand T,5,The taste is very satisfying and works well for a quick Korean meal at home.,taste_authenticity_positive,positive,1,Convenience and quick meal,"quick, works, works quick, satisfying, taste satisfying, satisfying works, quick korean, korean meal"
R01101,P0157,Singapore,Kimchi,Premium Import Brand H,3,The label information could be clearer and easier to read.,packaging_issue,neutral,4,Halal trust and certification,"clear halal, clear, halal, looks, halal information, looks good, good clear, product looks"
R01102,P0157,Singapore,Kimchi,Premium Import Brand H,5,Very convenient for a quick meal after work.,convenience_positive,positive,1,Convenience and quick meal,"quick, works, works quick, satisfying, taste satisfying, satisfying works, quick korean, korean meal"
R01103,P0157,Singapore,Kimchi,Premium Import Brand H,3,The portion is smaller than expected.,portion_size,neutral,3,Price sensitivity,"size, price, product good, portion, quite high, quite, price feels, high"
R01104,P0157,Singapore,Kimchi,Premium Import Brand H,4,The flavor tastes authentic and reminds me of Korean restaurant food.,taste_authenticity_positive,positive,0,Taste authenticity,"reminds, restaurant food, tastes authentic, restaurant, reminds korean, authentic reminds, korean restaurant, flavor tastes"
R01105,P0157,Singapore,Kimchi,Premium Import Brand H,3,"The taste is fine, but it feels expensive compared with local alternatives.",price_sensitivity,neutral,3,Price sensitivity,"size, price, product good, portion, quite high, quite, price feels, high"
R01106,P0157,Singapore,Kimchi,Premium Import Brand H,3,"The product is good, but the price feels quite high for the portion size.",price_sensitivity,neutral,3,Price sensitivity,"size, price, product good, portion, quite high, quite, price feels, high"
R01107,P0158,Singapore,Kimchi,Private Label Z,4,"I like it, but I would only buy again if there is a discount.",price_sensitivity,positive,7,Halal trust and certification,"buy, like buy, discount, buy discount, like, certification, halal certification, clearly shown"
R01108,P0158,Singapore,Kimchi,Private Label Z,4,The flavor tastes authentic and reminds me of Korean restaurant food.,taste_authenticity_positive,positive,0,Taste authenticity,"reminds, restaurant food, tastes authentic, restaurant, reminds korean, authentic reminds, korean restaurant, flavor tastes"
R01109,P0158,Singapore,Kimchi,Private Label Z,2,I wish there was a milder version because the spice level is too strong.,too_spicy,negative,6,Spiciness and taste localization,"level, wish, wish milder, spice, spice level, milder version, version spice, milder"
R01110,P0158,Singapore,Kimchi,Private Label Z,5,I like the rich seasoning and it feels close to real Korean-style food.,taste_authenticity_positive,positive,2,Taste authenticity,"real korean, style food, style, rich seasoning, rich, seasoning feels, real, seasoning"
R01111,P0158,Singapore,Kimchi,Private Label Z,4,I like the rich seasoning and it feels close to real Korean-style food.,taste_authenticity_positive,positive,2,Taste authenticity,"real korean, style food, style, rich seasoning, rich, seasoning feels, real, seasoning"
R01112,P0159,Singapore,Kimchi,Korean Brand E,2,I wish there was a milder version because the spice level is too strong.,too_spicy,negative,6,Spiciness and taste localization,"level, wish, wish milder, spice, spice level, milder version, version spice, milder"
R01113,P0159,Singapore,Kimchi,Korean Brand E,5,The flavor tastes authentic and reminds me of Korean restaurant food.,taste_authenticity_positive,positive,0,Taste authenticity,"reminds, restaurant food, tastes authentic, restaurant, reminds korean, authentic reminds, korean restaurant, flavor tastes"
R01114,P0159,Singapore,Kimchi,Korean Brand E,5,The taste is very satisfying and works well for a quick Korean meal at home.,taste_authenticity_positive,positive,1,Convenience and quick meal,"quick, works, works quick, satisfying, taste satisfying, satisfying works, quick korean, korean meal"
R01115,P0159,Singapore,Kimchi,Korean Brand E,5,I like the rich seasoning and it feels close to real Korean-style food.,taste_authenticity_positive,positive,2,Taste authenticity,"real korean, style food, style, rich seasoning, rich, seasoning feels, real, seasoning"
R01116,P0160,Singapore,Kimchi,Korean Brand D,4,The portion is smaller than expected.,portion_size,positive,3,Price sensitivity,"size, price, product good, portion, quite high, quite, price feels, high"
R01117,P0160,Singapore,Kimchi,Korean Brand D,3,"It tastes good, but one pack is not enough for a full meal.",portion_size,neutral,5,General product experience,"tastes good, tastes, good, saves time, saves, time, time tastes, like saves"
R01118,P0160,Singapore,Kimchi,Korean Brand D,4,The flavor tastes authentic and reminds me of Korean restaurant food.,taste_authenticity_positive,positive,0,Taste authenticity,"reminds, restaurant food, tastes authentic, restaurant, reminds korean, authentic reminds, korean restaurant, flavor tastes"
R01119,P0160,Singapore,Kimchi,Korean Brand D,4,I like the rich seasoning and it feels close to real Korean-style food.,taste_authenticity_positive,positive,2,Taste authenticity,"real korean, style food, style, rich seasoning, rich, seasoning feels, real, seasoning"
R01120,P0160,Singapore,Kimchi,Korean Brand D,5,I like that it saves time and still tastes good.,convenience_positive,positive,5,General product experience,"tastes good, tastes, good, saves time, saves, time, time tastes, like saves"
R01121,P0161,Singapore,Gochujang sauce,Local Brand E,3,"It tastes good, but one pack is not enough for a full meal.",portion_size,neutral,5,General product experience,"tastes good, tastes, good, saves time, saves, time, time tastes, like saves"
R01122,P0161,Singapore,Gochujang sauce,Local Brand E,3,"The product tastes nice, but the heat level may be difficult for beginners.",too_spicy,neutral,6,Spiciness and taste localization,"level, wish, wish milder, spice, spice level, milder version, version spice, milder"
R01123,P0161,Singapore,Gochujang sauce,Local Brand E,4,The taste is very satisfying and works well for a quick Korean meal at home.,taste_authenticity_positive,positive,1,Convenience and quick meal,"quick, works, works quick, satisfying, taste satisfying, satisfying works, quick korean, korean meal"
R01124,P0161,Singapore,Gochujang sauce,Local Brand E,5,The flavor tastes authentic and reminds me of Korean restaurant food.,taste_authenticity_positive,positive,0,Taste authenticity,"reminds, restaurant food, tastes authentic, restaurant, reminds korean, authentic reminds, korean restaurant, flavor tastes"
R01125,P0162,Singapore,Gochujang sauce,Korean Brand L,2,"It tastes good, but one pack is not enough for a full meal.",portion_size,negative,5,General product experience,"tastes good, tastes, good, saves time, saves, time, time tastes, like saves"
R01126,P0162,Singapore,Gochujang sauce,Korean Brand L,3,I wish there was a milder version because the spice level is too strong.,too_spicy,neutral,6,Spiciness and taste localization,"level, wish, wish milder, spice, spice level, milder version, version spice, milder"
R01127,P0162,Singapore,Gochujang sauce,Korean Brand L,4,"The product tastes nice, but the heat level may be difficult for beginners.",too_spicy,positive,6,Spiciness and taste localization,"level, wish, wish milder, spice, spice level, milder version, version spice, milder"
R01128,P0162,Singapore,Gochujang sauce,Korean Brand L,3,I wish there was a milder version because the spice level is too strong.,too_spicy,neutral,6,Spiciness and taste localization,"level, wish, wish milder, spice, spice level, milder version, version spice, milder"
R01129,P0162,Singapore,Gochujang sauce,Korean Brand L,3,"The flavor is good, but it is too spicy for my family.",too_spicy,neutral,5,General product experience,"tastes good, tastes, good, saves time, saves, time, time tastes, like saves"
R01130,P0162,Singapore,Gochujang sauce,Korean Brand L,3,The serving size could be larger for the price.,portion_size,neutral,3,Price sensitivity,"size, price, product good, portion, quite high, quite, price feels, high"
R01131,P0162,Singapore,Gochujang sauce,Korean Brand L,4,The label information could be clearer and easier to read.,packaging_issue,positive,4,Halal trust and certification,"clear halal, clear, halal, looks, halal information, looks good, good clear, product looks"
R01132,P0163,Singapore,Gochujang sauce,Japanese Brand T,4,The packaging could be improved because it was slightly damaged when delivered.,packaging_issue,positive,3,Price sensitivity,"size, price, product good, portion, quite high, quite, price feels, high"
R01133,P0163,Singapore,Gochujang sauce,Japanese Brand T,3,"The taste is nice, but I wish it had less sodium.",health_concern,neutral,6,Spiciness and taste localization,"level, wish, wish milder, spice, spice level, milder version, version spice, milder"
R01134,P0163,Singapore,Gochujang sauce,Japanese Brand T,4,"The flavor is good, but it is too spicy for my family.",too_spicy,positive,5,General product experience,"tastes good, tastes, good, saves time, saves, time, time tastes, like saves"
R01135,P0163,Singapore,Gochujang sauce,Japanese Brand T,4,I like the rich seasoning and it feels close to real Korean-style food.,taste_authenticity_positive,positive,2,Taste authenticity,"real korean, style food, style, rich seasoning, rich, seasoning feels, real, seasoning"
R01136,P0163,Singapore,Gochujang sauce,Japanese Brand T,3,"The taste is nice, but I wish it had less sodium.",health_concern,neutral,6,Spiciness and taste localization,"level, wish, wish milder, spice, spice level, milder version, version spice, milder"
R01137,P0163,Singapore,Gochujang sauce,Japanese Brand T,4,The flavor tastes authentic and reminds me of Korean restaurant food.,taste_authenticity_positive,positive,0,Taste authenticity,"reminds, restaurant food, tastes authentic, restaurant, reminds korean, authentic reminds, korean restaurant, flavor tastes"
R01138,P0163,Singapore,Gochujang sauce,Japanese Brand T,5,I like that it saves time and still tastes good.,convenience_positive,positive,5,General product experience,"tastes good, tastes, good, saves time, saves, time, time tastes, like saves"
R01139,P0163,Singapore,Gochujang sauce,Japanese Brand T,2,"The product is good, but the packaging does not feel very strong.",packaging_issue,negative,3,Price sensitivity,"size, price, product good, portion, quite high, quite, price feels, high"
R01140,P0163,Singapore,Gochujang sauce,Japanese Brand T,4,Clear halal labeling would make me more confident to purchase.,halal_concern,positive,4,Halal trust and certification,"clear halal, clear, halal, looks, halal information, looks good, good clear, product looks"
R01141,P0163,Singapore,Gochujang sauce,Japanese Brand T,3,"The product tastes nice, but the heat level may be difficult for beginners.",too_spicy,neutral,6,Spiciness and taste localization,"level, wish, wish milder, spice, spice level, milder version, version spice, milder"
R01142,P0164,Singapore,Gochujang sauce,Local Brand T,4,The packaging could be improved because it was slightly damaged when delivered.,packaging_issue,positive,3,Price sensitivity,"size, price, product good, portion, quite high, quite, price feels, high"
R01143,P0164,Singapore,Gochujang sauce,Local Brand T,5,I like the rich seasoning and it feels close to real Korean-style food.,taste_authenticity_positive,positive,2,Taste authenticity,"real korean, style food, style, rich seasoning, rich, seasoning feels, real, seasoning"
R01144,P0164,Singapore,Gochujang sauce,Local Brand T,4,"The flavor is good, but it is too spicy for my family.",too_spicy,positive,5,General product experience,"tastes good, tastes, good, saves time, saves, time, time tastes, like saves"
R01145,P0164,Singapore,Gochujang sauce,Local Brand T,4,The taste is very satisfying and works well for a quick Korean meal at home.,taste_authenticity_positive,positive,1,Convenience and quick meal,"quick, works, works quick, satisfying, taste satisfying, satisfying works, quick korean, korean meal"
R01146,P0164,Singapore,Gochujang sauce,Local Brand T,2,I wish there was a milder version because the spice level is too strong.,too_spicy,negative,6,Spiciness and taste localization,"level, wish, wish milder, spice, spice level, milder version, version spice, milder"
R01147,P0164,Singapore,Gochujang sauce,Local Brand T,5,The taste is very satisfying and works well for a quick Korean meal at home.,taste_authenticity_positive,positive,1,Convenience and quick meal,"quick, works, works quick, satisfying, taste satisfying, satisfying works, quick korean, korean meal"
R01148,P0164,Singapore,Gochujang sauce,Local Brand T,3,"The product tastes nice, but the heat level may be difficult for beginners.",too_spicy,neutral,6,Spiciness and taste localization,"level, wish, wish milder, spice, spice level, milder version, version spice, milder"
R01149,P0164,Singapore,Gochujang sauce,Local Brand T,3,"The product looks good, but I could not find clear halal information.",halal_concern,neutral,4,Halal trust and certification,"clear halal, clear, halal, looks, halal information, looks good, good clear, product looks"
R01150,P0164,Singapore,Gochujang sauce,Local Brand T,4,The flavor tastes authentic and reminds me of Korean restaurant food.,taste_authenticity_positive,positive,0,Taste authenticity,"reminds, restaurant food, tastes authentic, restaurant, reminds korean, authentic reminds, korean restaurant, flavor tastes"
R01151,P0164,Singapore,Gochujang sauce,Local Brand T,3,"The flavor is good, but it is too spicy for my family.",too_spicy,neutral,5,General product experience,"tastes good, tastes, good, saves time, saves, time, time tastes, like saves"
R01152,P0165,Singapore,Gochujang sauce,Korean Brand H,3,"The product tastes nice, but the heat level may be difficult for beginners.",too_spicy,neutral,6,Spiciness and taste localization,"level, wish, wish milder, spice, spice level, milder version, version spice, milder"
R01153,P0165,Singapore,Gochujang sauce,Korean Brand H,5,The flavor tastes authentic and reminds me of Korean restaurant food.,taste_authenticity_positive,positive,0,Taste authenticity,"reminds, restaurant food, tastes authentic, restaurant, reminds korean, authentic reminds, korean restaurant, flavor tastes"
R01154,P0165,Singapore,Gochujang sauce,Korean Brand H,3,I would prefer a healthier version with cleaner ingredients.,health_concern,neutral,6,Spiciness and taste localization,"level, wish, wish milder, spice, spice level, milder version, version spice, milder"
R01155,P0165,Singapore,Gochujang sauce,Korean Brand H,4,"The product looks good, but I could not find clear halal information.",halal_concern,positive,4,Halal trust and certification,"clear halal, clear, halal, looks, halal information, looks good, good clear, product looks"
R01156,P0165,Singapore,Gochujang sauce,Korean Brand H,4,Very convenient for a quick meal after work.,convenience_positive,positive,1,Convenience and quick meal,"quick, works, works quick, satisfying, taste satisfying, satisfying works, quick korean, korean meal"
R01157,P0165,Singapore,Gochujang sauce,Korean Brand H,3,"The taste is nice, but I wish it had less sodium.",health_concern,neutral,6,Spiciness and taste localization,"level, wish, wish milder, spice, spice level, milder version, version spice, milder"
R01158,P0165,Singapore,Gochujang sauce,Korean Brand H,2,"The product tastes nice, but the heat level may be difficult for beginners.",too_spicy,negative,6,Spiciness and taste localization,"level, wish, wish milder, spice, spice level, milder version, version spice, milder"
R01159,P0165,Singapore,Gochujang sauce,Korean Brand H,2,"I like it, but I would only buy again if there is a discount.",price_sensitivity,negative,7,Halal trust and certification,"buy, like buy, discount, buy discount, like, certification, halal certification, clearly shown"
R01160,P0165,Singapore,Gochujang sauce,Korean Brand H,4,The flavor tastes authentic and reminds me of Korean restaurant food.,taste_authenticity_positive,positive,0,Taste authenticity,"reminds, restaurant food, tastes authentic, restaurant, reminds korean, authentic reminds, korean restaurant, flavor tastes"
R01161,P0166,Singapore,Gochujang sauce,Local Brand Y,3,"The product is good, but the price feels quite high for the portion size.",price_sensitivity,neutral,3,Price sensitivity,"size, price, product good, portion, quite high, quite, price feels, high"
R01162,P0166,Singapore,Gochujang sauce,Local Brand Y,4,"The taste is nice, but I wish it had less sodium.",health_concern,positive,6,Spiciness and taste localization,"level, wish, wish milder, spice, spice level, milder version, version spice, milder"
R01163,P0166,Singapore,Gochujang sauce,Local Brand Y,3,Clear halal labeling would make me more confident to purchase.,halal_concern,neutral,4,Halal trust and certification,"clear halal, clear, halal, looks, halal information, looks good, good clear, product looks"
R01164,P0166,Singapore,Gochujang sauce,Local Brand Y,2,I would prefer a healthier version with cleaner ingredients.,health_concern,negative,6,Spiciness and taste localization,"level, wish, wish milder, spice, spice level, milder version, version spice, milder"
R01165,P0166,Singapore,Gochujang sauce,Local Brand Y,4,I like that it saves time and still tastes good.,convenience_positive,positive,5,General product experience,"tastes good, tastes, good, saves time, saves, time, time tastes, like saves"
R01166,P0166,Singapore,Gochujang sauce,Local Brand Y,5,I like the rich seasoning and it feels close to real Korean-style food.,taste_authenticity_positive,positive,2,Taste authenticity,"real korean, style food, style, rich seasoning, rich, seasoning feels, real, seasoning"
R01167,P0166,Singapore,Gochujang sauce,Local Brand Y,4,I like the rich seasoning and it feels close to real Korean-style food.,taste_authenticity_positive,positive,2,Taste authenticity,"real korean, style food, style, rich seasoning, rich, seasoning feels, real, seasoning"
R01168,P0167,Singapore,Gochujang sauce,Korean Brand B,4,"The product tastes nice, but the heat level may be difficult for beginners.",too_spicy,positive,6,Spiciness and taste localization,"level, wish, wish milder, spice, spice level, milder version, version spice, milder"
R01169,P0167,Singapore,Gochujang sauce,Korean Brand B,4,Very convenient for a quick meal after work.,convenience_positive,positive,1,Convenience and quick meal,"quick, works, works quick, satisfying, taste satisfying, satisfying works, quick korean, korean meal"
R01170,P0167,Singapore,Gochujang sauce,Korean Brand B,3,"Good flavor, but it feels a bit heavy for frequent consumption.",health_concern,neutral,3,Price sensitivity,"size, price, product good, portion, quite high, quite, price feels, high"
R01171,P0167,Singapore,Gochujang sauce,Korean Brand B,4,The packaging could be improved because it was slightly damaged when delivered.,packaging_issue,positive,3,Price sensitivity,"size, price, product good, portion, quite high, quite, price feels, high"
R01172,P0167,Singapore,Gochujang sauce,Korean Brand B,5,I like that it saves time and still tastes good.,convenience_positive,positive,5,General product experience,"tastes good, tastes, good, saves time, saves, time, time tastes, like saves"
R01173,P0167,Singapore,Gochujang sauce,Korean Brand B,4,"The flavor is good, but it is too spicy for my family.",too_spicy,positive,5,General product experience,"tastes good, tastes, good, saves time, saves, time, time tastes, like saves"
R01174,P0167,Singapore,Gochujang sauce,Korean Brand B,5,The taste is very satisfying and works well for a quick Korean meal at home.,taste_authenticity_positive,positive,1,Convenience and quick meal,"quick, works, works quick, satisfying, taste satisfying, satisfying works, quick korean, korean meal"
R01175,P0167,Singapore,Gochujang sauce,Korean Brand B,3,"The product looks good, but I could not find clear halal information.",halal_concern,neutral,4,Halal trust and certification,"clear halal, clear, halal, looks, halal information, looks good, good clear, product looks"
R01176,P0167,Singapore,Gochujang sauce,Korean Brand B,4,"The flavor is good, but it is too spicy for my family.",too_spicy,positive,5,General product experience,"tastes good, tastes, good, saves time, saves, time, time tastes, like saves"
R01177,P0168,Singapore,Gochujang sauce,Korean Brand H,4,"The product tastes nice, but the heat level may be difficult for beginners.",too_spicy,positive,6,Spiciness and taste localization,"level, wish, wish milder, spice, spice level, milder version, version spice, milder"
R01178,P0168,Singapore,Gochujang sauce,Korean Brand H,2,"Good flavor, but it feels a bit heavy for frequent consumption.",health_concern,negative,3,Price sensitivity,"size, price, product good, portion, quite high, quite, price feels, high"
R01179,P0168,Singapore,Gochujang sauce,Korean Brand H,4,The flavor tastes authentic and reminds me of Korean restaurant food.,taste_authenticity_positive,positive,0,Taste authenticity,"reminds, restaurant food, tastes authentic, restaurant, reminds korean, authentic reminds, korean restaurant, flavor tastes"
R01180,P0168,Singapore,Gochujang sauce,Korean Brand H,5,Easy to prepare and good for busy weekdays.,convenience_positive,positive,5,General product experience,"tastes good, tastes, good, saves time, saves, time, time tastes, like saves"
R01181,P0168,Singapore,Gochujang sauce,Korean Brand H,3,The label information could be clearer and easier to read.,packaging_issue,neutral,4,Halal trust and certification,"clear halal, clear, halal, looks, halal information, looks good, good clear, product looks"
R01182,P0168,Singapore,Gochujang sauce,Korean Brand H,3,The portion is smaller than expected.,portion_size,neutral,3,Price sensitivity,"size, price, product good, portion, quite high, quite, price feels, high"
R01183,P0168,Singapore,Gochujang sauce,Korean Brand H,4,"The product is good, but the price feels quite high for the portion size.",price_sensitivity,positive,3,Price sensitivity,"size, price, product good, portion, quite high, quite, price feels, high"
R01184,P0168,Singapore,Gochujang sauce,Korean Brand H,4,I would prefer a healthier version with cleaner ingredients.,health_concern,positive,6,Spiciness and taste localization,"level, wish, wish milder, spice, spice level, milder version, version spice, milder"
R01185,P0168,Singapore,Gochujang sauce,Korean Brand H,3,I would prefer a healthier version with cleaner ingredients.,health_concern,neutral,6,Spiciness and taste localization,"level, wish, wish milder, spice, spice level, milder version, version spice, milder"
R01186,P0169,Singapore,Frozen mandu,Local Brand F,3,"The product is good, but the packaging does not feel very strong.",packaging_issue,neutral,3,Price sensitivity,"size, price, product good, portion, quite high, quite, price feels, high"
R01187,P0169,Singapore,Frozen mandu,Local Brand F,4,"I like it, but I would only buy again if there is a discount.",price_sensitivity,positive,7,Halal trust and certification,"buy, like buy, discount, buy discount, like, certification, halal certification, clearly shown"
R01188,P0169,Singapore,Frozen mandu,Local Brand F,2,Clear halal labeling would make me more confident to purchase.,halal_concern,negative,4,Halal trust and certification,"clear halal, clear, halal, looks, halal information, looks good, good clear, product looks"
R01189,P0169,Singapore,Frozen mandu,Local Brand F,4,"The taste is fine, but it feels expensive compared with local alternatives.",price_sensitivity,positive,3,Price sensitivity,"size, price, product good, portion, quite high, quite, price feels, high"
R01190,P0169,Singapore,Frozen mandu,Local Brand F,5,I like the rich seasoning and it feels close to real Korean-style food.,taste_authenticity_positive,positive,2,Taste authenticity,"real korean, style food, style, rich seasoning, rich, seasoning feels, real, seasoning"
R01191,P0169,Singapore,Frozen mandu,Local Brand F,3,"The product is good, but the packaging does not feel very strong.",packaging_issue,neutral,3,Price sensitivity,"size, price, product good, portion, quite high, quite, price feels, high"
R01192,P0169,Singapore,Frozen mandu,Local Brand F,2,I wish there was a milder version because the spice level is too strong.,too_spicy,negative,6,Spiciness and taste localization,"level, wish, wish milder, spice, spice level, milder version, version spice, milder"
R01193,P0169,Singapore,Frozen mandu,Local Brand F,4,Easy to prepare and good for busy weekdays.,convenience_positive,positive,5,General product experience,"tastes good, tastes, good, saves time, saves, time, time tastes, like saves"
R01194,P0169,Singapore,Frozen mandu,Local Brand F,3,I would buy this more often if the halal certification was clearly shown.,halal_concern,neutral,7,Halal trust and certification,"buy, like buy, discount, buy discount, like, certification, halal certification, clearly shown"
R01195,P0170,Singapore,Frozen mandu,Local Brand E,4,Very convenient for a quick meal after work.,convenience_positive,positive,1,Convenience and quick meal,"quick, works, works quick, satisfying, taste satisfying, satisfying works, quick korean, korean meal"
R01196,P0170,Singapore,Frozen mandu,Local Brand E,4,The flavor tastes authentic and reminds me of Korean restaurant food.,taste_authenticity_positive,positive,0,Taste authenticity,"reminds, restaurant food, tastes authentic, restaurant, reminds korean, authentic reminds, korean restaurant, flavor tastes"
R01197,P0170,Singapore,Frozen mandu,Local Brand E,2,The portion is smaller than expected.,portion_size,negative,3,Price sensitivity,"size, price, product good, portion, quite high, quite, price feels, high"
R01198,P0170,Singapore,Frozen mandu,Local Brand E,5,The taste is very satisfying and works well for a quick Korean meal at home.,taste_authenticity_positive,positive,1,Convenience and quick meal,"quick, works, works quick, satisfying, taste satisfying, satisfying works, quick korean, korean meal"
R01199,P0170,Singapore,Frozen mandu,Local Brand E,4,The flavor tastes authentic and reminds me of Korean restaurant food.,taste_authenticity_positive,positive,0,Taste authenticity,"reminds, restaurant food, tastes authentic, restaurant, reminds korean, authentic reminds, korean restaurant, flavor tastes"
R01200,P0170,Singapore,Frozen mandu,Local Brand E,2,"The product is good, but the price feels quite high for the portion size.",price_sensitivity,negative,3,Price sensitivity,"size, price, product good, portion, quite high, quite, price feels, high"
R01201,P0170,Singapore,Frozen mandu,Local Brand E,3,"The product is good, but the price feels quite high for the portion size.",price_sensitivity,neutral,3,Price sensitivity,"size, price, product good, portion, quite high, quite, price feels, high"
R01202,P0170,Singapore,Frozen mandu,Local Brand E,4,"The product is good, but the price feels quite high for the portion size.",price_sensitivity,positive,3,Price sensitivity,"size, price, product good, portion, quite high, quite, price feels, high"
R01203,P0170,Singapore,Frozen mandu,Local Brand E,3,"It tastes good, but one pack is not enough for a full meal.",portion_size,neutral,5,General product experience,"tastes good, tastes, good, saves time, saves, time, time tastes, like saves"
R01204,P0171,Singapore,Frozen mandu,Local Brand A,2,"The product looks good, but I could not find clear halal information.",halal_concern,negative,4,Halal trust and certification,"clear halal, clear, halal, looks, halal information, looks good, good clear, product looks"
R01205,P0171,Singapore,Frozen mandu,Local Brand A,3,"The product looks good, but I could not find clear halal information.",halal_concern,neutral,4,Halal trust and certification,"clear halal, clear, halal, looks, halal information, looks good, good clear, product looks"
R01206,P0171,Singapore,Frozen mandu,Local Brand A,3,"I like it, but I would only buy again if there is a discount.",price_sensitivity,neutral,7,Halal trust and certification,"buy, like buy, discount, buy discount, like, certification, halal certification, clearly shown"
R01207,P0171,Singapore,Frozen mandu,Local Brand A,4,"The flavor is good, but it is too spicy for my family.",too_spicy,positive,5,General product experience,"tastes good, tastes, good, saves time, saves, time, time tastes, like saves"
R01208,P0171,Singapore,Frozen mandu,Local Brand A,3,The serving size could be larger for the price.,portion_size,neutral,3,Price sensitivity,"size, price, product good, portion, quite high, quite, price feels, high"
R01209,P0171,Singapore,Frozen mandu,Local Brand A,4,"It tastes good, but one pack is not enough for a full meal.",portion_size,positive,5,General product experience,"tastes good, tastes, good, saves time, saves, time, time tastes, like saves"
R01210,P0171,Singapore,Frozen mandu,Local Brand A,4,"The product is good, but the price feels quite high for the portion size.",price_sensitivity,positive,3,Price sensitivity,"size, price, product good, portion, quite high, quite, price feels, high"
R01211,P0171,Singapore,Frozen mandu,Local Brand A,2,"I like it, but I would only buy again if there is a discount.",price_sensitivity,negative,7,Halal trust and certification,"buy, like buy, discount, buy discount, like, certification, halal certification, clearly shown"
R01212,P0172,Singapore,Frozen mandu,Japanese Brand M,2,"I like it, but I would only buy again if there is a discount.",price_sensitivity,negative,7,Halal trust and certification,"buy, like buy, discount, buy discount, like, certification, halal certification, clearly shown"
R01213,P0172,Singapore,Frozen mandu,Japanese Brand M,5,I like the rich seasoning and it feels close to real Korean-style food.,taste_authenticity_positive,positive,2,Taste authenticity,"real korean, style food, style, rich seasoning, rich, seasoning feels, real, seasoning"
R01214,P0172,Singapore,Frozen mandu,Japanese Brand M,3,"The product looks good, but I could not find clear halal information.",halal_concern,neutral,4,Halal trust and certification,"clear halal, clear, halal, looks, halal information, looks good, good clear, product looks"
R01215,P0172,Singapore,Frozen mandu,Japanese Brand M,4,The flavor tastes authentic and reminds me of Korean restaurant food.,taste_authenticity_positive,positive,0,Taste authenticity,"reminds, restaurant food, tastes authentic, restaurant, reminds korean, authentic reminds, korean restaurant, flavor tastes"
R01216,P0173,Singapore,Frozen mandu,Japanese Brand G,5,Very convenient for a quick meal after work.,convenience_positive,positive,1,Convenience and quick meal,"quick, works, works quick, satisfying, taste satisfying, satisfying works, quick korean, korean meal"
R01217,P0173,Singapore,Frozen mandu,Japanese Brand G,5,The flavor tastes authentic and reminds me of Korean restaurant food.,taste_authenticity_positive,positive,0,Taste authenticity,"reminds, restaurant food, tastes authentic, restaurant, reminds korean, authentic reminds, korean restaurant, flavor tastes"
R01218,P0173,Singapore,Frozen mandu,Japanese Brand G,2,"The product tastes nice, but the heat level may be difficult for beginners.",too_spicy,negative,6,Spiciness and taste localization,"level, wish, wish milder, spice, spice level, milder version, version spice, milder"
R01219,P0173,Singapore,Frozen mandu,Japanese Brand G,5,I like the rich seasoning and it feels close to real Korean-style food.,taste_authenticity_positive,positive,2,Taste authenticity,"real korean, style food, style, rich seasoning, rich, seasoning feels, real, seasoning"
R01220,P0173,Singapore,Frozen mandu,Japanese Brand G,2,Clear halal labeling would make me more confident to purchase.,halal_concern,negative,4,Halal trust and certification,"clear halal, clear, halal, looks, halal information, looks good, good clear, product looks"
R01221,P0173,Singapore,Frozen mandu,Japanese Brand G,4,Clear halal labeling would make me more confident to purchase.,halal_concern,positive,4,Halal trust and certification,"clear halal, clear, halal, looks, halal information, looks good, good clear, product looks"
R01222,P0173,Singapore,Frozen mandu,Japanese Brand G,4,The taste is very satisfying and works well for a quick Korean meal at home.,taste_authenticity_positive,positive,1,Convenience and quick meal,"quick, works, works quick, satisfying, taste satisfying, satisfying works, quick korean, korean meal"
R01223,P0173,Singapore,Frozen mandu,Japanese Brand G,3,I would buy this more often if the halal certification was clearly shown.,halal_concern,neutral,7,Halal trust and certification,"buy, like buy, discount, buy discount, like, certification, halal certification, clearly shown"
R01224,P0173,Singapore,Frozen mandu,Japanese Brand G,2,The packaging could be improved because it was slightly damaged when delivered.,packaging_issue,negative,3,Price sensitivity,"size, price, product good, portion, quite high, quite, price feels, high"
R01225,P0174,Singapore,Frozen mandu,Korean Brand U,3,"I like it, but I would only buy again if there is a discount.",price_sensitivity,neutral,7,Halal trust and certification,"buy, like buy, discount, buy discount, like, certification, halal certification, clearly shown"
R01226,P0174,Singapore,Frozen mandu,Korean Brand U,3,The packaging could be improved because it was slightly damaged when delivered.,packaging_issue,neutral,3,Price sensitivity,"size, price, product good, portion, quite high, quite, price feels, high"
R01227,P0174,Singapore,Frozen mandu,Korean Brand U,5,Very convenient for a quick meal after work.,convenience_positive,positive,1,Convenience and quick meal,"quick, works, works quick, satisfying, taste satisfying, satisfying works, quick korean, korean meal"
R01228,P0174,Singapore,Frozen mandu,Korean Brand U,5,The taste is very satisfying and works well for a quick Korean meal at home.,taste_authenticity_positive,positive,1,Convenience and quick meal,"quick, works, works quick, satisfying, taste satisfying, satisfying works, quick korean, korean meal"
R01229,P0174,Singapore,Frozen mandu,Korean Brand U,4,"The product is good, but the price feels quite high for the portion size.",price_sensitivity,positive,3,Price sensitivity,"size, price, product good, portion, quite high, quite, price feels, high"
R01230,P0174,Singapore,Frozen mandu,Korean Brand U,4,"It tastes good, but one pack is not enough for a full meal.",portion_size,positive,5,General product experience,"tastes good, tastes, good, saves time, saves, time, time tastes, like saves"
R01231,P0174,Singapore,Frozen mandu,Korean Brand U,2,"The product looks good, but I could not find clear halal information.",halal_concern,negative,4,Halal trust and certification,"clear halal, clear, halal, looks, halal information, looks good, good clear, product looks"
R01232,P0174,Singapore,Frozen mandu,Korean Brand U,4,The serving size could be larger for the price.,portion_size,positive,3,Price sensitivity,"size, price, product good, portion, quite high, quite, price feels, high"
R01233,P0174,Singapore,Frozen mandu,Korean Brand U,4,Very convenient for a quick meal after work.,convenience_positive,positive,1,Convenience and quick meal,"quick, works, works quick, satisfying, taste satisfying, satisfying works, quick korean, korean meal"
R01234,P0175,Singapore,Frozen mandu,Korean Brand J,4,The serving size could be larger for the price.,portion_size,positive,3,Price sensitivity,"size, price, product good, portion, quite high, quite, price feels, high"
R01235,P0175,Singapore,Frozen mandu,Korean Brand J,4,"I like it, but I would only buy again if there is a discount.",price_sensitivity,positive,7,Halal trust and certification,"buy, like buy, discount, buy discount, like, certification, halal certification, clearly shown"
R01236,P0175,Singapore,Frozen mandu,Korean Brand J,4,I like the rich seasoning and it feels close to real Korean-style food.,taste_authenticity_positive,positive,2,Taste authenticity,"real korean, style food, style, rich seasoning, rich, seasoning feels, real, seasoning"
R01237,P0175,Singapore,Frozen mandu,Korean Brand J,4,Very convenient for a quick meal after work.,convenience_positive,positive,1,Convenience and quick meal,"quick, works, works quick, satisfying, taste satisfying, satisfying works, quick korean, korean meal"
R01238,P0175,Singapore,Frozen mandu,Korean Brand J,4,"The taste is nice, but I wish it had less sodium.",health_concern,positive,6,Spiciness and taste localization,"level, wish, wish milder, spice, spice level, milder version, version spice, milder"
R01239,P0175,Singapore,Frozen mandu,Korean Brand J,5,I like the rich seasoning and it feels close to real Korean-style food.,taste_authenticity_positive,positive,2,Taste authenticity,"real korean, style food, style, rich seasoning, rich, seasoning feels, real, seasoning"
R01240,P0175,Singapore,Frozen mandu,Korean Brand J,5,I like the rich seasoning and it feels close to real Korean-style food.,taste_authenticity_positive,positive,2,Taste authenticity,"real korean, style food, style, rich seasoning, rich, seasoning feels, real, seasoning"
R01241,P0175,Singapore,Frozen mandu,Korean Brand J,4,The taste is very satisfying and works well for a quick Korean meal at home.,taste_authenticity_positive,positive,1,Convenience and quick meal,"quick, works, works quick, satisfying, taste satisfying, satisfying works, quick korean, korean meal"
R01242,P0176,Singapore,Frozen mandu,Premium Import Brand H,4,"The taste is fine, but it feels expensive compared with local alternatives.",price_sensitivity,positive,3,Price sensitivity,"size, price, product good, portion, quite high, quite, price feels, high"
R01243,P0176,Singapore,Frozen mandu,Premium Import Brand H,5,I like that it saves time and still tastes good.,convenience_positive,positive,5,General product experience,"tastes good, tastes, good, saves time, saves, time, time tastes, like saves"
R01244,P0176,Singapore,Frozen mandu,Premium Import Brand H,2,"The product is good, but the price feels quite high for the portion size.",price_sensitivity,negative,3,Price sensitivity,"size, price, product good, portion, quite high, quite, price feels, high"
R01245,P0176,Singapore,Frozen mandu,Premium Import Brand H,4,Very convenient for a quick meal after work.,convenience_positive,positive,1,Convenience and quick meal,"quick, works, works quick, satisfying, taste satisfying, satisfying works, quick korean, korean meal"
R01246,P0176,Singapore,Frozen mandu,Premium Import Brand H,3,I wish there was a milder version because the spice level is too strong.,too_spicy,neutral,6,Spiciness and taste localization,"level, wish, wish milder, spice, spice level, milder version, version spice, milder"
R01247,P0176,Singapore,Frozen mandu,Premium Import Brand H,2,"The product is good, but the price feels quite high for the portion size.",price_sensitivity,negative,3,Price sensitivity,"size, price, product good, portion, quite high, quite, price feels, high"
R01248,P0176,Singapore,Frozen mandu,Premium Import Brand H,2,I would buy this more often if the halal certification was clearly shown.,halal_concern,negative,7,Halal trust and certification,"buy, like buy, discount, buy discount, like, certification, halal certification, clearly shown"
R01249,P0176,Singapore,Frozen mandu,Premium Import Brand H,2,The packaging could be improved because it was slightly damaged when delivered.,packaging_issue,negative,3,Price sensitivity,"size, price, product good, portion, quite high, quite, price feels, high"
R01250,P0176,Singapore,Frozen mandu,Premium Import Brand H,5,The flavor tastes authentic and reminds me of Korean restaurant food.,taste_authenticity_positive,positive,0,Taste authenticity,"reminds, restaurant food, tastes authentic, restaurant, reminds korean, authentic reminds, korean restaurant, flavor tastes"
R01251,P0177,Singapore,Ready meal,Local Brand Z,5,The flavor tastes authentic and reminds me of Korean restaurant food.,taste_authenticity_positive,positive,0,Taste authenticity,"reminds, restaurant food, tastes authentic, restaurant, reminds korean, authentic reminds, korean restaurant, flavor tastes"
R01252,P0177,Singapore,Ready meal,Local Brand Z,4,The flavor tastes authentic and reminds me of Korean restaurant food.,taste_authenticity_positive,positive,0,Taste authenticity,"reminds, restaurant food, tastes authentic, restaurant, reminds korean, authentic reminds, korean restaurant, flavor tastes"
R01253,P0177,Singapore,Ready meal,Local Brand Z,3,The portion is smaller than expected.,portion_size,neutral,3,Price sensitivity,"size, price, product good, portion, quite high, quite, price feels, high"
R01254,P0177,Singapore,Ready meal,Local Brand Z,5,The flavor tastes authentic and reminds me of Korean restaurant food.,taste_authenticity_positive,positive,0,Taste authenticity,"reminds, restaurant food, tastes authentic, restaurant, reminds korean, authentic reminds, korean restaurant, flavor tastes"
R01255,P0177,Singapore,Ready meal,Local Brand Z,2,"It tastes good, but one pack is not enough for a full meal.",portion_size,negative,5,General product experience,"tastes good, tastes, good, saves time, saves, time, time tastes, like saves"
R01256,P0177,Singapore,Ready meal,Local Brand Z,5,I like the rich seasoning and it feels close to real Korean-style food.,taste_authenticity_positive,positive,2,Taste authenticity,"real korean, style food, style, rich seasoning, rich, seasoning feels, real, seasoning"
R01257,P0177,Singapore,Ready meal,Local Brand Z,2,The serving size could be larger for the price.,portion_size,negative,3,Price sensitivity,"size, price, product good, portion, quite high, quite, price feels, high"
R01258,P0177,Singapore,Ready meal,Local Brand Z,5,I like that it saves time and still tastes good.,convenience_positive,positive,5,General product experience,"tastes good, tastes, good, saves time, saves, time, time tastes, like saves"
R01259,P0178,Singapore,Ready meal,Premium Import Brand Q,3,"The product tastes nice, but the heat level may be difficult for beginners.",too_spicy,neutral,6,Spiciness and taste localization,"level, wish, wish milder, spice, spice level, milder version, version spice, milder"
R01260,P0178,Singapore,Ready meal,Premium Import Brand Q,3,"The product is good, but the price feels quite high for the portion size.",price_sensitivity,neutral,3,Price sensitivity,"size, price, product good, portion, quite high, quite, price feels, high"
R01261,P0178,Singapore,Ready meal,Premium Import Brand Q,2,The serving size could be larger for the price.,portion_size,negative,3,Price sensitivity,"size, price, product good, portion, quite high, quite, price feels, high"
R01262,P0178,Singapore,Ready meal,Premium Import Brand Q,2,Clear halal labeling would make me more confident to purchase.,halal_concern,negative,4,Halal trust and certification,"clear halal, clear, halal, looks, halal information, looks good, good clear, product looks"
R01263,P0178,Singapore,Ready meal,Premium Import Brand Q,3,"I like it, but I would only buy again if there is a discount.",price_sensitivity,neutral,7,Halal trust and certification,"buy, like buy, discount, buy discount, like, certification, halal certification, clearly shown"
R01264,P0178,Singapore,Ready meal,Premium Import Brand Q,5,Very convenient for a quick meal after work.,convenience_positive,positive,1,Convenience and quick meal,"quick, works, works quick, satisfying, taste satisfying, satisfying works, quick korean, korean meal"
R01265,P0178,Singapore,Ready meal,Premium Import Brand Q,2,I would buy this more often if the halal certification was clearly shown.,halal_concern,negative,7,Halal trust and certification,"buy, like buy, discount, buy discount, like, certification, halal certification, clearly shown"
R01266,P0178,Singapore,Ready meal,Premium Import Brand Q,2,The portion is smaller than expected.,portion_size,negative,3,Price sensitivity,"size, price, product good, portion, quite high, quite, price feels, high"
R01267,P0179,Singapore,Ready meal,Japanese Brand L,2,"The flavor is good, but it is too spicy for my family.",too_spicy,negative,5,General product experience,"tastes good, tastes, good, saves time, saves, time, time tastes, like saves"
R01268,P0179,Singapore,Ready meal,Japanese Brand L,2,"Good flavor, but it feels a bit heavy for frequent consumption.",health_concern,negative,3,Price sensitivity,"size, price, product good, portion, quite high, quite, price feels, high"
R01269,P0179,Singapore,Ready meal,Japanese Brand L,4,I wish there was a milder version because the spice level is too strong.,too_spicy,positive,6,Spiciness and taste localization,"level, wish, wish milder, spice, spice level, milder version, version spice, milder"
R01270,P0179,Singapore,Ready meal,Japanese Brand L,3,I would buy this more often if the halal certification was clearly shown.,halal_concern,neutral,7,Halal trust and certification,"buy, like buy, discount, buy discount, like, certification, halal certification, clearly shown"
R01271,P0179,Singapore,Ready meal,Japanese Brand L,4,Very convenient for a quick meal after work.,convenience_positive,positive,1,Convenience and quick meal,"quick, works, works quick, satisfying, taste satisfying, satisfying works, quick korean, korean meal"
R01272,P0180,Singapore,Ready meal,Korean Brand S,5,I like the rich seasoning and it feels close to real Korean-style food.,taste_authenticity_positive,positive,2,Taste authenticity,"real korean, style food, style, rich seasoning, rich, seasoning feels, real, seasoning"
R01273,P0180,Singapore,Ready meal,Korean Brand S,5,The flavor tastes authentic and reminds me of Korean restaurant food.,taste_authenticity_positive,positive,0,Taste authenticity,"reminds, restaurant food, tastes authentic, restaurant, reminds korean, authentic reminds, korean restaurant, flavor tastes"
R01274,P0180,Singapore,Ready meal,Korean Brand S,4,"The product is good, but the price feels quite high for the portion size.",price_sensitivity,positive,3,Price sensitivity,"size, price, product good, portion, quite high, quite, price feels, high"
R01275,P0180,Singapore,Ready meal,Korean Brand S,3,"I like it, but I would only buy again if there is a discount.",price_sensitivity,neutral,7,Halal trust and certification,"buy, like buy, discount, buy discount, like, certification, halal certification, clearly shown"
R01276,P0180,Singapore,Ready meal,Korean Brand S,4,The flavor tastes authentic and reminds me of Korean restaurant food.,taste_authenticity_positive,positive,0,Taste authenticity,"reminds, restaurant food, tastes authentic, restaurant, reminds korean, authentic reminds, korean restaurant, flavor tastes"
R01277,P0180,Singapore,Ready meal,Korean Brand S,5,Very convenient for a quick meal after work.,convenience_positive,positive,1,Convenience and quick meal,"quick, works, works quick, satisfying, taste satisfying, satisfying works, quick korean, korean meal"
R01278,P0180,Singapore,Ready meal,Korean Brand S,5,I like that it saves time and still tastes good.,convenience_positive,positive,5,General product experience,"tastes good, tastes, good, saves time, saves, time, time tastes, like saves"
R01279,P0180,Singapore,Ready meal,Korean Brand S,4,Easy to prepare and good for busy weekdays.,convenience_positive,positive,5,General product experience,"tastes good, tastes, good, saves time, saves, time, time tastes, like saves"
R01280,P0181,Singapore,Ready meal,Korean Brand K,3,The label information could be clearer and easier to read.,packaging_issue,neutral,4,Halal trust and certification,"clear halal, clear, halal, looks, halal information, looks good, good clear, product looks"
R01281,P0181,Singapore,Ready meal,Korean Brand K,5,Easy to prepare and good for busy weekdays.,convenience_positive,positive,5,General product experience,"tastes good, tastes, good, saves time, saves, time, time tastes, like saves"
R01282,P0181,Singapore,Ready meal,Korean Brand K,5,Easy to prepare and good for busy weekdays.,convenience_positive,positive,5,General product experience,"tastes good, tastes, good, saves time, saves, time, time tastes, like saves"
R01283,P0181,Singapore,Ready meal,Korean Brand K,2,The packaging could be improved because it was slightly damaged when delivered.,packaging_issue,negative,3,Price sensitivity,"size, price, product good, portion, quite high, quite, price feels, high"
R01284,P0182,Singapore,Ready meal,Local Brand X,4,I like the rich seasoning and it feels close to real Korean-style food.,taste_authenticity_positive,positive,2,Taste authenticity,"real korean, style food, style, rich seasoning, rich, seasoning feels, real, seasoning"
R01285,P0182,Singapore,Ready meal,Local Brand X,3,"The product tastes nice, but the heat level may be difficult for beginners.",too_spicy,neutral,6,Spiciness and taste localization,"level, wish, wish milder, spice, spice level, milder version, version spice, milder"
R01286,P0182,Singapore,Ready meal,Local Brand X,3,"The product is good, but the packaging does not feel very strong.",packaging_issue,neutral,3,Price sensitivity,"size, price, product good, portion, quite high, quite, price feels, high"
R01287,P0182,Singapore,Ready meal,Local Brand X,4,"The product is good, but the price feels quite high for the portion size.",price_sensitivity,positive,3,Price sensitivity,"size, price, product good, portion, quite high, quite, price feels, high"
R01288,P0183,Singapore,Ready meal,Korean Brand T,5,I like the rich seasoning and it feels close to real Korean-style food.,taste_authenticity_positive,positive,2,Taste authenticity,"real korean, style food, style, rich seasoning, rich, seasoning feels, real, seasoning"
R01289,P0183,Singapore,Ready meal,Korean Brand T,3,The portion is smaller than expected.,portion_size,neutral,3,Price sensitivity,"size, price, product good, portion, quite high, quite, price feels, high"
R01290,P0183,Singapore,Ready meal,Korean Brand T,3,The portion is smaller than expected.,portion_size,neutral,3,Price sensitivity,"size, price, product good, portion, quite high, quite, price feels, high"
R01291,P0183,Singapore,Ready meal,Korean Brand T,5,I like the rich seasoning and it feels close to real Korean-style food.,taste_authenticity_positive,positive,2,Taste authenticity,"real korean, style food, style, rich seasoning, rich, seasoning feels, real, seasoning"
R01292,P0184,Singapore,Ready meal,Korean Brand U,4,"The product is good, but the packaging does not feel very strong.",packaging_issue,positive,3,Price sensitivity,"size, price, product good, portion, quite high, quite, price feels, high"
R01293,P0184,Singapore,Ready meal,Korean Brand U,3,"The product looks good, but I could not find clear halal information.",halal_concern,neutral,4,Halal trust and certification,"clear halal, clear, halal, looks, halal information, looks good, good clear, product looks"
R01294,P0184,Singapore,Ready meal,Korean Brand U,4,The flavor tastes authentic and reminds me of Korean restaurant food.,taste_authenticity_positive,positive,0,Taste authenticity,"reminds, restaurant food, tastes authentic, restaurant, reminds korean, authentic reminds, korean restaurant, flavor tastes"
R01295,P0184,Singapore,Ready meal,Korean Brand U,2,The portion is smaller than expected.,portion_size,negative,3,Price sensitivity,"size, price, product good, portion, quite high, quite, price feels, high"
R01296,P0184,Singapore,Ready meal,Korean Brand U,2,The serving size could be larger for the price.,portion_size,negative,3,Price sensitivity,"size, price, product good, portion, quite high, quite, price feels, high"
R01297,P0184,Singapore,Ready meal,Korean Brand U,5,I like that it saves time and still tastes good.,convenience_positive,positive,5,General product experience,"tastes good, tastes, good, saves time, saves, time, time tastes, like saves"
R01298,P0184,Singapore,Ready meal,Korean Brand U,4,"The product tastes nice, but the heat level may be difficult for beginners.",too_spicy,positive,6,Spiciness and taste localization,"level, wish, wish milder, spice, spice level, milder version, version spice, milder"
R01299,P0184,Singapore,Ready meal,Korean Brand U,2,"The product is good, but the price feels quite high for the portion size.",price_sensitivity,negative,3,Price sensitivity,"size, price, product good, portion, quite high, quite, price feels, high"
R01300,P0184,Singapore,Ready meal,Korean Brand U,3,The label information could be clearer and easier to read.,packaging_issue,neutral,4,Halal trust and certification,"clear halal, clear, halal, looks, halal information, looks good, good clear, product looks"
R01301,P0184,Singapore,Ready meal,Korean Brand U,2,"The product looks good, but I could not find clear halal information.",halal_concern,negative,4,Halal trust and certification,"clear halal, clear, halal, looks, halal information, looks good, good clear, product looks"
R01302,P0185,Singapore,Seaweed snack,Korean Brand V,5,Easy to prepare and good for busy weekdays.,convenience_positive,positive,5,General product experience,"tastes good, tastes, good, saves time, saves, time, time tastes, like saves"
R01303,P0185,Singapore,Seaweed snack,Korean Brand V,2,"It tastes good, but one pack is not enough for a full meal.",portion_size,negative,5,General product experience,"tastes good, tastes, good, saves time, saves, time, time tastes, like saves"
R01304,P0185,Singapore,Seaweed snack,Korean Brand V,5,The taste is very satisfying and works well for a quick Korean meal at home.,taste_authenticity_positive,positive,1,Convenience and quick meal,"quick, works, works quick, satisfying, taste satisfying, satisfying works, quick korean, korean meal"
R01305,P0185,Singapore,Seaweed snack,Korean Brand V,3,"I like it, but I would only buy again if there is a discount.",price_sensitivity,neutral,7,Halal trust and certification,"buy, like buy, discount, buy discount, like, certification, halal certification, clearly shown"
R01306,P0185,Singapore,Seaweed snack,Korean Brand V,3,I would buy this more often if the halal certification was clearly shown.,halal_concern,neutral,7,Halal trust and certification,"buy, like buy, discount, buy discount, like, certification, halal certification, clearly shown"
R01307,P0186,Singapore,Seaweed snack,Premium Import Brand W,3,The portion is smaller than expected.,portion_size,neutral,3,Price sensitivity,"size, price, product good, portion, quite high, quite, price feels, high"
R01308,P0186,Singapore,Seaweed snack,Premium Import Brand W,2,"It tastes good, but one pack is not enough for a full meal.",portion_size,negative,5,General product experience,"tastes good, tastes, good, saves time, saves, time, time tastes, like saves"
R01309,P0186,Singapore,Seaweed snack,Premium Import Brand W,3,"I like it, but I would only buy again if there is a discount.",price_sensitivity,neutral,7,Halal trust and certification,"buy, like buy, discount, buy discount, like, certification, halal certification, clearly shown"
R01310,P0186,Singapore,Seaweed snack,Premium Import Brand W,5,The flavor tastes authentic and reminds me of Korean restaurant food.,taste_authenticity_positive,positive,0,Taste authenticity,"reminds, restaurant food, tastes authentic, restaurant, reminds korean, authentic reminds, korean restaurant, flavor tastes"
R01311,P0186,Singapore,Seaweed snack,Premium Import Brand W,5,I like the rich seasoning and it feels close to real Korean-style food.,taste_authenticity_positive,positive,2,Taste authenticity,"real korean, style food, style, rich seasoning, rich, seasoning feels, real, seasoning"
R01312,P0187,Singapore,Seaweed snack,Japanese Brand B,4,"The product is good, but the price feels quite high for the portion size.",price_sensitivity,positive,3,Price sensitivity,"size, price, product good, portion, quite high, quite, price feels, high"
R01313,P0187,Singapore,Seaweed snack,Japanese Brand B,3,"The taste is fine, but it feels expensive compared with local alternatives.",price_sensitivity,neutral,3,Price sensitivity,"size, price, product good, portion, quite high, quite, price feels, high"
R01314,P0187,Singapore,Seaweed snack,Japanese Brand B,4,"The taste is fine, but it feels expensive compared with local alternatives.",price_sensitivity,positive,3,Price sensitivity,"size, price, product good, portion, quite high, quite, price feels, high"
R01315,P0187,Singapore,Seaweed snack,Japanese Brand B,4,The portion is smaller than expected.,portion_size,positive,3,Price sensitivity,"size, price, product good, portion, quite high, quite, price feels, high"
R01316,P0187,Singapore,Seaweed snack,Japanese Brand B,4,I like that it saves time and still tastes good.,convenience_positive,positive,5,General product experience,"tastes good, tastes, good, saves time, saves, time, time tastes, like saves"
R01317,P0188,Singapore,Seaweed snack,Korean Brand E,5,I like that it saves time and still tastes good.,convenience_positive,positive,5,General product experience,"tastes good, tastes, good, saves time, saves, time, time tastes, like saves"
R01318,P0188,Singapore,Seaweed snack,Korean Brand E,4,"The taste is nice, but I wish it had less sodium.",health_concern,positive,6,Spiciness and taste localization,"level, wish, wish milder, spice, spice level, milder version, version spice, milder"
R01319,P0188,Singapore,Seaweed snack,Korean Brand E,3,"The product is good, but the packaging does not feel very strong.",packaging_issue,neutral,3,Price sensitivity,"size, price, product good, portion, quite high, quite, price feels, high"
R01320,P0188,Singapore,Seaweed snack,Korean Brand E,2,The serving size could be larger for the price.,portion_size,negative,3,Price sensitivity,"size, price, product good, portion, quite high, quite, price feels, high"
R01321,P0188,Singapore,Seaweed snack,Korean Brand E,3,"The product looks good, but I could not find clear halal information.",halal_concern,neutral,4,Halal trust and certification,"clear halal, clear, halal, looks, halal information, looks good, good clear, product looks"
R01322,P0188,Singapore,Seaweed snack,Korean Brand E,4,I like the rich seasoning and it feels close to real Korean-style food.,taste_authenticity_positive,positive,2,Taste authenticity,"real korean, style food, style, rich seasoning, rich, seasoning feels, real, seasoning"
R01323,P0189,Singapore,Seaweed snack,Korean Brand T,3,The label information could be clearer and easier to read.,packaging_issue,neutral,4,Halal trust and certification,"clear halal, clear, halal, looks, halal information, looks good, good clear, product looks"
R01324,P0189,Singapore,Seaweed snack,Korean Brand T,3,"The product is good, but the packaging does not feel very strong.",packaging_issue,neutral,3,Price sensitivity,"size, price, product good, portion, quite high, quite, price feels, high"
R01325,P0189,Singapore,Seaweed snack,Korean Brand T,2,"The product is good, but the packaging does not feel very strong.",packaging_issue,negative,3,Price sensitivity,"size, price, product good, portion, quite high, quite, price feels, high"
R01326,P0189,Singapore,Seaweed snack,Korean Brand T,5,The taste is very satisfying and works well for a quick Korean meal at home.,taste_authenticity_positive,positive,1,Convenience and quick meal,"quick, works, works quick, satisfying, taste satisfying, satisfying works, quick korean, korean meal"
R01327,P0189,Singapore,Seaweed snack,Korean Brand T,2,The serving size could be larger for the price.,portion_size,negative,3,Price sensitivity,"size, price, product good, portion, quite high, quite, price feels, high"
R01328,P0190,Singapore,Seaweed snack,Private Label V,5,I like the rich seasoning and it feels close to real Korean-style food.,taste_authenticity_positive,positive,2,Taste authenticity,"real korean, style food, style, rich seasoning, rich, seasoning feels, real, seasoning"
R01329,P0190,Singapore,Seaweed snack,Private Label V,4,"The product looks good, but I could not find clear halal information.",halal_concern,positive,4,Halal trust and certification,"clear halal, clear, halal, looks, halal information, looks good, good clear, product looks"
R01330,P0190,Singapore,Seaweed snack,Private Label V,3,"I like it, but I would only buy again if there is a discount.",price_sensitivity,neutral,7,Halal trust and certification,"buy, like buy, discount, buy discount, like, certification, halal certification, clearly shown"
R01331,P0190,Singapore,Seaweed snack,Private Label V,5,Very convenient for a quick meal after work.,convenience_positive,positive,1,Convenience and quick meal,"quick, works, works quick, satisfying, taste satisfying, satisfying works, quick korean, korean meal"
R01332,P0190,Singapore,Seaweed snack,Private Label V,3,I would buy this more often if the halal certification was clearly shown.,halal_concern,neutral,7,Halal trust and certification,"buy, like buy, discount, buy discount, like, certification, halal certification, clearly shown"
R01333,P0190,Singapore,Seaweed snack,Private Label V,2,"I like it, but I would only buy again if there is a discount.",price_sensitivity,negative,7,Halal trust and certification,"buy, like buy, discount, buy discount, like, certification, halal certification, clearly shown"
R01334,P0190,Singapore,Seaweed snack,Private Label V,4,The taste is very satisfying and works well for a quick Korean meal at home.,taste_authenticity_positive,positive,1,Convenience and quick meal,"quick, works, works quick, satisfying, taste satisfying, satisfying works, quick korean, korean meal"
R01335,P0191,Singapore,Seaweed snack,Korean Brand Q,5,The flavor tastes authentic and reminds me of Korean restaurant food.,taste_authenticity_positive,positive,0,Taste authenticity,"reminds, restaurant food, tastes authentic, restaurant, reminds korean, authentic reminds, korean restaurant, flavor tastes"
R01336,P0191,Singapore,Seaweed snack,Korean Brand Q,3,"The product is good, but the price feels quite high for the portion size.",price_sensitivity,neutral,3,Price sensitivity,"size, price, product good, portion, quite high, quite, price feels, high"
R01337,P0191,Singapore,Seaweed snack,Korean Brand Q,5,I like the rich seasoning and it feels close to real Korean-style food.,taste_authenticity_positive,positive,2,Taste authenticity,"real korean, style food, style, rich seasoning, rich, seasoning feels, real, seasoning"
R01338,P0191,Singapore,Seaweed snack,Korean Brand Q,5,Very convenient for a quick meal after work.,convenience_positive,positive,1,Convenience and quick meal,"quick, works, works quick, satisfying, taste satisfying, satisfying works, quick korean, korean meal"
R01339,P0191,Singapore,Seaweed snack,Korean Brand Q,3,"It tastes good, but one pack is not enough for a full meal.",portion_size,neutral,5,General product experience,"tastes good, tastes, good, saves time, saves, time, time tastes, like saves"
R01340,P0192,Singapore,Seaweed snack,Korean Brand W,3,"The taste is fine, but it feels expensive compared with local alternatives.",price_sensitivity,neutral,3,Price sensitivity,"size, price, product good, portion, quite high, quite, price feels, high"
R01341,P0192,Singapore,Seaweed snack,Korean Brand W,3,I would prefer a healthier version with cleaner ingredients.,health_concern,neutral,6,Spiciness and taste localization,"level, wish, wish milder, spice, spice level, milder version, version spice, milder"
R01342,P0192,Singapore,Seaweed snack,Korean Brand W,2,The serving size could be larger for the price.,portion_size,negative,3,Price sensitivity,"size, price, product good, portion, quite high, quite, price feels, high"
R01343,P0192,Singapore,Seaweed snack,Korean Brand W,5,The flavor tastes authentic and reminds me of Korean restaurant food.,taste_authenticity_positive,positive,0,Taste authenticity,"reminds, restaurant food, tastes authentic, restaurant, reminds korean, authentic reminds, korean restaurant, flavor tastes"
R01344,P0192,Singapore,Seaweed snack,Korean Brand W,3,The packaging could be improved because it was slightly damaged when delivered.,packaging_issue,neutral,3,Price sensitivity,"size, price, product good, portion, quite high, quite, price feels, high"
R01345,P0192,Singapore,Seaweed snack,Korean Brand W,5,The flavor tastes authentic and reminds me of Korean restaurant food.,taste_authenticity_positive,positive,0,Taste authenticity,"reminds, restaurant food, tastes authentic, restaurant, reminds korean, authentic reminds, korean restaurant, flavor tastes"
R01346,P0192,Singapore,Seaweed snack,Korean Brand W,2,The packaging could be improved because it was slightly damaged when delivered.,packaging_issue,negative,3,Price sensitivity,"size, price, product good, portion, quite high, quite, price feels, high"
R01347,P0193,Thailand,Korean ramen,Korean Brand Q,5,The taste is very satisfying and works well for a quick Korean meal at home.,taste_authenticity_positive,positive,1,Convenience and quick meal,"quick, works, works quick, satisfying, taste satisfying, satisfying works, quick korean, korean meal"
R01348,P0193,Thailand,Korean ramen,Korean Brand Q,4,Very convenient for a quick meal after work.,convenience_positive,positive,1,Convenience and quick meal,"quick, works, works quick, satisfying, taste satisfying, satisfying works, quick korean, korean meal"
R01349,P0193,Thailand,Korean ramen,Korean Brand Q,2,"I like it, but I would only buy again if there is a discount.",price_sensitivity,negative,7,Halal trust and certification,"buy, like buy, discount, buy discount, like, certification, halal certification, clearly shown"
R01350,P0193,Thailand,Korean ramen,Korean Brand Q,3,The label information could be clearer and easier to read.,packaging_issue,neutral,4,Halal trust and certification,"clear halal, clear, halal, looks, halal information, looks good, good clear, product looks"
R01351,P0193,Thailand,Korean ramen,Korean Brand Q,2,The serving size could be larger for the price.,portion_size,negative,3,Price sensitivity,"size, price, product good, portion, quite high, quite, price feels, high"
R01352,P0193,Thailand,Korean ramen,Korean Brand Q,4,The flavor tastes authentic and reminds me of Korean restaurant food.,taste_authenticity_positive,positive,0,Taste authenticity,"reminds, restaurant food, tastes authentic, restaurant, reminds korean, authentic reminds, korean restaurant, flavor tastes"
R01353,P0193,Thailand,Korean ramen,Korean Brand Q,3,"The flavor is good, but it is too spicy for my family.",too_spicy,neutral,5,General product experience,"tastes good, tastes, good, saves time, saves, time, time tastes, like saves"
R01354,P0193,Thailand,Korean ramen,Korean Brand Q,5,I like that it saves time and still tastes good.,convenience_positive,positive,5,General product experience,"tastes good, tastes, good, saves time, saves, time, time tastes, like saves"
R01355,P0194,Thailand,Korean ramen,Japanese Brand B,3,I wish there was a milder version because the spice level is too strong.,too_spicy,neutral,6,Spiciness and taste localization,"level, wish, wish milder, spice, spice level, milder version, version spice, milder"
R01356,P0194,Thailand,Korean ramen,Japanese Brand B,2,"The product is good, but the packaging does not feel very strong.",packaging_issue,negative,3,Price sensitivity,"size, price, product good, portion, quite high, quite, price feels, high"
R01357,P0194,Thailand,Korean ramen,Japanese Brand B,5,The flavor tastes authentic and reminds me of Korean restaurant food.,taste_authenticity_positive,positive,0,Taste authenticity,"reminds, restaurant food, tastes authentic, restaurant, reminds korean, authentic reminds, korean restaurant, flavor tastes"
R01358,P0194,Thailand,Korean ramen,Japanese Brand B,2,I would buy this more often if the halal certification was clearly shown.,halal_concern,negative,7,Halal trust and certification,"buy, like buy, discount, buy discount, like, certification, halal certification, clearly shown"
R01359,P0194,Thailand,Korean ramen,Japanese Brand B,4,I would buy this more often if the halal certification was clearly shown.,halal_concern,positive,7,Halal trust and certification,"buy, like buy, discount, buy discount, like, certification, halal certification, clearly shown"
R01360,P0194,Thailand,Korean ramen,Japanese Brand B,2,"The taste is fine, but it feels expensive compared with local alternatives.",price_sensitivity,negative,3,Price sensitivity,"size, price, product good, portion, quite high, quite, price feels, high"
R01361,P0195,Thailand,Korean ramen,Premium Import Brand C,5,I like the rich seasoning and it feels close to real Korean-style food.,taste_authenticity_positive,positive,2,Taste authenticity,"real korean, style food, style, rich seasoning, rich, seasoning feels, real, seasoning"
R01362,P0195,Thailand,Korean ramen,Premium Import Brand C,4,The serving size could be larger for the price.,portion_size,positive,3,Price sensitivity,"size, price, product good, portion, quite high, quite, price feels, high"
R01363,P0195,Thailand,Korean ramen,Premium Import Brand C,4,The label information could be clearer and easier to read.,packaging_issue,positive,4,Halal trust and certification,"clear halal, clear, halal, looks, halal information, looks good, good clear, product looks"
R01364,P0195,Thailand,Korean ramen,Premium Import Brand C,3,"The product looks good, but I could not find clear halal information.",halal_concern,neutral,4,Halal trust and certification,"clear halal, clear, halal, looks, halal information, looks good, good clear, product looks"
R01365,P0195,Thailand,Korean ramen,Premium Import Brand C,5,The taste is very satisfying and works well for a quick Korean meal at home.,taste_authenticity_positive,positive,1,Convenience and quick meal,"quick, works, works quick, satisfying, taste satisfying, satisfying works, quick korean, korean meal"
R01366,P0196,Thailand,Korean ramen,Private Label V,4,The flavor tastes authentic and reminds me of Korean restaurant food.,taste_authenticity_positive,positive,0,Taste authenticity,"reminds, restaurant food, tastes authentic, restaurant, reminds korean, authentic reminds, korean restaurant, flavor tastes"
R01367,P0196,Thailand,Korean ramen,Private Label V,3,"The product tastes nice, but the heat level may be difficult for beginners.",too_spicy,neutral,6,Spiciness and taste localization,"level, wish, wish milder, spice, spice level, milder version, version spice, milder"
R01368,P0196,Thailand,Korean ramen,Private Label V,5,The taste is very satisfying and works well for a quick Korean meal at home.,taste_authenticity_positive,positive,1,Convenience and quick meal,"quick, works, works quick, satisfying, taste satisfying, satisfying works, quick korean, korean meal"
R01369,P0196,Thailand,Korean ramen,Private Label V,3,"The product looks good, but I could not find clear halal information.",halal_concern,neutral,4,Halal trust and certification,"clear halal, clear, halal, looks, halal information, looks good, good clear, product looks"
R01370,P0196,Thailand,Korean ramen,Private Label V,3,Clear halal labeling would make me more confident to purchase.,halal_concern,neutral,4,Halal trust and certification,"clear halal, clear, halal, looks, halal information, looks good, good clear, product looks"
R01371,P0196,Thailand,Korean ramen,Private Label V,4,"The taste is fine, but it feels expensive compared with local alternatives.",price_sensitivity,positive,3,Price sensitivity,"size, price, product good, portion, quite high, quite, price feels, high"
R01372,P0196,Thailand,Korean ramen,Private Label V,4,The packaging could be improved because it was slightly damaged when delivered.,packaging_issue,positive,3,Price sensitivity,"size, price, product good, portion, quite high, quite, price feels, high"
R01373,P0196,Thailand,Korean ramen,Private Label V,4,The taste is very satisfying and works well for a quick Korean meal at home.,taste_authenticity_positive,positive,1,Convenience and quick meal,"quick, works, works quick, satisfying, taste satisfying, satisfying works, quick korean, korean meal"
R01374,P0196,Thailand,Korean ramen,Private Label V,5,Very convenient for a quick meal after work.,convenience_positive,positive,1,Convenience and quick meal,"quick, works, works quick, satisfying, taste satisfying, satisfying works, quick korean, korean meal"
R01375,P0196,Thailand,Korean ramen,Private Label V,3,I wish there was a milder version because the spice level is too strong.,too_spicy,neutral,6,Spiciness and taste localization,"level, wish, wish milder, spice, spice level, milder version, version spice, milder"
R01376,P0197,Thailand,Korean ramen,Private Label T,5,The taste is very satisfying and works well for a quick Korean meal at home.,taste_authenticity_positive,positive,1,Convenience and quick meal,"quick, works, works quick, satisfying, taste satisfying, satisfying works, quick korean, korean meal"
R01377,P0197,Thailand,Korean ramen,Private Label T,4,I wish there was a milder version because the spice level is too strong.,too_spicy,positive,6,Spiciness and taste localization,"level, wish, wish milder, spice, spice level, milder version, version spice, milder"
R01378,P0197,Thailand,Korean ramen,Private Label T,5,The flavor tastes authentic and reminds me of Korean restaurant food.,taste_authenticity_positive,positive,0,Taste authenticity,"reminds, restaurant food, tastes authentic, restaurant, reminds korean, authentic reminds, korean restaurant, flavor tastes"
R01379,P0197,Thailand,Korean ramen,Private Label T,3,"The product is good, but the packaging does not feel very strong.",packaging_issue,neutral,3,Price sensitivity,"size, price, product good, portion, quite high, quite, price feels, high"
R01380,P0197,Thailand,Korean ramen,Private Label T,5,The flavor tastes authentic and reminds me of Korean restaurant food.,taste_authenticity_positive,positive,0,Taste authenticity,"reminds, restaurant food, tastes authentic, restaurant, reminds korean, authentic reminds, korean restaurant, flavor tastes"
R01381,P0197,Thailand,Korean ramen,Private Label T,3,"The product is good, but the price feels quite high for the portion size.",price_sensitivity,neutral,3,Price sensitivity,"size, price, product good, portion, quite high, quite, price feels, high"
R01382,P0197,Thailand,Korean ramen,Private Label T,3,"The flavor is good, but it is too spicy for my family.",too_spicy,neutral,5,General product experience,"tastes good, tastes, good, saves time, saves, time, time tastes, like saves"
R01383,P0197,Thailand,Korean ramen,Private Label T,2,"The product is good, but the price feels quite high for the portion size.",price_sensitivity,negative,3,Price sensitivity,"size, price, product good, portion, quite high, quite, price feels, high"
R01384,P0197,Thailand,Korean ramen,Private Label T,5,The taste is very satisfying and works well for a quick Korean meal at home.,taste_authenticity_positive,positive,1,Convenience and quick meal,"quick, works, works quick, satisfying, taste satisfying, satisfying works, quick korean, korean meal"
R01385,P0198,Thailand,Korean ramen,Korean Brand A,5,The flavor tastes authentic and reminds me of Korean restaurant food.,taste_authenticity_positive,positive,0,Taste authenticity,"reminds, restaurant food, tastes authentic, restaurant, reminds korean, authentic reminds, korean restaurant, flavor tastes"
R01386,P0198,Thailand,Korean ramen,Korean Brand A,2,I would buy this more often if the halal certification was clearly shown.,halal_concern,negative,7,Halal trust and certification,"buy, like buy, discount, buy discount, like, certification, halal certification, clearly shown"
R01387,P0198,Thailand,Korean ramen,Korean Brand A,2,The serving size could be larger for the price.,portion_size,negative,3,Price sensitivity,"size, price, product good, portion, quite high, quite, price feels, high"
R01388,P0198,Thailand,Korean ramen,Korean Brand A,4,I like the rich seasoning and it feels close to real Korean-style food.,taste_authenticity_positive,positive,2,Taste authenticity,"real korean, style food, style, rich seasoning, rich, seasoning feels, real, seasoning"
R01389,P0198,Thailand,Korean ramen,Korean Brand A,4,Very convenient for a quick meal after work.,convenience_positive,positive,1,Convenience and quick meal,"quick, works, works quick, satisfying, taste satisfying, satisfying works, quick korean, korean meal"
R01390,P0199,Thailand,Korean ramen,Local Brand B,4,"I like it, but I would only buy again if there is a discount.",price_sensitivity,positive,7,Halal trust and certification,"buy, like buy, discount, buy discount, like, certification, halal certification, clearly shown"
R01391,P0199,Thailand,Korean ramen,Local Brand B,3,"The product tastes nice, but the heat level may be difficult for beginners.",too_spicy,neutral,6,Spiciness and taste localization,"level, wish, wish milder, spice, spice level, milder version, version spice, milder"
R01392,P0199,Thailand,Korean ramen,Local Brand B,5,The flavor tastes authentic and reminds me of Korean restaurant food.,taste_authenticity_positive,positive,0,Taste authenticity,"reminds, restaurant food, tastes authentic, restaurant, reminds korean, authentic reminds, korean restaurant, flavor tastes"
R01393,P0199,Thailand,Korean ramen,Local Brand B,3,The portion is smaller than expected.,portion_size,neutral,3,Price sensitivity,"size, price, product good, portion, quite high, quite, price feels, high"
R01394,P0199,Thailand,Korean ramen,Local Brand B,3,I wish there was a milder version because the spice level is too strong.,too_spicy,neutral,6,Spiciness and taste localization,"level, wish, wish milder, spice, spice level, milder version, version spice, milder"
R01395,P0199,Thailand,Korean ramen,Local Brand B,5,The taste is very satisfying and works well for a quick Korean meal at home.,taste_authenticity_positive,positive,1,Convenience and quick meal,"quick, works, works quick, satisfying, taste satisfying, satisfying works, quick korean, korean meal"
R01396,P0199,Thailand,Korean ramen,Local Brand B,5,The flavor tastes authentic and reminds me of Korean restaurant food.,taste_authenticity_positive,positive,0,Taste authenticity,"reminds, restaurant food, tastes authentic, restaurant, reminds korean, authentic reminds, korean restaurant, flavor tastes"
R01397,P0199,Thailand,Korean ramen,Local Brand B,4,I would prefer a healthier version with cleaner ingredients.,health_concern,positive,6,Spiciness and taste localization,"level, wish, wish milder, spice, spice level, milder version, version spice, milder"
R01398,P0199,Thailand,Korean ramen,Local Brand B,5,Very convenient for a quick meal after work.,convenience_positive,positive,1,Convenience and quick meal,"quick, works, works quick, satisfying, taste satisfying, satisfying works, quick korean, korean meal"
R01399,P0199,Thailand,Korean ramen,Local Brand B,3,The packaging could be improved because it was slightly damaged when delivered.,packaging_issue,neutral,3,Price sensitivity,"size, price, product good, portion, quite high, quite, price feels, high"
R01400,P0200,Thailand,Korean ramen,Local Brand Q,3,The packaging could be improved because it was slightly damaged when delivered.,packaging_issue,neutral,3,Price sensitivity,"size, price, product good, portion, quite high, quite, price feels, high"
R01401,P0200,Thailand,Korean ramen,Local Brand Q,4,The taste is very satisfying and works well for a quick Korean meal at home.,taste_authenticity_positive,positive,1,Convenience and quick meal,"quick, works, works quick, satisfying, taste satisfying, satisfying works, quick korean, korean meal"
R01402,P0200,Thailand,Korean ramen,Local Brand Q,4,The taste is very satisfying and works well for a quick Korean meal at home.,taste_authenticity_positive,positive,1,Convenience and quick meal,"quick, works, works quick, satisfying, taste satisfying, satisfying works, quick korean, korean meal"
R01403,P0200,Thailand,Korean ramen,Local Brand Q,2,"The flavor is good, but it is too spicy for my family.",too_spicy,negative,5,General product experience,"tastes good, tastes, good, saves time, saves, time, time tastes, like saves"
R01404,P0200,Thailand,Korean ramen,Local Brand Q,5,The flavor tastes authentic and reminds me of Korean restaurant food.,taste_authenticity_positive,positive,0,Taste authenticity,"reminds, restaurant food, tastes authentic, restaurant, reminds korean, authentic reminds, korean restaurant, flavor tastes"
R01405,P0200,Thailand,Korean ramen,Local Brand Q,4,The taste is very satisfying and works well for a quick Korean meal at home.,taste_authenticity_positive,positive,1,Convenience and quick meal,"quick, works, works quick, satisfying, taste satisfying, satisfying works, quick korean, korean meal"
R01406,P0201,Thailand,Kimchi,Local Brand B,4,I wish there was a milder version because the spice level is too strong.,too_spicy,positive,6,Spiciness and taste localization,"level, wish, wish milder, spice, spice level, milder version, version spice, milder"
R01407,P0201,Thailand,Kimchi,Local Brand B,3,The portion is smaller than expected.,portion_size,neutral,3,Price sensitivity,"size, price, product good, portion, quite high, quite, price feels, high"
R01408,P0201,Thailand,Kimchi,Local Brand B,4,I like the rich seasoning and it feels close to real Korean-style food.,taste_authenticity_positive,positive,2,Taste authenticity,"real korean, style food, style, rich seasoning, rich, seasoning feels, real, seasoning"
R01409,P0201,Thailand,Kimchi,Local Brand B,3,"Good flavor, but it feels a bit heavy for frequent consumption.",health_concern,neutral,3,Price sensitivity,"size, price, product good, portion, quite high, quite, price feels, high"
R01410,P0201,Thailand,Kimchi,Local Brand B,2,The serving size could be larger for the price.,portion_size,negative,3,Price sensitivity,"size, price, product good, portion, quite high, quite, price feels, high"
R01411,P0201,Thailand,Kimchi,Local Brand B,4,"The product is good, but the packaging does not feel very strong.",packaging_issue,positive,3,Price sensitivity,"size, price, product good, portion, quite high, quite, price feels, high"
R01412,P0202,Thailand,Kimchi,Japanese Brand N,5,The taste is very satisfying and works well for a quick Korean meal at home.,taste_authenticity_positive,positive,1,Convenience and quick meal,"quick, works, works quick, satisfying, taste satisfying, satisfying works, quick korean, korean meal"
R01413,P0202,Thailand,Kimchi,Japanese Brand N,3,I would buy this more often if the halal certification was clearly shown.,halal_concern,neutral,7,Halal trust and certification,"buy, like buy, discount, buy discount, like, certification, halal certification, clearly shown"
R01414,P0202,Thailand,Kimchi,Japanese Brand N,3,I would prefer a healthier version with cleaner ingredients.,health_concern,neutral,6,Spiciness and taste localization,"level, wish, wish milder, spice, spice level, milder version, version spice, milder"
R01415,P0202,Thailand,Kimchi,Japanese Brand N,3,I would prefer a healthier version with cleaner ingredients.,health_concern,neutral,6,Spiciness and taste localization,"level, wish, wish milder, spice, spice level, milder version, version spice, milder"
R01416,P0202,Thailand,Kimchi,Japanese Brand N,4,I like the rich seasoning and it feels close to real Korean-style food.,taste_authenticity_positive,positive,2,Taste authenticity,"real korean, style food, style, rich seasoning, rich, seasoning feels, real, seasoning"
R01417,P0202,Thailand,Kimchi,Japanese Brand N,5,The flavor tastes authentic and reminds me of Korean restaurant food.,taste_authenticity_positive,positive,0,Taste authenticity,"reminds, restaurant food, tastes authentic, restaurant, reminds korean, authentic reminds, korean restaurant, flavor tastes"
R01418,P0202,Thailand,Kimchi,Japanese Brand N,3,I would buy this more often if the halal certification was clearly shown.,halal_concern,neutral,7,Halal trust and certification,"buy, like buy, discount, buy discount, like, certification, halal certification, clearly shown"
R01419,P0203,Thailand,Kimchi,Local Brand C,2,The serving size could be larger for the price.,portion_size,negative,3,Price sensitivity,"size, price, product good, portion, quite high, quite, price feels, high"
R01420,P0203,Thailand,Kimchi,Local Brand C,2,I wish there was a milder version because the spice level is too strong.,too_spicy,negative,6,Spiciness and taste localization,"level, wish, wish milder, spice, spice level, milder version, version spice, milder"
R01421,P0203,Thailand,Kimchi,Local Brand C,4,The label information could be clearer and easier to read.,packaging_issue,positive,4,Halal trust and certification,"clear halal, clear, halal, looks, halal information, looks good, good clear, product looks"
R01422,P0203,Thailand,Kimchi,Local Brand C,3,I would prefer a healthier version with cleaner ingredients.,health_concern,neutral,6,Spiciness and taste localization,"level, wish, wish milder, spice, spice level, milder version, version spice, milder"
R01423,P0203,Thailand,Kimchi,Local Brand C,5,The taste is very satisfying and works well for a quick Korean meal at home.,taste_authenticity_positive,positive,1,Convenience and quick meal,"quick, works, works quick, satisfying, taste satisfying, satisfying works, quick korean, korean meal"
R01424,P0203,Thailand,Kimchi,Local Brand C,4,Easy to prepare and good for busy weekdays.,convenience_positive,positive,5,General product experience,"tastes good, tastes, good, saves time, saves, time, time tastes, like saves"
R01425,P0203,Thailand,Kimchi,Local Brand C,3,"The taste is nice, but I wish it had less sodium.",health_concern,neutral,6,Spiciness and taste localization,"level, wish, wish milder, spice, spice level, milder version, version spice, milder"
R01426,P0203,Thailand,Kimchi,Local Brand C,4,"Good flavor, but it feels a bit heavy for frequent consumption.",health_concern,positive,3,Price sensitivity,"size, price, product good, portion, quite high, quite, price feels, high"
R01427,P0203,Thailand,Kimchi,Local Brand C,4,I like that it saves time and still tastes good.,convenience_positive,positive,5,General product experience,"tastes good, tastes, good, saves time, saves, time, time tastes, like saves"
R01428,P0203,Thailand,Kimchi,Local Brand C,5,The taste is very satisfying and works well for a quick Korean meal at home.,taste_authenticity_positive,positive,1,Convenience and quick meal,"quick, works, works quick, satisfying, taste satisfying, satisfying works, quick korean, korean meal"
R01429,P0204,Thailand,Kimchi,Korean Brand U,5,The taste is very satisfying and works well for a quick Korean meal at home.,taste_authenticity_positive,positive,1,Convenience and quick meal,"quick, works, works quick, satisfying, taste satisfying, satisfying works, quick korean, korean meal"
R01430,P0204,Thailand,Kimchi,Korean Brand U,3,I would prefer a healthier version with cleaner ingredients.,health_concern,neutral,6,Spiciness and taste localization,"level, wish, wish milder, spice, spice level, milder version, version spice, milder"
R01431,P0204,Thailand,Kimchi,Korean Brand U,4,Very convenient for a quick meal after work.,convenience_positive,positive,1,Convenience and quick meal,"quick, works, works quick, satisfying, taste satisfying, satisfying works, quick korean, korean meal"
R01432,P0204,Thailand,Kimchi,Korean Brand U,4,"Good flavor, but it feels a bit heavy for frequent consumption.",health_concern,positive,3,Price sensitivity,"size, price, product good, portion, quite high, quite, price feels, high"
R01433,P0205,Thailand,Kimchi,Premium Import Brand S,4,"The taste is fine, but it feels expensive compared with local alternatives.",price_sensitivity,positive,3,Price sensitivity,"size, price, product good, portion, quite high, quite, price feels, high"
R01434,P0205,Thailand,Kimchi,Premium Import Brand S,5,The flavor tastes authentic and reminds me of Korean restaurant food.,taste_authenticity_positive,positive,0,Taste authenticity,"reminds, restaurant food, tastes authentic, restaurant, reminds korean, authentic reminds, korean restaurant, flavor tastes"
R01435,P0205,Thailand,Kimchi,Premium Import Brand S,2,"It tastes good, but one pack is not enough for a full meal.",portion_size,negative,5,General product experience,"tastes good, tastes, good, saves time, saves, time, time tastes, like saves"
R01436,P0205,Thailand,Kimchi,Premium Import Brand S,4,"It tastes good, but one pack is not enough for a full meal.",portion_size,positive,5,General product experience,"tastes good, tastes, good, saves time, saves, time, time tastes, like saves"
R01437,P0205,Thailand,Kimchi,Premium Import Brand S,2,"Good flavor, but it feels a bit heavy for frequent consumption.",health_concern,negative,3,Price sensitivity,"size, price, product good, portion, quite high, quite, price feels, high"
R01438,P0206,Thailand,Kimchi,Private Label W,2,The label information could be clearer and easier to read.,packaging_issue,negative,4,Halal trust and certification,"clear halal, clear, halal, looks, halal information, looks good, good clear, product looks"
R01439,P0206,Thailand,Kimchi,Private Label W,3,I wish there was a milder version because the spice level is too strong.,too_spicy,neutral,6,Spiciness and taste localization,"level, wish, wish milder, spice, spice level, milder version, version spice, milder"
R01440,P0206,Thailand,Kimchi,Private Label W,4,"The flavor is good, but it is too spicy for my family.",too_spicy,positive,5,General product experience,"tastes good, tastes, good, saves time, saves, time, time tastes, like saves"
R01441,P0206,Thailand,Kimchi,Private Label W,3,The packaging could be improved because it was slightly damaged when delivered.,packaging_issue,neutral,3,Price sensitivity,"size, price, product good, portion, quite high, quite, price feels, high"
R01442,P0206,Thailand,Kimchi,Private Label W,3,"Good flavor, but it feels a bit heavy for frequent consumption.",health_concern,neutral,3,Price sensitivity,"size, price, product good, portion, quite high, quite, price feels, high"
R01443,P0206,Thailand,Kimchi,Private Label W,5,Very convenient for a quick meal after work.,convenience_positive,positive,1,Convenience and quick meal,"quick, works, works quick, satisfying, taste satisfying, satisfying works, quick korean, korean meal"
R01444,P0206,Thailand,Kimchi,Private Label W,4,I like that it saves time and still tastes good.,convenience_positive,positive,5,General product experience,"tastes good, tastes, good, saves time, saves, time, time tastes, like saves"
R01445,P0206,Thailand,Kimchi,Private Label W,2,"Good flavor, but it feels a bit heavy for frequent consumption.",health_concern,negative,3,Price sensitivity,"size, price, product good, portion, quite high, quite, price feels, high"
R01446,P0206,Thailand,Kimchi,Private Label W,4,I wish there was a milder version because the spice level is too strong.,too_spicy,positive,6,Spiciness and taste localization,"level, wish, wish milder, spice, spice level, milder version, version spice, milder"
R01447,P0206,Thailand,Kimchi,Private Label W,3,"The product tastes nice, but the heat level may be difficult for beginners.",too_spicy,neutral,6,Spiciness and taste localization,"level, wish, wish milder, spice, spice level, milder version, version spice, milder"
R01448,P0207,Thailand,Kimchi,Local Brand Q,4,The flavor tastes authentic and reminds me of Korean restaurant food.,taste_authenticity_positive,positive,0,Taste authenticity,"reminds, restaurant food, tastes authentic, restaurant, reminds korean, authentic reminds, korean restaurant, flavor tastes"
R01449,P0207,Thailand,Kimchi,Local Brand Q,2,"The taste is nice, but I wish it had less sodium.",health_concern,negative,6,Spiciness and taste localization,"level, wish, wish milder, spice, spice level, milder version, version spice, milder"
R01450,P0207,Thailand,Kimchi,Local Brand Q,3,"The product tastes nice, but the heat level may be difficult for beginners.",too_spicy,neutral,6,Spiciness and taste localization,"level, wish, wish milder, spice, spice level, milder version, version spice, milder"
R01451,P0207,Thailand,Kimchi,Local Brand Q,2,"The product is good, but the packaging does not feel very strong.",packaging_issue,negative,3,Price sensitivity,"size, price, product good, portion, quite high, quite, price feels, high"
R01452,P0207,Thailand,Kimchi,Local Brand Q,4,"Good flavor, but it feels a bit heavy for frequent consumption.",health_concern,positive,3,Price sensitivity,"size, price, product good, portion, quite high, quite, price feels, high"
R01453,P0207,Thailand,Kimchi,Local Brand Q,3,The portion is smaller than expected.,portion_size,neutral,3,Price sensitivity,"size, price, product good, portion, quite high, quite, price feels, high"
R01454,P0207,Thailand,Kimchi,Local Brand Q,4,The taste is very satisfying and works well for a quick Korean meal at home.,taste_authenticity_positive,positive,1,Convenience and quick meal,"quick, works, works quick, satisfying, taste satisfying, satisfying works, quick korean, korean meal"
R01455,P0207,Thailand,Kimchi,Local Brand Q,4,I like that it saves time and still tastes good.,convenience_positive,positive,5,General product experience,"tastes good, tastes, good, saves time, saves, time, time tastes, like saves"
R01456,P0208,Thailand,Kimchi,Japanese Brand X,3,"The product is good, but the price feels quite high for the portion size.",price_sensitivity,neutral,3,Price sensitivity,"size, price, product good, portion, quite high, quite, price feels, high"
R01457,P0208,Thailand,Kimchi,Japanese Brand X,5,I like the rich seasoning and it feels close to real Korean-style food.,taste_authenticity_positive,positive,2,Taste authenticity,"real korean, style food, style, rich seasoning, rich, seasoning feels, real, seasoning"
R01458,P0208,Thailand,Kimchi,Japanese Brand X,2,The packaging could be improved because it was slightly damaged when delivered.,packaging_issue,negative,3,Price sensitivity,"size, price, product good, portion, quite high, quite, price feels, high"
R01459,P0208,Thailand,Kimchi,Japanese Brand X,4,I wish there was a milder version because the spice level is too strong.,too_spicy,positive,6,Spiciness and taste localization,"level, wish, wish milder, spice, spice level, milder version, version spice, milder"
R01460,P0208,Thailand,Kimchi,Japanese Brand X,3,"The taste is fine, but it feels expensive compared with local alternatives.",price_sensitivity,neutral,3,Price sensitivity,"size, price, product good, portion, quite high, quite, price feels, high"
R01461,P0208,Thailand,Kimchi,Japanese Brand X,3,"The taste is nice, but I wish it had less sodium.",health_concern,neutral,6,Spiciness and taste localization,"level, wish, wish milder, spice, spice level, milder version, version spice, milder"
R01462,P0209,Thailand,Gochujang sauce,Premium Import Brand C,5,Very convenient for a quick meal after work.,convenience_positive,positive,1,Convenience and quick meal,"quick, works, works quick, satisfying, taste satisfying, satisfying works, quick korean, korean meal"
R01463,P0209,Thailand,Gochujang sauce,Premium Import Brand C,3,"I like it, but I would only buy again if there is a discount.",price_sensitivity,neutral,7,Halal trust and certification,"buy, like buy, discount, buy discount, like, certification, halal certification, clearly shown"
R01464,P0209,Thailand,Gochujang sauce,Premium Import Brand C,4,I wish there was a milder version because the spice level is too strong.,too_spicy,positive,6,Spiciness and taste localization,"level, wish, wish milder, spice, spice level, milder version, version spice, milder"
R01465,P0209,Thailand,Gochujang sauce,Premium Import Brand C,2,The packaging could be improved because it was slightly damaged when delivered.,packaging_issue,negative,3,Price sensitivity,"size, price, product good, portion, quite high, quite, price feels, high"
R01466,P0210,Thailand,Gochujang sauce,Korean Brand M,3,"Good flavor, but it feels a bit heavy for frequent consumption.",health_concern,neutral,3,Price sensitivity,"size, price, product good, portion, quite high, quite, price feels, high"
R01467,P0210,Thailand,Gochujang sauce,Korean Brand M,4,The flavor tastes authentic and reminds me of Korean restaurant food.,taste_authenticity_positive,positive,0,Taste authenticity,"reminds, restaurant food, tastes authentic, restaurant, reminds korean, authentic reminds, korean restaurant, flavor tastes"
R01468,P0210,Thailand,Gochujang sauce,Korean Brand M,4,Clear halal labeling would make me more confident to purchase.,halal_concern,positive,4,Halal trust and certification,"clear halal, clear, halal, looks, halal information, looks good, good clear, product looks"
R01469,P0210,Thailand,Gochujang sauce,Korean Brand M,4,The taste is very satisfying and works well for a quick Korean meal at home.,taste_authenticity_positive,positive,1,Convenience and quick meal,"quick, works, works quick, satisfying, taste satisfying, satisfying works, quick korean, korean meal"
R01470,P0211,Thailand,Gochujang sauce,Local Brand X,5,The taste is very satisfying and works well for a quick Korean meal at home.,taste_authenticity_positive,positive,1,Convenience and quick meal,"quick, works, works quick, satisfying, taste satisfying, satisfying works, quick korean, korean meal"
R01471,P0211,Thailand,Gochujang sauce,Local Brand X,3,"The taste is fine, but it feels expensive compared with local alternatives.",price_sensitivity,neutral,3,Price sensitivity,"size, price, product good, portion, quite high, quite, price feels, high"
R01472,P0211,Thailand,Gochujang sauce,Local Brand X,4,"I like it, but I would only buy again if there is a discount.",price_sensitivity,positive,7,Halal trust and certification,"buy, like buy, discount, buy discount, like, certification, halal certification, clearly shown"
R01473,P0211,Thailand,Gochujang sauce,Local Brand X,2,I wish there was a milder version because the spice level is too strong.,too_spicy,negative,6,Spiciness and taste localization,"level, wish, wish milder, spice, spice level, milder version, version spice, milder"
R01474,P0211,Thailand,Gochujang sauce,Local Brand X,4,The flavor tastes authentic and reminds me of Korean restaurant food.,taste_authenticity_positive,positive,0,Taste authenticity,"reminds, restaurant food, tastes authentic, restaurant, reminds korean, authentic reminds, korean restaurant, flavor tastes"
R01475,P0211,Thailand,Gochujang sauce,Local Brand X,3,"The product looks good, but I could not find clear halal information.",halal_concern,neutral,4,Halal trust and certification,"clear halal, clear, halal, looks, halal information, looks good, good clear, product looks"
R01476,P0211,Thailand,Gochujang sauce,Local Brand X,4,The flavor tastes authentic and reminds me of Korean restaurant food.,taste_authenticity_positive,positive,0,Taste authenticity,"reminds, restaurant food, tastes authentic, restaurant, reminds korean, authentic reminds, korean restaurant, flavor tastes"
R01477,P0212,Thailand,Gochujang sauce,Korean Brand Z,4,"The flavor is good, but it is too spicy for my family.",too_spicy,positive,5,General product experience,"tastes good, tastes, good, saves time, saves, time, time tastes, like saves"
R01478,P0212,Thailand,Gochujang sauce,Korean Brand Z,5,The taste is very satisfying and works well for a quick Korean meal at home.,taste_authenticity_positive,positive,1,Convenience and quick meal,"quick, works, works quick, satisfying, taste satisfying, satisfying works, quick korean, korean meal"
R01479,P0212,Thailand,Gochujang sauce,Korean Brand Z,2,"The flavor is good, but it is too spicy for my family.",too_spicy,negative,5,General product experience,"tastes good, tastes, good, saves time, saves, time, time tastes, like saves"
R01480,P0212,Thailand,Gochujang sauce,Korean Brand Z,3,"I like it, but I would only buy again if there is a discount.",price_sensitivity,neutral,7,Halal trust and certification,"buy, like buy, discount, buy discount, like, certification, halal certification, clearly shown"
R01481,P0212,Thailand,Gochujang sauce,Korean Brand Z,3,I wish there was a milder version because the spice level is too strong.,too_spicy,neutral,6,Spiciness and taste localization,"level, wish, wish milder, spice, spice level, milder version, version spice, milder"
R01482,P0212,Thailand,Gochujang sauce,Korean Brand Z,2,"The product is good, but the price feels quite high for the portion size.",price_sensitivity,negative,3,Price sensitivity,"size, price, product good, portion, quite high, quite, price feels, high"
R01483,P0212,Thailand,Gochujang sauce,Korean Brand Z,3,"Good flavor, but it feels a bit heavy for frequent consumption.",health_concern,neutral,3,Price sensitivity,"size, price, product good, portion, quite high, quite, price feels, high"
R01484,P0213,Thailand,Gochujang sauce,Local Brand S,4,The flavor tastes authentic and reminds me of Korean restaurant food.,taste_authenticity_positive,positive,0,Taste authenticity,"reminds, restaurant food, tastes authentic, restaurant, reminds korean, authentic reminds, korean restaurant, flavor tastes"
R01485,P0213,Thailand,Gochujang sauce,Local Brand S,2,I would buy this more often if the halal certification was clearly shown.,halal_concern,negative,7,Halal trust and certification,"buy, like buy, discount, buy discount, like, certification, halal certification, clearly shown"
R01486,P0213,Thailand,Gochujang sauce,Local Brand S,3,"I like it, but I would only buy again if there is a discount.",price_sensitivity,neutral,7,Halal trust and certification,"buy, like buy, discount, buy discount, like, certification, halal certification, clearly shown"
R01487,P0213,Thailand,Gochujang sauce,Local Brand S,2,I wish there was a milder version because the spice level is too strong.,too_spicy,negative,6,Spiciness and taste localization,"level, wish, wish milder, spice, spice level, milder version, version spice, milder"
R01488,P0213,Thailand,Gochujang sauce,Local Brand S,2,Clear halal labeling would make me more confident to purchase.,halal_concern,negative,4,Halal trust and certification,"clear halal, clear, halal, looks, halal information, looks good, good clear, product looks"
R01489,P0213,Thailand,Gochujang sauce,Local Brand S,4,"The product looks good, but I could not find clear halal information.",halal_concern,positive,4,Halal trust and certification,"clear halal, clear, halal, looks, halal information, looks good, good clear, product looks"
R01490,P0213,Thailand,Gochujang sauce,Local Brand S,3,"The product is good, but the price feels quite high for the portion size.",price_sensitivity,neutral,3,Price sensitivity,"size, price, product good, portion, quite high, quite, price feels, high"
R01491,P0213,Thailand,Gochujang sauce,Local Brand S,3,"I like it, but I would only buy again if there is a discount.",price_sensitivity,neutral,7,Halal trust and certification,"buy, like buy, discount, buy discount, like, certification, halal certification, clearly shown"
R01492,P0213,Thailand,Gochujang sauce,Local Brand S,5,Easy to prepare and good for busy weekdays.,convenience_positive,positive,5,General product experience,"tastes good, tastes, good, saves time, saves, time, time tastes, like saves"
R01493,P0214,Thailand,Gochujang sauce,Japanese Brand M,4,"I like it, but I would only buy again if there is a discount.",price_sensitivity,positive,7,Halal trust and certification,"buy, like buy, discount, buy discount, like, certification, halal certification, clearly shown"
R01494,P0214,Thailand,Gochujang sauce,Japanese Brand M,5,I like the rich seasoning and it feels close to real Korean-style food.,taste_authenticity_positive,positive,2,Taste authenticity,"real korean, style food, style, rich seasoning, rich, seasoning feels, real, seasoning"
R01495,P0214,Thailand,Gochujang sauce,Japanese Brand M,5,The taste is very satisfying and works well for a quick Korean meal at home.,taste_authenticity_positive,positive,1,Convenience and quick meal,"quick, works, works quick, satisfying, taste satisfying, satisfying works, quick korean, korean meal"
R01496,P0214,Thailand,Gochujang sauce,Japanese Brand M,3,I would prefer a healthier version with cleaner ingredients.,health_concern,neutral,6,Spiciness and taste localization,"level, wish, wish milder, spice, spice level, milder version, version spice, milder"
R01497,P0214,Thailand,Gochujang sauce,Japanese Brand M,3,"The product is good, but the price feels quite high for the portion size.",price_sensitivity,neutral,3,Price sensitivity,"size, price, product good, portion, quite high, quite, price feels, high"
R01498,P0215,Thailand,Gochujang sauce,Korean Brand P,3,I wish there was a milder version because the spice level is too strong.,too_spicy,neutral,6,Spiciness and taste localization,"level, wish, wish milder, spice, spice level, milder version, version spice, milder"
R01499,P0215,Thailand,Gochujang sauce,Korean Brand P,2,"Good flavor, but it feels a bit heavy for frequent consumption.",health_concern,negative,3,Price sensitivity,"size, price, product good, portion, quite high, quite, price feels, high"
R01500,P0215,Thailand,Gochujang sauce,Korean Brand P,2,The serving size could be larger for the price.,portion_size,negative,3,Price sensitivity,"size, price, product good, portion, quite high, quite, price feels, high"
R01501,P0215,Thailand,Gochujang sauce,Korean Brand P,5,The taste is very satisfying and works well for a quick Korean meal at home.,taste_authenticity_positive,positive,1,Convenience and quick meal,"quick, works, works quick, satisfying, taste satisfying, satisfying works, quick korean, korean meal"
R01502,P0216,Thailand,Gochujang sauce,Local Brand J,4,The flavor tastes authentic and reminds me of Korean restaurant food.,taste_authenticity_positive,positive,0,Taste authenticity,"reminds, restaurant food, tastes authentic, restaurant, reminds korean, authentic reminds, korean restaurant, flavor tastes"
R01503,P0216,Thailand,Gochujang sauce,Local Brand J,5,The flavor tastes authentic and reminds me of Korean restaurant food.,taste_authenticity_positive,positive,0,Taste authenticity,"reminds, restaurant food, tastes authentic, restaurant, reminds korean, authentic reminds, korean restaurant, flavor tastes"
R01504,P0216,Thailand,Gochujang sauce,Local Brand J,3,"I like it, but I would only buy again if there is a discount.",price_sensitivity,neutral,7,Halal trust and certification,"buy, like buy, discount, buy discount, like, certification, halal certification, clearly shown"
R01505,P0216,Thailand,Gochujang sauce,Local Brand J,3,"The flavor is good, but it is too spicy for my family.",too_spicy,neutral,5,General product experience,"tastes good, tastes, good, saves time, saves, time, time tastes, like saves"
R01506,P0216,Thailand,Gochujang sauce,Local Brand J,4,"The flavor is good, but it is too spicy for my family.",too_spicy,positive,5,General product experience,"tastes good, tastes, good, saves time, saves, time, time tastes, like saves"
R01507,P0216,Thailand,Gochujang sauce,Local Brand J,4,"The product is good, but the packaging does not feel very strong.",packaging_issue,positive,3,Price sensitivity,"size, price, product good, portion, quite high, quite, price feels, high"
R01508,P0216,Thailand,Gochujang sauce,Local Brand J,3,The packaging could be improved because it was slightly damaged when delivered.,packaging_issue,neutral,3,Price sensitivity,"size, price, product good, portion, quite high, quite, price feels, high"
R01509,P0216,Thailand,Gochujang sauce,Local Brand J,4,"The product is good, but the packaging does not feel very strong.",packaging_issue,positive,3,Price sensitivity,"size, price, product good, portion, quite high, quite, price feels, high"
R01510,P0216,Thailand,Gochujang sauce,Local Brand J,2,"The product looks good, but I could not find clear halal information.",halal_concern,negative,4,Halal trust and certification,"clear halal, clear, halal, looks, halal information, looks good, good clear, product looks"
R01511,P0217,Thailand,Frozen mandu,Korean Brand M,3,"The product is good, but the price feels quite high for the portion size.",price_sensitivity,neutral,3,Price sensitivity,"size, price, product good, portion, quite high, quite, price feels, high"
R01512,P0217,Thailand,Frozen mandu,Korean Brand M,4,I would buy this more often if the halal certification was clearly shown.,halal_concern,positive,7,Halal trust and certification,"buy, like buy, discount, buy discount, like, certification, halal certification, clearly shown"
R01513,P0217,Thailand,Frozen mandu,Korean Brand M,3,I wish there was a milder version because the spice level is too strong.,too_spicy,neutral,6,Spiciness and taste localization,"level, wish, wish milder, spice, spice level, milder version, version spice, milder"
R01514,P0217,Thailand,Frozen mandu,Korean Brand M,3,The portion is smaller than expected.,portion_size,neutral,3,Price sensitivity,"size, price, product good, portion, quite high, quite, price feels, high"
R01515,P0217,Thailand,Frozen mandu,Korean Brand M,5,I like the rich seasoning and it feels close to real Korean-style food.,taste_authenticity_positive,positive,2,Taste authenticity,"real korean, style food, style, rich seasoning, rich, seasoning feels, real, seasoning"
R01516,P0218,Thailand,Frozen mandu,Private Label C,5,The flavor tastes authentic and reminds me of Korean restaurant food.,taste_authenticity_positive,positive,0,Taste authenticity,"reminds, restaurant food, tastes authentic, restaurant, reminds korean, authentic reminds, korean restaurant, flavor tastes"
R01517,P0218,Thailand,Frozen mandu,Private Label C,4,The taste is very satisfying and works well for a quick Korean meal at home.,taste_authenticity_positive,positive,1,Convenience and quick meal,"quick, works, works quick, satisfying, taste satisfying, satisfying works, quick korean, korean meal"
R01518,P0218,Thailand,Frozen mandu,Private Label C,4,The flavor tastes authentic and reminds me of Korean restaurant food.,taste_authenticity_positive,positive,0,Taste authenticity,"reminds, restaurant food, tastes authentic, restaurant, reminds korean, authentic reminds, korean restaurant, flavor tastes"
R01519,P0218,Thailand,Frozen mandu,Private Label C,5,The taste is very satisfying and works well for a quick Korean meal at home.,taste_authenticity_positive,positive,1,Convenience and quick meal,"quick, works, works quick, satisfying, taste satisfying, satisfying works, quick korean, korean meal"
R01520,P0218,Thailand,Frozen mandu,Private Label C,5,The flavor tastes authentic and reminds me of Korean restaurant food.,taste_authenticity_positive,positive,0,Taste authenticity,"reminds, restaurant food, tastes authentic, restaurant, reminds korean, authentic reminds, korean restaurant, flavor tastes"
R01521,P0218,Thailand,Frozen mandu,Private Label C,2,"The product looks good, but I could not find clear halal information.",halal_concern,negative,4,Halal trust and certification,"clear halal, clear, halal, looks, halal information, looks good, good clear, product looks"
R01522,P0218,Thailand,Frozen mandu,Private Label C,4,I like that it saves time and still tastes good.,convenience_positive,positive,5,General product experience,"tastes good, tastes, good, saves time, saves, time, time tastes, like saves"
R01523,P0218,Thailand,Frozen mandu,Private Label C,4,The taste is very satisfying and works well for a quick Korean meal at home.,taste_authenticity_positive,positive,1,Convenience and quick meal,"quick, works, works quick, satisfying, taste satisfying, satisfying works, quick korean, korean meal"
R01524,P0219,Thailand,Frozen mandu,Korean Brand P,3,"The product looks good, but I could not find clear halal information.",halal_concern,neutral,4,Halal trust and certification,"clear halal, clear, halal, looks, halal information, looks good, good clear, product looks"
R01525,P0219,Thailand,Frozen mandu,Korean Brand P,4,"The taste is fine, but it feels expensive compared with local alternatives.",price_sensitivity,positive,3,Price sensitivity,"size, price, product good, portion, quite high, quite, price feels, high"
R01526,P0219,Thailand,Frozen mandu,Korean Brand P,4,The flavor tastes authentic and reminds me of Korean restaurant food.,taste_authenticity_positive,positive,0,Taste authenticity,"reminds, restaurant food, tastes authentic, restaurant, reminds korean, authentic reminds, korean restaurant, flavor tastes"
R01527,P0219,Thailand,Frozen mandu,Korean Brand P,3,"It tastes good, but one pack is not enough for a full meal.",portion_size,neutral,5,General product experience,"tastes good, tastes, good, saves time, saves, time, time tastes, like saves"
R01528,P0219,Thailand,Frozen mandu,Korean Brand P,5,The taste is very satisfying and works well for a quick Korean meal at home.,taste_authenticity_positive,positive,1,Convenience and quick meal,"quick, works, works quick, satisfying, taste satisfying, satisfying works, quick korean, korean meal"
R01529,P0219,Thailand,Frozen mandu,Korean Brand P,3,The portion is smaller than expected.,portion_size,neutral,3,Price sensitivity,"size, price, product good, portion, quite high, quite, price feels, high"
R01530,P0219,Thailand,Frozen mandu,Korean Brand P,5,I like that it saves time and still tastes good.,convenience_positive,positive,5,General product experience,"tastes good, tastes, good, saves time, saves, time, time tastes, like saves"
R01531,P0220,Thailand,Frozen mandu,Korean Brand U,4,"The product is good, but the packaging does not feel very strong.",packaging_issue,positive,3,Price sensitivity,"size, price, product good, portion, quite high, quite, price feels, high"
R01532,P0220,Thailand,Frozen mandu,Korean Brand U,3,"The flavor is good, but it is too spicy for my family.",too_spicy,neutral,5,General product experience,"tastes good, tastes, good, saves time, saves, time, time tastes, like saves"
R01533,P0220,Thailand,Frozen mandu,Korean Brand U,5,Very convenient for a quick meal after work.,convenience_positive,positive,1,Convenience and quick meal,"quick, works, works quick, satisfying, taste satisfying, satisfying works, quick korean, korean meal"
R01534,P0220,Thailand,Frozen mandu,Korean Brand U,2,"The product is good, but the price feels quite high for the portion size.",price_sensitivity,negative,3,Price sensitivity,"size, price, product good, portion, quite high, quite, price feels, high"
R01535,P0220,Thailand,Frozen mandu,Korean Brand U,3,I wish there was a milder version because the spice level is too strong.,too_spicy,neutral,6,Spiciness and taste localization,"level, wish, wish milder, spice, spice level, milder version, version spice, milder"
R01536,P0221,Thailand,Frozen mandu,Korean Brand X,4,"The flavor is good, but it is too spicy for my family.",too_spicy,positive,5,General product experience,"tastes good, tastes, good, saves time, saves, time, time tastes, like saves"
R01537,P0221,Thailand,Frozen mandu,Korean Brand X,4,Very convenient for a quick meal after work.,convenience_positive,positive,1,Convenience and quick meal,"quick, works, works quick, satisfying, taste satisfying, satisfying works, quick korean, korean meal"
R01538,P0221,Thailand,Frozen mandu,Korean Brand X,4,"I like it, but I would only buy again if there is a discount.",price_sensitivity,positive,7,Halal trust and certification,"buy, like buy, discount, buy discount, like, certification, halal certification, clearly shown"
R01539,P0221,Thailand,Frozen mandu,Korean Brand X,5,I like that it saves time and still tastes good.,convenience_positive,positive,5,General product experience,"tastes good, tastes, good, saves time, saves, time, time tastes, like saves"
R01540,P0222,Thailand,Frozen mandu,Local Brand Q,4,The taste is very satisfying and works well for a quick Korean meal at home.,taste_authenticity_positive,positive,1,Convenience and quick meal,"quick, works, works quick, satisfying, taste satisfying, satisfying works, quick korean, korean meal"
R01541,P0222,Thailand,Frozen mandu,Local Brand Q,2,"The product tastes nice, but the heat level may be difficult for beginners.",too_spicy,negative,6,Spiciness and taste localization,"level, wish, wish milder, spice, spice level, milder version, version spice, milder"
R01542,P0222,Thailand,Frozen mandu,Local Brand Q,4,The taste is very satisfying and works well for a quick Korean meal at home.,taste_authenticity_positive,positive,1,Convenience and quick meal,"quick, works, works quick, satisfying, taste satisfying, satisfying works, quick korean, korean meal"
R01543,P0222,Thailand,Frozen mandu,Local Brand Q,2,Clear halal labeling would make me more confident to purchase.,halal_concern,negative,4,Halal trust and certification,"clear halal, clear, halal, looks, halal information, looks good, good clear, product looks"
R01544,P0222,Thailand,Frozen mandu,Local Brand Q,2,"The product looks good, but I could not find clear halal information.",halal_concern,negative,4,Halal trust and certification,"clear halal, clear, halal, looks, halal information, looks good, good clear, product looks"
R01545,P0222,Thailand,Frozen mandu,Local Brand Q,5,I like that it saves time and still tastes good.,convenience_positive,positive,5,General product experience,"tastes good, tastes, good, saves time, saves, time, time tastes, like saves"
R01546,P0222,Thailand,Frozen mandu,Local Brand Q,5,I like the rich seasoning and it feels close to real Korean-style food.,taste_authenticity_positive,positive,2,Taste authenticity,"real korean, style food, style, rich seasoning, rich, seasoning feels, real, seasoning"
R01547,P0223,Thailand,Frozen mandu,Korean Brand P,3,"I like it, but I would only buy again if there is a discount.",price_sensitivity,neutral,7,Halal trust and certification,"buy, like buy, discount, buy discount, like, certification, halal certification, clearly shown"
R01548,P0223,Thailand,Frozen mandu,Korean Brand P,4,The portion is smaller than expected.,portion_size,positive,3,Price sensitivity,"size, price, product good, portion, quite high, quite, price feels, high"
R01549,P0223,Thailand,Frozen mandu,Korean Brand P,3,"The flavor is good, but it is too spicy for my family.",too_spicy,neutral,5,General product experience,"tastes good, tastes, good, saves time, saves, time, time tastes, like saves"
R01550,P0223,Thailand,Frozen mandu,Korean Brand P,3,I would buy this more often if the halal certification was clearly shown.,halal_concern,neutral,7,Halal trust and certification,"buy, like buy, discount, buy discount, like, certification, halal certification, clearly shown"
R01551,P0223,Thailand,Frozen mandu,Korean Brand P,5,I like the rich seasoning and it feels close to real Korean-style food.,taste_authenticity_positive,positive,2,Taste authenticity,"real korean, style food, style, rich seasoning, rich, seasoning feels, real, seasoning"
R01552,P0223,Thailand,Frozen mandu,Korean Brand P,5,The taste is very satisfying and works well for a quick Korean meal at home.,taste_authenticity_positive,positive,1,Convenience and quick meal,"quick, works, works quick, satisfying, taste satisfying, satisfying works, quick korean, korean meal"
R01553,P0223,Thailand,Frozen mandu,Korean Brand P,2,Clear halal labeling would make me more confident to purchase.,halal_concern,negative,4,Halal trust and certification,"clear halal, clear, halal, looks, halal information, looks good, good clear, product looks"
R01554,P0223,Thailand,Frozen mandu,Korean Brand P,2,"The product looks good, but I could not find clear halal information.",halal_concern,negative,4,Halal trust and certification,"clear halal, clear, halal, looks, halal information, looks good, good clear, product looks"
R01555,P0223,Thailand,Frozen mandu,Korean Brand P,3,I would buy this more often if the halal certification was clearly shown.,halal_concern,neutral,7,Halal trust and certification,"buy, like buy, discount, buy discount, like, certification, halal certification, clearly shown"
R01556,P0223,Thailand,Frozen mandu,Korean Brand P,4,The flavor tastes authentic and reminds me of Korean restaurant food.,taste_authenticity_positive,positive,0,Taste authenticity,"reminds, restaurant food, tastes authentic, restaurant, reminds korean, authentic reminds, korean restaurant, flavor tastes"
R01557,P0224,Thailand,Frozen mandu,Japanese Brand X,4,I like the rich seasoning and it feels close to real Korean-style food.,taste_authenticity_positive,positive,2,Taste authenticity,"real korean, style food, style, rich seasoning, rich, seasoning feels, real, seasoning"
R01558,P0224,Thailand,Frozen mandu,Japanese Brand X,2,The portion is smaller than expected.,portion_size,negative,3,Price sensitivity,"size, price, product good, portion, quite high, quite, price feels, high"
R01559,P0224,Thailand,Frozen mandu,Japanese Brand X,4,I wish there was a milder version because the spice level is too strong.,too_spicy,positive,6,Spiciness and taste localization,"level, wish, wish milder, spice, spice level, milder version, version spice, milder"
R01560,P0224,Thailand,Frozen mandu,Japanese Brand X,5,The flavor tastes authentic and reminds me of Korean restaurant food.,taste_authenticity_positive,positive,0,Taste authenticity,"reminds, restaurant food, tastes authentic, restaurant, reminds korean, authentic reminds, korean restaurant, flavor tastes"
R01561,P0224,Thailand,Frozen mandu,Japanese Brand X,4,I wish there was a milder version because the spice level is too strong.,too_spicy,positive,6,Spiciness and taste localization,"level, wish, wish milder, spice, spice level, milder version, version spice, milder"
R01562,P0225,Thailand,Ready meal,Korean Brand A,5,The taste is very satisfying and works well for a quick Korean meal at home.,taste_authenticity_positive,positive,1,Convenience and quick meal,"quick, works, works quick, satisfying, taste satisfying, satisfying works, quick korean, korean meal"
R01563,P0225,Thailand,Ready meal,Korean Brand A,5,The taste is very satisfying and works well for a quick Korean meal at home.,taste_authenticity_positive,positive,1,Convenience and quick meal,"quick, works, works quick, satisfying, taste satisfying, satisfying works, quick korean, korean meal"
R01564,P0225,Thailand,Ready meal,Korean Brand A,5,I like that it saves time and still tastes good.,convenience_positive,positive,5,General product experience,"tastes good, tastes, good, saves time, saves, time, time tastes, like saves"
R01565,P0225,Thailand,Ready meal,Korean Brand A,3,"I like it, but I would only buy again if there is a discount.",price_sensitivity,neutral,7,Halal trust and certification,"buy, like buy, discount, buy discount, like, certification, halal certification, clearly shown"
R01566,P0225,Thailand,Ready meal,Korean Brand A,3,I would buy this more often if the halal certification was clearly shown.,halal_concern,neutral,7,Halal trust and certification,"buy, like buy, discount, buy discount, like, certification, halal certification, clearly shown"
R01567,P0226,Thailand,Ready meal,Premium Import Brand K,2,"The product is good, but the price feels quite high for the portion size.",price_sensitivity,negative,3,Price sensitivity,"size, price, product good, portion, quite high, quite, price feels, high"
R01568,P0226,Thailand,Ready meal,Premium Import Brand K,2,I would buy this more often if the halal certification was clearly shown.,halal_concern,negative,7,Halal trust and certification,"buy, like buy, discount, buy discount, like, certification, halal certification, clearly shown"
R01569,P0226,Thailand,Ready meal,Premium Import Brand K,2,I would buy this more often if the halal certification was clearly shown.,halal_concern,negative,7,Halal trust and certification,"buy, like buy, discount, buy discount, like, certification, halal certification, clearly shown"
R01570,P0226,Thailand,Ready meal,Premium Import Brand K,3,"The flavor is good, but it is too spicy for my family.",too_spicy,neutral,5,General product experience,"tastes good, tastes, good, saves time, saves, time, time tastes, like saves"
R01571,P0226,Thailand,Ready meal,Premium Import Brand K,4,"Good flavor, but it feels a bit heavy for frequent consumption.",health_concern,positive,3,Price sensitivity,"size, price, product good, portion, quite high, quite, price feels, high"
R01572,P0226,Thailand,Ready meal,Premium Import Brand K,2,I wish there was a milder version because the spice level is too strong.,too_spicy,negative,6,Spiciness and taste localization,"level, wish, wish milder, spice, spice level, milder version, version spice, milder"
R01573,P0226,Thailand,Ready meal,Premium Import Brand K,5,Very convenient for a quick meal after work.,convenience_positive,positive,1,Convenience and quick meal,"quick, works, works quick, satisfying, taste satisfying, satisfying works, quick korean, korean meal"
R01574,P0227,Thailand,Ready meal,Korean Brand E,4,Easy to prepare and good for busy weekdays.,convenience_positive,positive,5,General product experience,"tastes good, tastes, good, saves time, saves, time, time tastes, like saves"
R01575,P0227,Thailand,Ready meal,Korean Brand E,3,"The product is good, but the price feels quite high for the portion size.",price_sensitivity,neutral,3,Price sensitivity,"size, price, product good, portion, quite high, quite, price feels, high"
R01576,P0227,Thailand,Ready meal,Korean Brand E,4,"The product looks good, but I could not find clear halal information.",halal_concern,positive,4,Halal trust and certification,"clear halal, clear, halal, looks, halal information, looks good, good clear, product looks"
R01577,P0227,Thailand,Ready meal,Korean Brand E,3,I wish there was a milder version because the spice level is too strong.,too_spicy,neutral,6,Spiciness and taste localization,"level, wish, wish milder, spice, spice level, milder version, version spice, milder"
R01578,P0227,Thailand,Ready meal,Korean Brand E,4,"The product is good, but the packaging does not feel very strong.",packaging_issue,positive,3,Price sensitivity,"size, price, product good, portion, quite high, quite, price feels, high"
R01579,P0227,Thailand,Ready meal,Korean Brand E,5,I like the rich seasoning and it feels close to real Korean-style food.,taste_authenticity_positive,positive,2,Taste authenticity,"real korean, style food, style, rich seasoning, rich, seasoning feels, real, seasoning"
R01580,P0228,Thailand,Ready meal,Local Brand C,4,The taste is very satisfying and works well for a quick Korean meal at home.,taste_authenticity_positive,positive,1,Convenience and quick meal,"quick, works, works quick, satisfying, taste satisfying, satisfying works, quick korean, korean meal"
R01581,P0228,Thailand,Ready meal,Local Brand C,3,"It tastes good, but one pack is not enough for a full meal.",portion_size,neutral,5,General product experience,"tastes good, tastes, good, saves time, saves, time, time tastes, like saves"
R01582,P0228,Thailand,Ready meal,Local Brand C,5,The flavor tastes authentic and reminds me of Korean restaurant food.,taste_authenticity_positive,positive,0,Taste authenticity,"reminds, restaurant food, tastes authentic, restaurant, reminds korean, authentic reminds, korean restaurant, flavor tastes"
R01583,P0228,Thailand,Ready meal,Local Brand C,3,Clear halal labeling would make me more confident to purchase.,halal_concern,neutral,4,Halal trust and certification,"clear halal, clear, halal, looks, halal information, looks good, good clear, product looks"
R01584,P0228,Thailand,Ready meal,Local Brand C,5,The taste is very satisfying and works well for a quick Korean meal at home.,taste_authenticity_positive,positive,1,Convenience and quick meal,"quick, works, works quick, satisfying, taste satisfying, satisfying works, quick korean, korean meal"
R01585,P0228,Thailand,Ready meal,Local Brand C,4,I wish there was a milder version because the spice level is too strong.,too_spicy,positive,6,Spiciness and taste localization,"level, wish, wish milder, spice, spice level, milder version, version spice, milder"
R01586,P0228,Thailand,Ready meal,Local Brand C,5,The flavor tastes authentic and reminds me of Korean restaurant food.,taste_authenticity_positive,positive,0,Taste authenticity,"reminds, restaurant food, tastes authentic, restaurant, reminds korean, authentic reminds, korean restaurant, flavor tastes"
R01587,P0228,Thailand,Ready meal,Local Brand C,5,I like the rich seasoning and it feels close to real Korean-style food.,taste_authenticity_positive,positive,2,Taste authenticity,"real korean, style food, style, rich seasoning, rich, seasoning feels, real, seasoning"
R01588,P0229,Thailand,Ready meal,Local Brand L,5,I like the rich seasoning and it feels close to real Korean-style food.,taste_authenticity_positive,positive,2,Taste authenticity,"real korean, style food, style, rich seasoning, rich, seasoning feels, real, seasoning"
R01589,P0229,Thailand,Ready meal,Local Brand L,5,Easy to prepare and good for busy weekdays.,convenience_positive,positive,5,General product experience,"tastes good, tastes, good, saves time, saves, time, time tastes, like saves"
R01590,P0229,Thailand,Ready meal,Local Brand L,5,The flavor tastes authentic and reminds me of Korean restaurant food.,taste_authenticity_positive,positive,0,Taste authenticity,"reminds, restaurant food, tastes authentic, restaurant, reminds korean, authentic reminds, korean restaurant, flavor tastes"
R01591,P0229,Thailand,Ready meal,Local Brand L,5,Easy to prepare and good for busy weekdays.,convenience_positive,positive,5,General product experience,"tastes good, tastes, good, saves time, saves, time, time tastes, like saves"
R01592,P0229,Thailand,Ready meal,Local Brand L,5,The flavor tastes authentic and reminds me of Korean restaurant food.,taste_authenticity_positive,positive,0,Taste authenticity,"reminds, restaurant food, tastes authentic, restaurant, reminds korean, authentic reminds, korean restaurant, flavor tastes"
R01593,P0229,Thailand,Ready meal,Local Brand L,5,Easy to prepare and good for busy weekdays.,convenience_positive,positive,5,General product experience,"tastes good, tastes, good, saves time, saves, time, time tastes, like saves"
R01594,P0229,Thailand,Ready meal,Local Brand L,3,"The product looks good, but I could not find clear halal information.",halal_concern,neutral,4,Halal trust and certification,"clear halal, clear, halal, looks, halal information, looks good, good clear, product looks"
R01595,P0230,Thailand,Ready meal,Japanese Brand N,4,I wish there was a milder version because the spice level is too strong.,too_spicy,positive,6,Spiciness and taste localization,"level, wish, wish milder, spice, spice level, milder version, version spice, milder"
R01596,P0230,Thailand,Ready meal,Japanese Brand N,5,I like the rich seasoning and it feels close to real Korean-style food.,taste_authenticity_positive,positive,2,Taste authenticity,"real korean, style food, style, rich seasoning, rich, seasoning feels, real, seasoning"
R01597,P0230,Thailand,Ready meal,Japanese Brand N,3,The portion is smaller than expected.,portion_size,neutral,3,Price sensitivity,"size, price, product good, portion, quite high, quite, price feels, high"
R01598,P0230,Thailand,Ready meal,Japanese Brand N,3,I wish there was a milder version because the spice level is too strong.,too_spicy,neutral,6,Spiciness and taste localization,"level, wish, wish milder, spice, spice level, milder version, version spice, milder"
R01599,P0230,Thailand,Ready meal,Japanese Brand N,2,"Good flavor, but it feels a bit heavy for frequent consumption.",health_concern,negative,3,Price sensitivity,"size, price, product good, portion, quite high, quite, price feels, high"
R01600,P0230,Thailand,Ready meal,Japanese Brand N,5,The flavor tastes authentic and reminds me of Korean restaurant food.,taste_authenticity_positive,positive,0,Taste authenticity,"reminds, restaurant food, tastes authentic, restaurant, reminds korean, authentic reminds, korean restaurant, flavor tastes"
R01601,P0230,Thailand,Ready meal,Japanese Brand N,3,The portion is smaller than expected.,portion_size,neutral,3,Price sensitivity,"size, price, product good, portion, quite high, quite, price feels, high"
R01602,P0230,Thailand,Ready meal,Japanese Brand N,3,Clear halal labeling would make me more confident to purchase.,halal_concern,neutral,4,Halal trust and certification,"clear halal, clear, halal, looks, halal information, looks good, good clear, product looks"
R01603,P0230,Thailand,Ready meal,Japanese Brand N,5,I like that it saves time and still tastes good.,convenience_positive,positive,5,General product experience,"tastes good, tastes, good, saves time, saves, time, time tastes, like saves"
R01604,P0230,Thailand,Ready meal,Japanese Brand N,5,The flavor tastes authentic and reminds me of Korean restaurant food.,taste_authenticity_positive,positive,0,Taste authenticity,"reminds, restaurant food, tastes authentic, restaurant, reminds korean, authentic reminds, korean restaurant, flavor tastes"
R01605,P0231,Thailand,Ready meal,Korean Brand Y,4,The flavor tastes authentic and reminds me of Korean restaurant food.,taste_authenticity_positive,positive,0,Taste authenticity,"reminds, restaurant food, tastes authentic, restaurant, reminds korean, authentic reminds, korean restaurant, flavor tastes"
R01606,P0231,Thailand,Ready meal,Korean Brand Y,4,The taste is very satisfying and works well for a quick Korean meal at home.,taste_authenticity_positive,positive,1,Convenience and quick meal,"quick, works, works quick, satisfying, taste satisfying, satisfying works, quick korean, korean meal"
R01607,P0231,Thailand,Ready meal,Korean Brand Y,4,I like the rich seasoning and it feels close to real Korean-style food.,taste_authenticity_positive,positive,2,Taste authenticity,"real korean, style food, style, rich seasoning, rich, seasoning feels, real, seasoning"
R01608,P0231,Thailand,Ready meal,Korean Brand Y,4,"The taste is fine, but it feels expensive compared with local alternatives.",price_sensitivity,positive,3,Price sensitivity,"size, price, product good, portion, quite high, quite, price feels, high"
R01609,P0231,Thailand,Ready meal,Korean Brand Y,4,"The product is good, but the packaging does not feel very strong.",packaging_issue,positive,3,Price sensitivity,"size, price, product good, portion, quite high, quite, price feels, high"
R01610,P0231,Thailand,Ready meal,Korean Brand Y,2,Clear halal labeling would make me more confident to purchase.,halal_concern,negative,4,Halal trust and certification,"clear halal, clear, halal, looks, halal information, looks good, good clear, product looks"
R01611,P0231,Thailand,Ready meal,Korean Brand Y,3,I would buy this more often if the halal certification was clearly shown.,halal_concern,neutral,7,Halal trust and certification,"buy, like buy, discount, buy discount, like, certification, halal certification, clearly shown"
R01612,P0231,Thailand,Ready meal,Korean Brand Y,3,Clear halal labeling would make me more confident to purchase.,halal_concern,neutral,4,Halal trust and certification,"clear halal, clear, halal, looks, halal information, looks good, good clear, product looks"
R01613,P0232,Thailand,Ready meal,Local Brand U,4,The portion is smaller than expected.,portion_size,positive,3,Price sensitivity,"size, price, product good, portion, quite high, quite, price feels, high"
R01614,P0232,Thailand,Ready meal,Local Brand U,3,"The product is good, but the packaging does not feel very strong.",packaging_issue,neutral,3,Price sensitivity,"size, price, product good, portion, quite high, quite, price feels, high"
R01615,P0232,Thailand,Ready meal,Local Brand U,2,"Good flavor, but it feels a bit heavy for frequent consumption.",health_concern,negative,3,Price sensitivity,"size, price, product good, portion, quite high, quite, price feels, high"
R01616,P0232,Thailand,Ready meal,Local Brand U,3,I wish there was a milder version because the spice level is too strong.,too_spicy,neutral,6,Spiciness and taste localization,"level, wish, wish milder, spice, spice level, milder version, version spice, milder"
R01617,P0232,Thailand,Ready meal,Local Brand U,2,"The taste is fine, but it feels expensive compared with local alternatives.",price_sensitivity,negative,3,Price sensitivity,"size, price, product good, portion, quite high, quite, price feels, high"
R01618,P0232,Thailand,Ready meal,Local Brand U,5,The taste is very satisfying and works well for a quick Korean meal at home.,taste_authenticity_positive,positive,1,Convenience and quick meal,"quick, works, works quick, satisfying, taste satisfying, satisfying works, quick korean, korean meal"
R01619,P0232,Thailand,Ready meal,Local Brand U,5,Easy to prepare and good for busy weekdays.,convenience_positive,positive,5,General product experience,"tastes good, tastes, good, saves time, saves, time, time tastes, like saves"
R01620,P0233,Thailand,Seaweed snack,Korean Brand H,4,The label information could be clearer and easier to read.,packaging_issue,positive,4,Halal trust and certification,"clear halal, clear, halal, looks, halal information, looks good, good clear, product looks"
R01621,P0233,Thailand,Seaweed snack,Korean Brand H,3,"The taste is nice, but I wish it had less sodium.",health_concern,neutral,6,Spiciness and taste localization,"level, wish, wish milder, spice, spice level, milder version, version spice, milder"
R01622,P0233,Thailand,Seaweed snack,Korean Brand H,5,I like the rich seasoning and it feels close to real Korean-style food.,taste_authenticity_positive,positive,2,Taste authenticity,"real korean, style food, style, rich seasoning, rich, seasoning feels, real, seasoning"
R01623,P0233,Thailand,Seaweed snack,Korean Brand H,5,Easy to prepare and good for busy weekdays.,convenience_positive,positive,5,General product experience,"tastes good, tastes, good, saves time, saves, time, time tastes, like saves"
R01624,P0233,Thailand,Seaweed snack,Korean Brand H,2,"The product is good, but the price feels quite high for the portion size.",price_sensitivity,negative,3,Price sensitivity,"size, price, product good, portion, quite high, quite, price feels, high"
R01625,P0233,Thailand,Seaweed snack,Korean Brand H,3,"I like it, but I would only buy again if there is a discount.",price_sensitivity,neutral,7,Halal trust and certification,"buy, like buy, discount, buy discount, like, certification, halal certification, clearly shown"
R01626,P0234,Thailand,Seaweed snack,Korean Brand S,3,"Good flavor, but it feels a bit heavy for frequent consumption.",health_concern,neutral,3,Price sensitivity,"size, price, product good, portion, quite high, quite, price feels, high"
R01627,P0234,Thailand,Seaweed snack,Korean Brand S,4,"The product is good, but the price feels quite high for the portion size.",price_sensitivity,positive,3,Price sensitivity,"size, price, product good, portion, quite high, quite, price feels, high"
R01628,P0234,Thailand,Seaweed snack,Korean Brand S,4,"The taste is fine, but it feels expensive compared with local alternatives.",price_sensitivity,positive,3,Price sensitivity,"size, price, product good, portion, quite high, quite, price feels, high"
R01629,P0234,Thailand,Seaweed snack,Korean Brand S,3,"Good flavor, but it feels a bit heavy for frequent consumption.",health_concern,neutral,3,Price sensitivity,"size, price, product good, portion, quite high, quite, price feels, high"
R01630,P0234,Thailand,Seaweed snack,Korean Brand S,5,I like that it saves time and still tastes good.,convenience_positive,positive,5,General product experience,"tastes good, tastes, good, saves time, saves, time, time tastes, like saves"
R01631,P0234,Thailand,Seaweed snack,Korean Brand S,3,The label information could be clearer and easier to read.,packaging_issue,neutral,4,Halal trust and certification,"clear halal, clear, halal, looks, halal information, looks good, good clear, product looks"
R01632,P0234,Thailand,Seaweed snack,Korean Brand S,4,The taste is very satisfying and works well for a quick Korean meal at home.,taste_authenticity_positive,positive,1,Convenience and quick meal,"quick, works, works quick, satisfying, taste satisfying, satisfying works, quick korean, korean meal"
R01633,P0234,Thailand,Seaweed snack,Korean Brand S,2,The label information could be clearer and easier to read.,packaging_issue,negative,4,Halal trust and certification,"clear halal, clear, halal, looks, halal information, looks good, good clear, product looks"
R01634,P0235,Thailand,Seaweed snack,Korean Brand E,5,The flavor tastes authentic and reminds me of Korean restaurant food.,taste_authenticity_positive,positive,0,Taste authenticity,"reminds, restaurant food, tastes authentic, restaurant, reminds korean, authentic reminds, korean restaurant, flavor tastes"
R01635,P0235,Thailand,Seaweed snack,Korean Brand E,4,"The taste is nice, but I wish it had less sodium.",health_concern,positive,6,Spiciness and taste localization,"level, wish, wish milder, spice, spice level, milder version, version spice, milder"
R01636,P0235,Thailand,Seaweed snack,Korean Brand E,4,"It tastes good, but one pack is not enough for a full meal.",portion_size,positive,5,General product experience,"tastes good, tastes, good, saves time, saves, time, time tastes, like saves"
R01637,P0235,Thailand,Seaweed snack,Korean Brand E,3,I would buy this more often if the halal certification was clearly shown.,halal_concern,neutral,7,Halal trust and certification,"buy, like buy, discount, buy discount, like, certification, halal certification, clearly shown"
R01638,P0235,Thailand,Seaweed snack,Korean Brand E,2,The portion is smaller than expected.,portion_size,negative,3,Price sensitivity,"size, price, product good, portion, quite high, quite, price feels, high"
R01639,P0235,Thailand,Seaweed snack,Korean Brand E,3,"The taste is nice, but I wish it had less sodium.",health_concern,neutral,6,Spiciness and taste localization,"level, wish, wish milder, spice, spice level, milder version, version spice, milder"
R01640,P0235,Thailand,Seaweed snack,Korean Brand E,3,"The product is good, but the price feels quite high for the portion size.",price_sensitivity,neutral,3,Price sensitivity,"size, price, product good, portion, quite high, quite, price feels, high"
R01641,P0235,Thailand,Seaweed snack,Korean Brand E,3,"The product is good, but the price feels quite high for the portion size.",price_sensitivity,neutral,3,Price sensitivity,"size, price, product good, portion, quite high, quite, price feels, high"
R01642,P0236,Thailand,Seaweed snack,Korean Brand E,5,Very convenient for a quick meal after work.,convenience_positive,positive,1,Convenience and quick meal,"quick, works, works quick, satisfying, taste satisfying, satisfying works, quick korean, korean meal"
R01643,P0236,Thailand,Seaweed snack,Korean Brand E,5,I like the rich seasoning and it feels close to real Korean-style food.,taste_authenticity_positive,positive,2,Taste authenticity,"real korean, style food, style, rich seasoning, rich, seasoning feels, real, seasoning"
R01644,P0236,Thailand,Seaweed snack,Korean Brand E,3,"The product is good, but the price feels quite high for the portion size.",price_sensitivity,neutral,3,Price sensitivity,"size, price, product good, portion, quite high, quite, price feels, high"
R01645,P0236,Thailand,Seaweed snack,Korean Brand E,2,The serving size could be larger for the price.,portion_size,negative,3,Price sensitivity,"size, price, product good, portion, quite high, quite, price feels, high"
R01646,P0236,Thailand,Seaweed snack,Korean Brand E,3,"The product looks good, but I could not find clear halal information.",halal_concern,neutral,4,Halal trust and certification,"clear halal, clear, halal, looks, halal information, looks good, good clear, product looks"
R01647,P0236,Thailand,Seaweed snack,Korean Brand E,4,The flavor tastes authentic and reminds me of Korean restaurant food.,taste_authenticity_positive,positive,0,Taste authenticity,"reminds, restaurant food, tastes authentic, restaurant, reminds korean, authentic reminds, korean restaurant, flavor tastes"
R01648,P0236,Thailand,Seaweed snack,Korean Brand E,4,The taste is very satisfying and works well for a quick Korean meal at home.,taste_authenticity_positive,positive,1,Convenience and quick meal,"quick, works, works quick, satisfying, taste satisfying, satisfying works, quick korean, korean meal"
R01649,P0236,Thailand,Seaweed snack,Korean Brand E,4,The packaging could be improved because it was slightly damaged when delivered.,packaging_issue,positive,3,Price sensitivity,"size, price, product good, portion, quite high, quite, price feels, high"
R01650,P0236,Thailand,Seaweed snack,Korean Brand E,4,The taste is very satisfying and works well for a quick Korean meal at home.,taste_authenticity_positive,positive,1,Convenience and quick meal,"quick, works, works quick, satisfying, taste satisfying, satisfying works, quick korean, korean meal"
R01651,P0237,Thailand,Seaweed snack,Korean Brand Q,5,I like the rich seasoning and it feels close to real Korean-style food.,taste_authenticity_positive,positive,2,Taste authenticity,"real korean, style food, style, rich seasoning, rich, seasoning feels, real, seasoning"
R01652,P0237,Thailand,Seaweed snack,Korean Brand Q,3,"It tastes good, but one pack is not enough for a full meal.",portion_size,neutral,5,General product experience,"tastes good, tastes, good, saves time, saves, time, time tastes, like saves"
R01653,P0237,Thailand,Seaweed snack,Korean Brand Q,4,"Good flavor, but it feels a bit heavy for frequent consumption.",health_concern,positive,3,Price sensitivity,"size, price, product good, portion, quite high, quite, price feels, high"
R01654,P0237,Thailand,Seaweed snack,Korean Brand Q,3,"The product is good, but the price feels quite high for the portion size.",price_sensitivity,neutral,3,Price sensitivity,"size, price, product good, portion, quite high, quite, price feels, high"
R01655,P0237,Thailand,Seaweed snack,Korean Brand Q,5,Very convenient for a quick meal after work.,convenience_positive,positive,1,Convenience and quick meal,"quick, works, works quick, satisfying, taste satisfying, satisfying works, quick korean, korean meal"
R01656,P0237,Thailand,Seaweed snack,Korean Brand Q,4,"The product is good, but the packaging does not feel very strong.",packaging_issue,positive,3,Price sensitivity,"size, price, product good, portion, quite high, quite, price feels, high"
R01657,P0237,Thailand,Seaweed snack,Korean Brand Q,3,The label information could be clearer and easier to read.,packaging_issue,neutral,4,Halal trust and certification,"clear halal, clear, halal, looks, halal information, looks good, good clear, product looks"
R01658,P0237,Thailand,Seaweed snack,Korean Brand Q,3,"The product is good, but the packaging does not feel very strong.",packaging_issue,neutral,3,Price sensitivity,"size, price, product good, portion, quite high, quite, price feels, high"
R01659,P0237,Thailand,Seaweed snack,Korean Brand Q,3,Clear halal labeling would make me more confident to purchase.,halal_concern,neutral,4,Halal trust and certification,"clear halal, clear, halal, looks, halal information, looks good, good clear, product looks"
R01660,P0238,Thailand,Seaweed snack,Japanese Brand W,2,"The product is good, but the packaging does not feel very strong.",packaging_issue,negative,3,Price sensitivity,"size, price, product good, portion, quite high, quite, price feels, high"
R01661,P0238,Thailand,Seaweed snack,Japanese Brand W,5,I like the rich seasoning and it feels close to real Korean-style food.,taste_authenticity_positive,positive,2,Taste authenticity,"real korean, style food, style, rich seasoning, rich, seasoning feels, real, seasoning"
R01662,P0238,Thailand,Seaweed snack,Japanese Brand W,3,The serving size could be larger for the price.,portion_size,neutral,3,Price sensitivity,"size, price, product good, portion, quite high, quite, price feels, high"
R01663,P0238,Thailand,Seaweed snack,Japanese Brand W,5,Easy to prepare and good for busy weekdays.,convenience_positive,positive,5,General product experience,"tastes good, tastes, good, saves time, saves, time, time tastes, like saves"
R01664,P0238,Thailand,Seaweed snack,Japanese Brand W,4,Very convenient for a quick meal after work.,convenience_positive,positive,1,Convenience and quick meal,"quick, works, works quick, satisfying, taste satisfying, satisfying works, quick korean, korean meal"
R01665,P0238,Thailand,Seaweed snack,Japanese Brand W,4,Clear halal labeling would make me more confident to purchase.,halal_concern,positive,4,Halal trust and certification,"clear halal, clear, halal, looks, halal information, looks good, good clear, product looks"
R01666,P0238,Thailand,Seaweed snack,Japanese Brand W,3,"The taste is fine, but it feels expensive compared with local alternatives.",price_sensitivity,neutral,3,Price sensitivity,"size, price, product good, portion, quite high, quite, price feels, high"
R01667,P0238,Thailand,Seaweed snack,Japanese Brand W,4,"The taste is fine, but it feels expensive compared with local alternatives.",price_sensitivity,positive,3,Price sensitivity,"size, price, product good, portion, quite high, quite, price feels, high"
R01668,P0238,Thailand,Seaweed snack,Japanese Brand W,5,The taste is very satisfying and works well for a quick Korean meal at home.,taste_authenticity_positive,positive,1,Convenience and quick meal,"quick, works, works quick, satisfying, taste satisfying, satisfying works, quick korean, korean meal"
R01669,P0238,Thailand,Seaweed snack,Japanese Brand W,5,I like the rich seasoning and it feels close to real Korean-style food.,taste_authenticity_positive,positive,2,Taste authenticity,"real korean, style food, style, rich seasoning, rich, seasoning feels, real, seasoning"
R01670,P0239,Thailand,Seaweed snack,Private Label Q,5,The flavor tastes authentic and reminds me of Korean restaurant food.,taste_authenticity_positive,positive,0,Taste authenticity,"reminds, restaurant food, tastes authentic, restaurant, reminds korean, authentic reminds, korean restaurant, flavor tastes"
R01671,P0239,Thailand,Seaweed snack,Private Label Q,5,I like the rich seasoning and it feels close to real Korean-style food.,taste_authenticity_positive,positive,2,Taste authenticity,"real korean, style food, style, rich seasoning, rich, seasoning feels, real, seasoning"
R01672,P0239,Thailand,Seaweed snack,Private Label Q,5,The flavor tastes authentic and reminds me of Korean restaurant food.,taste_authenticity_positive,positive,0,Taste authenticity,"reminds, restaurant food, tastes authentic, restaurant, reminds korean, authentic reminds, korean restaurant, flavor tastes"
R01673,P0239,Thailand,Seaweed snack,Private Label Q,2,"The taste is nice, but I wish it had less sodium.",health_concern,negative,6,Spiciness and taste localization,"level, wish, wish milder, spice, spice level, milder version, version spice, milder"
R01674,P0239,Thailand,Seaweed snack,Private Label Q,5,The taste is very satisfying and works well for a quick Korean meal at home.,taste_authenticity_positive,positive,1,Convenience and quick meal,"quick, works, works quick, satisfying, taste satisfying, satisfying works, quick korean, korean meal"
R01675,P0239,Thailand,Seaweed snack,Private Label Q,4,"The product tastes nice, but the heat level may be difficult for beginners.",too_spicy,positive,6,Spiciness and taste localization,"level, wish, wish milder, spice, spice level, milder version, version spice, milder"
R01676,P0240,Thailand,Seaweed snack,Local Brand U,3,The label information could be clearer and easier to read.,packaging_issue,neutral,4,Halal trust and certification,"clear halal, clear, halal, looks, halal information, looks good, good clear, product looks"
R01677,P0240,Thailand,Seaweed snack,Local Brand U,3,I would buy this more often if the halal certification was clearly shown.,halal_concern,neutral,7,Halal trust and certification,"buy, like buy, discount, buy discount, like, certification, halal certification, clearly shown"
R01678,P0240,Thailand,Seaweed snack,Local Brand U,3,"The product is good, but the price feels quite high for the portion size.",price_sensitivity,neutral,3,Price sensitivity,"size, price, product good, portion, quite high, quite, price feels, high"
R01679,P0240,Thailand,Seaweed snack,Local Brand U,3,"Good flavor, but it feels a bit heavy for frequent consumption.",health_concern,neutral,3,Price sensitivity,"size, price, product good, portion, quite high, quite, price feels, high"
R01680,P0240,Thailand,Seaweed snack,Local Brand U,3,"The product is good, but the price feels quite high for the portion size.",price_sensitivity,neutral,3,Price sensitivity,"size, price, product good, portion, quite high, quite, price feels, high"
R01681,P0240,Thailand,Seaweed snack,Local Brand U,3,"It tastes good, but one pack is not enough for a full meal.",portion_size,neutral,5,General product experience,"tastes good, tastes, good, saves time, saves, time, time tastes, like saves"
R01682,P0240,Thailand,Seaweed snack,Local Brand U,3,"Good flavor, but it feels a bit heavy for frequent consumption.",health_concern,neutral,3,Price sensitivity,"size, price, product good, portion, quite high, quite, price feels, high"
R01683,P0240,Thailand,Seaweed snack,Local Brand U,4,Easy to prepare and good for busy weekdays.,convenience_positive,positive,5,General product experience,"tastes good, tastes, good, saves time, saves, time, time tastes, like saves"
R01684,P0240,Thailand,Seaweed snack,Local Brand U,4,"The product is good, but the packaging does not feel very strong.",packaging_issue,positive,3,Price sensitivity,"size, price, product good, portion, quite high, quite, price feels, high"
R01685,P0240,Thailand,Seaweed snack,Local Brand U,5,I like the rich seasoning and it feels close to real Korean-style food.,taste_authenticity_positive,positive,2,Taste authenticity,"real korean, style food, style, rich seasoning, rich, seasoning feels, real, seasoning"
R01686,P0241,Viet Nam,Korean ramen,Local Brand B,2,"The product is good, but the packaging does not feel very strong.",packaging_issue,negative,3,Price sensitivity,"size, price, product good, portion, quite high, quite, price feels, high"
R01687,P0241,Viet Nam,Korean ramen,Local Brand B,3,"The taste is fine, but it feels expensive compared with local alternatives.",price_sensitivity,neutral,3,Price sensitivity,"size, price, product good, portion, quite high, quite, price feels, high"
R01688,P0241,Viet Nam,Korean ramen,Local Brand B,5,I like the rich seasoning and it feels close to real Korean-style food.,taste_authenticity_positive,positive,2,Taste authenticity,"real korean, style food, style, rich seasoning, rich, seasoning feels, real, seasoning"
R01689,P0241,Viet Nam,Korean ramen,Local Brand B,3,"The product tastes nice, but the heat level may be difficult for beginners.",too_spicy,neutral,6,Spiciness and taste localization,"level, wish, wish milder, spice, spice level, milder version, version spice, milder"
R01690,P0241,Viet Nam,Korean ramen,Local Brand B,3,"The taste is fine, but it feels expensive compared with local alternatives.",price_sensitivity,neutral,3,Price sensitivity,"size, price, product good, portion, quite high, quite, price feels, high"
R01691,P0242,Viet Nam,Korean ramen,Private Label V,4,I like the rich seasoning and it feels close to real Korean-style food.,taste_authenticity_positive,positive,2,Taste authenticity,"real korean, style food, style, rich seasoning, rich, seasoning feels, real, seasoning"
R01692,P0242,Viet Nam,Korean ramen,Private Label V,2,The portion is smaller than expected.,portion_size,negative,3,Price sensitivity,"size, price, product good, portion, quite high, quite, price feels, high"
R01693,P0242,Viet Nam,Korean ramen,Private Label V,4,The flavor tastes authentic and reminds me of Korean restaurant food.,taste_authenticity_positive,positive,0,Taste authenticity,"reminds, restaurant food, tastes authentic, restaurant, reminds korean, authentic reminds, korean restaurant, flavor tastes"
R01694,P0242,Viet Nam,Korean ramen,Private Label V,5,Easy to prepare and good for busy weekdays.,convenience_positive,positive,5,General product experience,"tastes good, tastes, good, saves time, saves, time, time tastes, like saves"
R01695,P0242,Viet Nam,Korean ramen,Private Label V,3,I wish there was a milder version because the spice level is too strong.,too_spicy,neutral,6,Spiciness and taste localization,"level, wish, wish milder, spice, spice level, milder version, version spice, milder"
R01696,P0242,Viet Nam,Korean ramen,Private Label V,3,"The product is good, but the price feels quite high for the portion size.",price_sensitivity,neutral,3,Price sensitivity,"size, price, product good, portion, quite high, quite, price feels, high"
R01697,P0242,Viet Nam,Korean ramen,Private Label V,3,The label information could be clearer and easier to read.,packaging_issue,neutral,4,Halal trust and certification,"clear halal, clear, halal, looks, halal information, looks good, good clear, product looks"
R01698,P0242,Viet Nam,Korean ramen,Private Label V,2,"The product tastes nice, but the heat level may be difficult for beginners.",too_spicy,negative,6,Spiciness and taste localization,"level, wish, wish milder, spice, spice level, milder version, version spice, milder"
R01699,P0243,Viet Nam,Korean ramen,Local Brand B,3,"The taste is fine, but it feels expensive compared with local alternatives.",price_sensitivity,neutral,3,Price sensitivity,"size, price, product good, portion, quite high, quite, price feels, high"
R01700,P0243,Viet Nam,Korean ramen,Local Brand B,5,The taste is very satisfying and works well for a quick Korean meal at home.,taste_authenticity_positive,positive,1,Convenience and quick meal,"quick, works, works quick, satisfying, taste satisfying, satisfying works, quick korean, korean meal"
R01701,P0243,Viet Nam,Korean ramen,Local Brand B,2,I wish there was a milder version because the spice level is too strong.,too_spicy,negative,6,Spiciness and taste localization,"level, wish, wish milder, spice, spice level, milder version, version spice, milder"
R01702,P0243,Viet Nam,Korean ramen,Local Brand B,5,The flavor tastes authentic and reminds me of Korean restaurant food.,taste_authenticity_positive,positive,0,Taste authenticity,"reminds, restaurant food, tastes authentic, restaurant, reminds korean, authentic reminds, korean restaurant, flavor tastes"
R01703,P0243,Viet Nam,Korean ramen,Local Brand B,2,"The product is good, but the packaging does not feel very strong.",packaging_issue,negative,3,Price sensitivity,"size, price, product good, portion, quite high, quite, price feels, high"
R01704,P0243,Viet Nam,Korean ramen,Local Brand B,5,I like the rich seasoning and it feels close to real Korean-style food.,taste_authenticity_positive,positive,2,Taste authenticity,"real korean, style food, style, rich seasoning, rich, seasoning feels, real, seasoning"
R01705,P0243,Viet Nam,Korean ramen,Local Brand B,2,"The product tastes nice, but the heat level may be difficult for beginners.",too_spicy,negative,6,Spiciness and taste localization,"level, wish, wish milder, spice, spice level, milder version, version spice, milder"
R01706,P0243,Viet Nam,Korean ramen,Local Brand B,5,Very convenient for a quick meal after work.,convenience_positive,positive,1,Convenience and quick meal,"quick, works, works quick, satisfying, taste satisfying, satisfying works, quick korean, korean meal"
R01707,P0244,Viet Nam,Korean ramen,Korean Brand B,3,The portion is smaller than expected.,portion_size,neutral,3,Price sensitivity,"size, price, product good, portion, quite high, quite, price feels, high"
R01708,P0244,Viet Nam,Korean ramen,Korean Brand B,3,"The taste is fine, but it feels expensive compared with local alternatives.",price_sensitivity,neutral,3,Price sensitivity,"size, price, product good, portion, quite high, quite, price feels, high"
R01709,P0244,Viet Nam,Korean ramen,Korean Brand B,4,"The product looks good, but I could not find clear halal information.",halal_concern,positive,4,Halal trust and certification,"clear halal, clear, halal, looks, halal information, looks good, good clear, product looks"
R01710,P0244,Viet Nam,Korean ramen,Korean Brand B,4,Easy to prepare and good for busy weekdays.,convenience_positive,positive,5,General product experience,"tastes good, tastes, good, saves time, saves, time, time tastes, like saves"
R01711,P0244,Viet Nam,Korean ramen,Korean Brand B,5,Easy to prepare and good for busy weekdays.,convenience_positive,positive,5,General product experience,"tastes good, tastes, good, saves time, saves, time, time tastes, like saves"
R01712,P0244,Viet Nam,Korean ramen,Korean Brand B,2,"The flavor is good, but it is too spicy for my family.",too_spicy,negative,5,General product experience,"tastes good, tastes, good, saves time, saves, time, time tastes, like saves"
R01713,P0244,Viet Nam,Korean ramen,Korean Brand B,4,I wish there was a milder version because the spice level is too strong.,too_spicy,positive,6,Spiciness and taste localization,"level, wish, wish milder, spice, spice level, milder version, version spice, milder"
R01714,P0245,Viet Nam,Korean ramen,Private Label C,4,I like the rich seasoning and it feels close to real Korean-style food.,taste_authenticity_positive,positive,2,Taste authenticity,"real korean, style food, style, rich seasoning, rich, seasoning feels, real, seasoning"
R01715,P0245,Viet Nam,Korean ramen,Private Label C,4,I wish there was a milder version because the spice level is too strong.,too_spicy,positive,6,Spiciness and taste localization,"level, wish, wish milder, spice, spice level, milder version, version spice, milder"
R01716,P0245,Viet Nam,Korean ramen,Private Label C,3,"The product is good, but the packaging does not feel very strong.",packaging_issue,neutral,3,Price sensitivity,"size, price, product good, portion, quite high, quite, price feels, high"
R01717,P0245,Viet Nam,Korean ramen,Private Label C,2,"I like it, but I would only buy again if there is a discount.",price_sensitivity,negative,7,Halal trust and certification,"buy, like buy, discount, buy discount, like, certification, halal certification, clearly shown"
R01718,P0245,Viet Nam,Korean ramen,Private Label C,5,I like that it saves time and still tastes good.,convenience_positive,positive,5,General product experience,"tastes good, tastes, good, saves time, saves, time, time tastes, like saves"
R01719,P0245,Viet Nam,Korean ramen,Private Label C,4,"Good flavor, but it feels a bit heavy for frequent consumption.",health_concern,positive,3,Price sensitivity,"size, price, product good, portion, quite high, quite, price feels, high"
R01720,P0245,Viet Nam,Korean ramen,Private Label C,4,The flavor tastes authentic and reminds me of Korean restaurant food.,taste_authenticity_positive,positive,0,Taste authenticity,"reminds, restaurant food, tastes authentic, restaurant, reminds korean, authentic reminds, korean restaurant, flavor tastes"
R01721,P0245,Viet Nam,Korean ramen,Private Label C,4,The portion is smaller than expected.,portion_size,positive,3,Price sensitivity,"size, price, product good, portion, quite high, quite, price feels, high"
R01722,P0246,Viet Nam,Korean ramen,Korean Brand S,4,I would buy this more often if the halal certification was clearly shown.,halal_concern,positive,7,Halal trust and certification,"buy, like buy, discount, buy discount, like, certification, halal certification, clearly shown"
R01723,P0246,Viet Nam,Korean ramen,Korean Brand S,4,I like the rich seasoning and it feels close to real Korean-style food.,taste_authenticity_positive,positive,2,Taste authenticity,"real korean, style food, style, rich seasoning, rich, seasoning feels, real, seasoning"
R01724,P0246,Viet Nam,Korean ramen,Korean Brand S,4,The serving size could be larger for the price.,portion_size,positive,3,Price sensitivity,"size, price, product good, portion, quite high, quite, price feels, high"
R01725,P0246,Viet Nam,Korean ramen,Korean Brand S,5,Easy to prepare and good for busy weekdays.,convenience_positive,positive,5,General product experience,"tastes good, tastes, good, saves time, saves, time, time tastes, like saves"
R01726,P0246,Viet Nam,Korean ramen,Korean Brand S,2,"The product looks good, but I could not find clear halal information.",halal_concern,negative,4,Halal trust and certification,"clear halal, clear, halal, looks, halal information, looks good, good clear, product looks"
R01727,P0246,Viet Nam,Korean ramen,Korean Brand S,4,I would prefer a healthier version with cleaner ingredients.,health_concern,positive,6,Spiciness and taste localization,"level, wish, wish milder, spice, spice level, milder version, version spice, milder"
R01728,P0246,Viet Nam,Korean ramen,Korean Brand S,4,The taste is very satisfying and works well for a quick Korean meal at home.,taste_authenticity_positive,positive,1,Convenience and quick meal,"quick, works, works quick, satisfying, taste satisfying, satisfying works, quick korean, korean meal"
R01729,P0247,Viet Nam,Korean ramen,Korean Brand L,5,I like the rich seasoning and it feels close to real Korean-style food.,taste_authenticity_positive,positive,2,Taste authenticity,"real korean, style food, style, rich seasoning, rich, seasoning feels, real, seasoning"
R01730,P0247,Viet Nam,Korean ramen,Korean Brand L,4,The taste is very satisfying and works well for a quick Korean meal at home.,taste_authenticity_positive,positive,1,Convenience and quick meal,"quick, works, works quick, satisfying, taste satisfying, satisfying works, quick korean, korean meal"
R01731,P0247,Viet Nam,Korean ramen,Korean Brand L,5,The taste is very satisfying and works well for a quick Korean meal at home.,taste_authenticity_positive,positive,1,Convenience and quick meal,"quick, works, works quick, satisfying, taste satisfying, satisfying works, quick korean, korean meal"
R01732,P0247,Viet Nam,Korean ramen,Korean Brand L,3,"The flavor is good, but it is too spicy for my family.",too_spicy,neutral,5,General product experience,"tastes good, tastes, good, saves time, saves, time, time tastes, like saves"
R01733,P0247,Viet Nam,Korean ramen,Korean Brand L,4,The packaging could be improved because it was slightly damaged when delivered.,packaging_issue,positive,3,Price sensitivity,"size, price, product good, portion, quite high, quite, price feels, high"
R01734,P0247,Viet Nam,Korean ramen,Korean Brand L,4,I like the rich seasoning and it feels close to real Korean-style food.,taste_authenticity_positive,positive,2,Taste authenticity,"real korean, style food, style, rich seasoning, rich, seasoning feels, real, seasoning"
R01735,P0247,Viet Nam,Korean ramen,Korean Brand L,4,The flavor tastes authentic and reminds me of Korean restaurant food.,taste_authenticity_positive,positive,0,Taste authenticity,"reminds, restaurant food, tastes authentic, restaurant, reminds korean, authentic reminds, korean restaurant, flavor tastes"
R01736,P0247,Viet Nam,Korean ramen,Korean Brand L,3,"It tastes good, but one pack is not enough for a full meal.",portion_size,neutral,5,General product experience,"tastes good, tastes, good, saves time, saves, time, time tastes, like saves"
R01737,P0247,Viet Nam,Korean ramen,Korean Brand L,2,Clear halal labeling would make me more confident to purchase.,halal_concern,negative,4,Halal trust and certification,"clear halal, clear, halal, looks, halal information, looks good, good clear, product looks"
R01738,P0248,Viet Nam,Korean ramen,Korean Brand N,5,Easy to prepare and good for busy weekdays.,convenience_positive,positive,5,General product experience,"tastes good, tastes, good, saves time, saves, time, time tastes, like saves"
R01739,P0248,Viet Nam,Korean ramen,Korean Brand N,3,The label information could be clearer and easier to read.,packaging_issue,neutral,4,Halal trust and certification,"clear halal, clear, halal, looks, halal information, looks good, good clear, product looks"
R01740,P0248,Viet Nam,Korean ramen,Korean Brand N,5,I like the rich seasoning and it feels close to real Korean-style food.,taste_authenticity_positive,positive,2,Taste authenticity,"real korean, style food, style, rich seasoning, rich, seasoning feels, real, seasoning"
R01741,P0248,Viet Nam,Korean ramen,Korean Brand N,2,The portion is smaller than expected.,portion_size,negative,3,Price sensitivity,"size, price, product good, portion, quite high, quite, price feels, high"
R01742,P0248,Viet Nam,Korean ramen,Korean Brand N,3,"The product tastes nice, but the heat level may be difficult for beginners.",too_spicy,neutral,6,Spiciness and taste localization,"level, wish, wish milder, spice, spice level, milder version, version spice, milder"
R01743,P0248,Viet Nam,Korean ramen,Korean Brand N,3,"The taste is nice, but I wish it had less sodium.",health_concern,neutral,6,Spiciness and taste localization,"level, wish, wish milder, spice, spice level, milder version, version spice, milder"
R01744,P0248,Viet Nam,Korean ramen,Korean Brand N,3,I would buy this more often if the halal certification was clearly shown.,halal_concern,neutral,7,Halal trust and certification,"buy, like buy, discount, buy discount, like, certification, halal certification, clearly shown"
R01745,P0248,Viet Nam,Korean ramen,Korean Brand N,3,"The product looks good, but I could not find clear halal information.",halal_concern,neutral,4,Halal trust and certification,"clear halal, clear, halal, looks, halal information, looks good, good clear, product looks"
R01746,P0249,Viet Nam,Kimchi,Japanese Brand E,5,I like that it saves time and still tastes good.,convenience_positive,positive,5,General product experience,"tastes good, tastes, good, saves time, saves, time, time tastes, like saves"
R01747,P0249,Viet Nam,Kimchi,Japanese Brand E,5,The taste is very satisfying and works well for a quick Korean meal at home.,taste_authenticity_positive,positive,1,Convenience and quick meal,"quick, works, works quick, satisfying, taste satisfying, satisfying works, quick korean, korean meal"
R01748,P0249,Viet Nam,Kimchi,Japanese Brand E,5,I like the rich seasoning and it feels close to real Korean-style food.,taste_authenticity_positive,positive,2,Taste authenticity,"real korean, style food, style, rich seasoning, rich, seasoning feels, real, seasoning"
R01749,P0249,Viet Nam,Kimchi,Japanese Brand E,5,The flavor tastes authentic and reminds me of Korean restaurant food.,taste_authenticity_positive,positive,0,Taste authenticity,"reminds, restaurant food, tastes authentic, restaurant, reminds korean, authentic reminds, korean restaurant, flavor tastes"
R01750,P0249,Viet Nam,Kimchi,Japanese Brand E,5,The taste is very satisfying and works well for a quick Korean meal at home.,taste_authenticity_positive,positive,1,Convenience and quick meal,"quick, works, works quick, satisfying, taste satisfying, satisfying works, quick korean, korean meal"
R01751,P0250,Viet Nam,Kimchi,Local Brand K,3,The label information could be clearer and easier to read.,packaging_issue,neutral,4,Halal trust and certification,"clear halal, clear, halal, looks, halal information, looks good, good clear, product looks"
R01752,P0250,Viet Nam,Kimchi,Local Brand K,2,"The product is good, but the price feels quite high for the portion size.",price_sensitivity,negative,3,Price sensitivity,"size, price, product good, portion, quite high, quite, price feels, high"
R01753,P0250,Viet Nam,Kimchi,Local Brand K,4,"The taste is nice, but I wish it had less sodium.",health_concern,positive,6,Spiciness and taste localization,"level, wish, wish milder, spice, spice level, milder version, version spice, milder"
R01754,P0250,Viet Nam,Kimchi,Local Brand K,5,Very convenient for a quick meal after work.,convenience_positive,positive,1,Convenience and quick meal,"quick, works, works quick, satisfying, taste satisfying, satisfying works, quick korean, korean meal"
R01755,P0250,Viet Nam,Kimchi,Local Brand K,2,I would buy this more often if the halal certification was clearly shown.,halal_concern,negative,7,Halal trust and certification,"buy, like buy, discount, buy discount, like, certification, halal certification, clearly shown"
R01756,P0250,Viet Nam,Kimchi,Local Brand K,4,The flavor tastes authentic and reminds me of Korean restaurant food.,taste_authenticity_positive,positive,0,Taste authenticity,"reminds, restaurant food, tastes authentic, restaurant, reminds korean, authentic reminds, korean restaurant, flavor tastes"
R01757,P0251,Viet Nam,Kimchi,Local Brand T,3,"The product is good, but the price feels quite high for the portion size.",price_sensitivity,neutral,3,Price sensitivity,"size, price, product good, portion, quite high, quite, price feels, high"
R01758,P0251,Viet Nam,Kimchi,Local Brand T,5,The flavor tastes authentic and reminds me of Korean restaurant food.,taste_authenticity_positive,positive,0,Taste authenticity,"reminds, restaurant food, tastes authentic, restaurant, reminds korean, authentic reminds, korean restaurant, flavor tastes"
R01759,P0251,Viet Nam,Kimchi,Local Brand T,2,"The product looks good, but I could not find clear halal information.",halal_concern,negative,4,Halal trust and certification,"clear halal, clear, halal, looks, halal information, looks good, good clear, product looks"
R01760,P0251,Viet Nam,Kimchi,Local Brand T,3,"The taste is nice, but I wish it had less sodium.",health_concern,neutral,6,Spiciness and taste localization,"level, wish, wish milder, spice, spice level, milder version, version spice, milder"
R01761,P0251,Viet Nam,Kimchi,Local Brand T,3,I would prefer a healthier version with cleaner ingredients.,health_concern,neutral,6,Spiciness and taste localization,"level, wish, wish milder, spice, spice level, milder version, version spice, milder"
R01762,P0252,Viet Nam,Kimchi,Private Label X,3,"The product tastes nice, but the heat level may be difficult for beginners.",too_spicy,neutral,6,Spiciness and taste localization,"level, wish, wish milder, spice, spice level, milder version, version spice, milder"
R01763,P0252,Viet Nam,Kimchi,Private Label X,5,The flavor tastes authentic and reminds me of Korean restaurant food.,taste_authenticity_positive,positive,0,Taste authenticity,"reminds, restaurant food, tastes authentic, restaurant, reminds korean, authentic reminds, korean restaurant, flavor tastes"
R01764,P0252,Viet Nam,Kimchi,Private Label X,3,"It tastes good, but one pack is not enough for a full meal.",portion_size,neutral,5,General product experience,"tastes good, tastes, good, saves time, saves, time, time tastes, like saves"
R01765,P0252,Viet Nam,Kimchi,Private Label X,5,I like the rich seasoning and it feels close to real Korean-style food.,taste_authenticity_positive,positive,2,Taste authenticity,"real korean, style food, style, rich seasoning, rich, seasoning feels, real, seasoning"
R01766,P0252,Viet Nam,Kimchi,Private Label X,5,I like the rich seasoning and it feels close to real Korean-style food.,taste_authenticity_positive,positive,2,Taste authenticity,"real korean, style food, style, rich seasoning, rich, seasoning feels, real, seasoning"
R01767,P0252,Viet Nam,Kimchi,Private Label X,5,The taste is very satisfying and works well for a quick Korean meal at home.,taste_authenticity_positive,positive,1,Convenience and quick meal,"quick, works, works quick, satisfying, taste satisfying, satisfying works, quick korean, korean meal"
R01768,P0252,Viet Nam,Kimchi,Private Label X,3,"The product is good, but the packaging does not feel very strong.",packaging_issue,neutral,3,Price sensitivity,"size, price, product good, portion, quite high, quite, price feels, high"
R01769,P0253,Viet Nam,Kimchi,Local Brand F,4,The taste is very satisfying and works well for a quick Korean meal at home.,taste_authenticity_positive,positive,1,Convenience and quick meal,"quick, works, works quick, satisfying, taste satisfying, satisfying works, quick korean, korean meal"
R01770,P0253,Viet Nam,Kimchi,Local Brand F,5,Very convenient for a quick meal after work.,convenience_positive,positive,1,Convenience and quick meal,"quick, works, works quick, satisfying, taste satisfying, satisfying works, quick korean, korean meal"
R01771,P0253,Viet Nam,Kimchi,Local Brand F,5,The taste is very satisfying and works well for a quick Korean meal at home.,taste_authenticity_positive,positive,1,Convenience and quick meal,"quick, works, works quick, satisfying, taste satisfying, satisfying works, quick korean, korean meal"
R01772,P0253,Viet Nam,Kimchi,Local Brand F,3,The packaging could be improved because it was slightly damaged when delivered.,packaging_issue,neutral,3,Price sensitivity,"size, price, product good, portion, quite high, quite, price feels, high"
R01773,P0254,Viet Nam,Kimchi,Premium Import Brand E,2,"The product is good, but the price feels quite high for the portion size.",price_sensitivity,negative,3,Price sensitivity,"size, price, product good, portion, quite high, quite, price feels, high"
R01774,P0254,Viet Nam,Kimchi,Premium Import Brand E,3,I would prefer a healthier version with cleaner ingredients.,health_concern,neutral,6,Spiciness and taste localization,"level, wish, wish milder, spice, spice level, milder version, version spice, milder"
R01775,P0254,Viet Nam,Kimchi,Premium Import Brand E,3,I would prefer a healthier version with cleaner ingredients.,health_concern,neutral,6,Spiciness and taste localization,"level, wish, wish milder, spice, spice level, milder version, version spice, milder"
R01776,P0254,Viet Nam,Kimchi,Premium Import Brand E,3,The serving size could be larger for the price.,portion_size,neutral,3,Price sensitivity,"size, price, product good, portion, quite high, quite, price feels, high"
R01777,P0255,Viet Nam,Kimchi,Korean Brand T,2,"I like it, but I would only buy again if there is a discount.",price_sensitivity,negative,7,Halal trust and certification,"buy, like buy, discount, buy discount, like, certification, halal certification, clearly shown"
R01778,P0255,Viet Nam,Kimchi,Korean Brand T,3,"The taste is nice, but I wish it had less sodium.",health_concern,neutral,6,Spiciness and taste localization,"level, wish, wish milder, spice, spice level, milder version, version spice, milder"
R01779,P0255,Viet Nam,Kimchi,Korean Brand T,4,I like the rich seasoning and it feels close to real Korean-style food.,taste_authenticity_positive,positive,2,Taste authenticity,"real korean, style food, style, rich seasoning, rich, seasoning feels, real, seasoning"
R01780,P0255,Viet Nam,Kimchi,Korean Brand T,5,The taste is very satisfying and works well for a quick Korean meal at home.,taste_authenticity_positive,positive,1,Convenience and quick meal,"quick, works, works quick, satisfying, taste satisfying, satisfying works, quick korean, korean meal"
R01781,P0255,Viet Nam,Kimchi,Korean Brand T,5,I like that it saves time and still tastes good.,convenience_positive,positive,5,General product experience,"tastes good, tastes, good, saves time, saves, time, time tastes, like saves"
R01782,P0255,Viet Nam,Kimchi,Korean Brand T,2,I would prefer a healthier version with cleaner ingredients.,health_concern,negative,6,Spiciness and taste localization,"level, wish, wish milder, spice, spice level, milder version, version spice, milder"
R01783,P0255,Viet Nam,Kimchi,Korean Brand T,2,I wish there was a milder version because the spice level is too strong.,too_spicy,negative,6,Spiciness and taste localization,"level, wish, wish milder, spice, spice level, milder version, version spice, milder"
R01784,P0255,Viet Nam,Kimchi,Korean Brand T,5,Very convenient for a quick meal after work.,convenience_positive,positive,1,Convenience and quick meal,"quick, works, works quick, satisfying, taste satisfying, satisfying works, quick korean, korean meal"
R01785,P0255,Viet Nam,Kimchi,Korean Brand T,3,"It tastes good, but one pack is not enough for a full meal.",portion_size,neutral,5,General product experience,"tastes good, tastes, good, saves time, saves, time, time tastes, like saves"
R01786,P0255,Viet Nam,Kimchi,Korean Brand T,3,"The taste is fine, but it feels expensive compared with local alternatives.",price_sensitivity,neutral,3,Price sensitivity,"size, price, product good, portion, quite high, quite, price feels, high"
R01787,P0256,Viet Nam,Kimchi,Private Label N,2,The label information could be clearer and easier to read.,packaging_issue,negative,4,Halal trust and certification,"clear halal, clear, halal, looks, halal information, looks good, good clear, product looks"
R01788,P0256,Viet Nam,Kimchi,Private Label N,4,The packaging could be improved because it was slightly damaged when delivered.,packaging_issue,positive,3,Price sensitivity,"size, price, product good, portion, quite high, quite, price feels, high"
R01789,P0256,Viet Nam,Kimchi,Private Label N,3,"The product is good, but the packaging does not feel very strong.",packaging_issue,neutral,3,Price sensitivity,"size, price, product good, portion, quite high, quite, price feels, high"
R01790,P0256,Viet Nam,Kimchi,Private Label N,2,"The taste is nice, but I wish it had less sodium.",health_concern,negative,6,Spiciness and taste localization,"level, wish, wish milder, spice, spice level, milder version, version spice, milder"
R01791,P0256,Viet Nam,Kimchi,Private Label N,2,I wish there was a milder version because the spice level is too strong.,too_spicy,negative,6,Spiciness and taste localization,"level, wish, wish milder, spice, spice level, milder version, version spice, milder"
R01792,P0256,Viet Nam,Kimchi,Private Label N,3,"The taste is nice, but I wish it had less sodium.",health_concern,neutral,6,Spiciness and taste localization,"level, wish, wish milder, spice, spice level, milder version, version spice, milder"
R01793,P0256,Viet Nam,Kimchi,Private Label N,3,The packaging could be improved because it was slightly damaged when delivered.,packaging_issue,neutral,3,Price sensitivity,"size, price, product good, portion, quite high, quite, price feels, high"
R01794,P0257,Viet Nam,Gochujang sauce,Korean Brand F,5,I like that it saves time and still tastes good.,convenience_positive,positive,5,General product experience,"tastes good, tastes, good, saves time, saves, time, time tastes, like saves"
R01795,P0257,Viet Nam,Gochujang sauce,Korean Brand F,4,The flavor tastes authentic and reminds me of Korean restaurant food.,taste_authenticity_positive,positive,0,Taste authenticity,"reminds, restaurant food, tastes authentic, restaurant, reminds korean, authentic reminds, korean restaurant, flavor tastes"
R01796,P0257,Viet Nam,Gochujang sauce,Korean Brand F,3,"The taste is nice, but I wish it had less sodium.",health_concern,neutral,6,Spiciness and taste localization,"level, wish, wish milder, spice, spice level, milder version, version spice, milder"
R01797,P0257,Viet Nam,Gochujang sauce,Korean Brand F,5,The taste is very satisfying and works well for a quick Korean meal at home.,taste_authenticity_positive,positive,1,Convenience and quick meal,"quick, works, works quick, satisfying, taste satisfying, satisfying works, quick korean, korean meal"
R01798,P0257,Viet Nam,Gochujang sauce,Korean Brand F,3,"The flavor is good, but it is too spicy for my family.",too_spicy,neutral,5,General product experience,"tastes good, tastes, good, saves time, saves, time, time tastes, like saves"
R01799,P0257,Viet Nam,Gochujang sauce,Korean Brand F,4,"Good flavor, but it feels a bit heavy for frequent consumption.",health_concern,positive,3,Price sensitivity,"size, price, product good, portion, quite high, quite, price feels, high"
R01800,P0257,Viet Nam,Gochujang sauce,Korean Brand F,4,"The flavor is good, but it is too spicy for my family.",too_spicy,positive,5,General product experience,"tastes good, tastes, good, saves time, saves, time, time tastes, like saves"
R01801,P0257,Viet Nam,Gochujang sauce,Korean Brand F,3,"The product is good, but the packaging does not feel very strong.",packaging_issue,neutral,3,Price sensitivity,"size, price, product good, portion, quite high, quite, price feels, high"
R01802,P0257,Viet Nam,Gochujang sauce,Korean Brand F,4,The taste is very satisfying and works well for a quick Korean meal at home.,taste_authenticity_positive,positive,1,Convenience and quick meal,"quick, works, works quick, satisfying, taste satisfying, satisfying works, quick korean, korean meal"
R01803,P0258,Viet Nam,Gochujang sauce,Korean Brand H,3,I wish there was a milder version because the spice level is too strong.,too_spicy,neutral,6,Spiciness and taste localization,"level, wish, wish milder, spice, spice level, milder version, version spice, milder"
R01804,P0258,Viet Nam,Gochujang sauce,Korean Brand H,4,Clear halal labeling would make me more confident to purchase.,halal_concern,positive,4,Halal trust and certification,"clear halal, clear, halal, looks, halal information, looks good, good clear, product looks"
R01805,P0258,Viet Nam,Gochujang sauce,Korean Brand H,4,"The flavor is good, but it is too spicy for my family.",too_spicy,positive,5,General product experience,"tastes good, tastes, good, saves time, saves, time, time tastes, like saves"
R01806,P0258,Viet Nam,Gochujang sauce,Korean Brand H,4,"The product tastes nice, but the heat level may be difficult for beginners.",too_spicy,positive,6,Spiciness and taste localization,"level, wish, wish milder, spice, spice level, milder version, version spice, milder"
R01807,P0258,Viet Nam,Gochujang sauce,Korean Brand H,4,"The product is good, but the price feels quite high for the portion size.",price_sensitivity,positive,3,Price sensitivity,"size, price, product good, portion, quite high, quite, price feels, high"
R01808,P0258,Viet Nam,Gochujang sauce,Korean Brand H,2,I would prefer a healthier version with cleaner ingredients.,health_concern,negative,6,Spiciness and taste localization,"level, wish, wish milder, spice, spice level, milder version, version spice, milder"
R01809,P0258,Viet Nam,Gochujang sauce,Korean Brand H,4,"The taste is nice, but I wish it had less sodium.",health_concern,positive,6,Spiciness and taste localization,"level, wish, wish milder, spice, spice level, milder version, version spice, milder"
R01810,P0258,Viet Nam,Gochujang sauce,Korean Brand H,4,I like that it saves time and still tastes good.,convenience_positive,positive,5,General product experience,"tastes good, tastes, good, saves time, saves, time, time tastes, like saves"
R01811,P0258,Viet Nam,Gochujang sauce,Korean Brand H,5,Very convenient for a quick meal after work.,convenience_positive,positive,1,Convenience and quick meal,"quick, works, works quick, satisfying, taste satisfying, satisfying works, quick korean, korean meal"
R01812,P0259,Viet Nam,Gochujang sauce,Japanese Brand T,2,"Good flavor, but it feels a bit heavy for frequent consumption.",health_concern,negative,3,Price sensitivity,"size, price, product good, portion, quite high, quite, price feels, high"
R01813,P0259,Viet Nam,Gochujang sauce,Japanese Brand T,3,The portion is smaller than expected.,portion_size,neutral,3,Price sensitivity,"size, price, product good, portion, quite high, quite, price feels, high"
R01814,P0259,Viet Nam,Gochujang sauce,Japanese Brand T,3,"The taste is nice, but I wish it had less sodium.",health_concern,neutral,6,Spiciness and taste localization,"level, wish, wish milder, spice, spice level, milder version, version spice, milder"
R01815,P0259,Viet Nam,Gochujang sauce,Japanese Brand T,4,I wish there was a milder version because the spice level is too strong.,too_spicy,positive,6,Spiciness and taste localization,"level, wish, wish milder, spice, spice level, milder version, version spice, milder"
R01816,P0260,Viet Nam,Gochujang sauce,Premium Import Brand M,4,The taste is very satisfying and works well for a quick Korean meal at home.,taste_authenticity_positive,positive,1,Convenience and quick meal,"quick, works, works quick, satisfying, taste satisfying, satisfying works, quick korean, korean meal"
R01817,P0260,Viet Nam,Gochujang sauce,Premium Import Brand M,5,I like the rich seasoning and it feels close to real Korean-style food.,taste_authenticity_positive,positive,2,Taste authenticity,"real korean, style food, style, rich seasoning, rich, seasoning feels, real, seasoning"
R01818,P0260,Viet Nam,Gochujang sauce,Premium Import Brand M,3,"Good flavor, but it feels a bit heavy for frequent consumption.",health_concern,neutral,3,Price sensitivity,"size, price, product good, portion, quite high, quite, price feels, high"
R01819,P0260,Viet Nam,Gochujang sauce,Premium Import Brand M,4,I like that it saves time and still tastes good.,convenience_positive,positive,5,General product experience,"tastes good, tastes, good, saves time, saves, time, time tastes, like saves"
R01820,P0260,Viet Nam,Gochujang sauce,Premium Import Brand M,3,"The taste is fine, but it feels expensive compared with local alternatives.",price_sensitivity,neutral,3,Price sensitivity,"size, price, product good, portion, quite high, quite, price feels, high"
R01821,P0260,Viet Nam,Gochujang sauce,Premium Import Brand M,2,"I like it, but I would only buy again if there is a discount.",price_sensitivity,negative,7,Halal trust and certification,"buy, like buy, discount, buy discount, like, certification, halal certification, clearly shown"
R01822,P0260,Viet Nam,Gochujang sauce,Premium Import Brand M,3,"The product is good, but the packaging does not feel very strong.",packaging_issue,neutral,3,Price sensitivity,"size, price, product good, portion, quite high, quite, price feels, high"
R01823,P0261,Viet Nam,Gochujang sauce,Local Brand S,2,"I like it, but I would only buy again if there is a discount.",price_sensitivity,negative,7,Halal trust and certification,"buy, like buy, discount, buy discount, like, certification, halal certification, clearly shown"
R01824,P0261,Viet Nam,Gochujang sauce,Local Brand S,2,"The product is good, but the packaging does not feel very strong.",packaging_issue,negative,3,Price sensitivity,"size, price, product good, portion, quite high, quite, price feels, high"
R01825,P0261,Viet Nam,Gochujang sauce,Local Brand S,5,Easy to prepare and good for busy weekdays.,convenience_positive,positive,5,General product experience,"tastes good, tastes, good, saves time, saves, time, time tastes, like saves"
R01826,P0261,Viet Nam,Gochujang sauce,Local Brand S,5,I like the rich seasoning and it feels close to real Korean-style food.,taste_authenticity_positive,positive,2,Taste authenticity,"real korean, style food, style, rich seasoning, rich, seasoning feels, real, seasoning"
R01827,P0261,Viet Nam,Gochujang sauce,Local Brand S,2,"The product is good, but the price feels quite high for the portion size.",price_sensitivity,negative,3,Price sensitivity,"size, price, product good, portion, quite high, quite, price feels, high"
R01828,P0262,Viet Nam,Gochujang sauce,Premium Import Brand E,2,I wish there was a milder version because the spice level is too strong.,too_spicy,negative,6,Spiciness and taste localization,"level, wish, wish milder, spice, spice level, milder version, version spice, milder"
R01829,P0262,Viet Nam,Gochujang sauce,Premium Import Brand E,5,I like the rich seasoning and it feels close to real Korean-style food.,taste_authenticity_positive,positive,2,Taste authenticity,"real korean, style food, style, rich seasoning, rich, seasoning feels, real, seasoning"
R01830,P0262,Viet Nam,Gochujang sauce,Premium Import Brand E,2,"Good flavor, but it feels a bit heavy for frequent consumption.",health_concern,negative,3,Price sensitivity,"size, price, product good, portion, quite high, quite, price feels, high"
R01831,P0262,Viet Nam,Gochujang sauce,Premium Import Brand E,4,Clear halal labeling would make me more confident to purchase.,halal_concern,positive,4,Halal trust and certification,"clear halal, clear, halal, looks, halal information, looks good, good clear, product looks"
R01832,P0262,Viet Nam,Gochujang sauce,Premium Import Brand E,3,"The taste is fine, but it feels expensive compared with local alternatives.",price_sensitivity,neutral,3,Price sensitivity,"size, price, product good, portion, quite high, quite, price feels, high"
R01833,P0262,Viet Nam,Gochujang sauce,Premium Import Brand E,4,Easy to prepare and good for busy weekdays.,convenience_positive,positive,5,General product experience,"tastes good, tastes, good, saves time, saves, time, time tastes, like saves"
R01834,P0262,Viet Nam,Gochujang sauce,Premium Import Brand E,2,"The product tastes nice, but the heat level may be difficult for beginners.",too_spicy,negative,6,Spiciness and taste localization,"level, wish, wish milder, spice, spice level, milder version, version spice, milder"
R01835,P0262,Viet Nam,Gochujang sauce,Premium Import Brand E,4,"The taste is nice, but I wish it had less sodium.",health_concern,positive,6,Spiciness and taste localization,"level, wish, wish milder, spice, spice level, milder version, version spice, milder"
R01836,P0262,Viet Nam,Gochujang sauce,Premium Import Brand E,2,I would buy this more often if the halal certification was clearly shown.,halal_concern,negative,7,Halal trust and certification,"buy, like buy, discount, buy discount, like, certification, halal certification, clearly shown"
R01837,P0263,Viet Nam,Gochujang sauce,Japanese Brand D,5,The taste is very satisfying and works well for a quick Korean meal at home.,taste_authenticity_positive,positive,1,Convenience and quick meal,"quick, works, works quick, satisfying, taste satisfying, satisfying works, quick korean, korean meal"
R01838,P0263,Viet Nam,Gochujang sauce,Japanese Brand D,5,The taste is very satisfying and works well for a quick Korean meal at home.,taste_authenticity_positive,positive,1,Convenience and quick meal,"quick, works, works quick, satisfying, taste satisfying, satisfying works, quick korean, korean meal"
R01839,P0263,Viet Nam,Gochujang sauce,Japanese Brand D,4,I wish there was a milder version because the spice level is too strong.,too_spicy,positive,6,Spiciness and taste localization,"level, wish, wish milder, spice, spice level, milder version, version spice, milder"
R01840,P0263,Viet Nam,Gochujang sauce,Japanese Brand D,5,The taste is very satisfying and works well for a quick Korean meal at home.,taste_authenticity_positive,positive,1,Convenience and quick meal,"quick, works, works quick, satisfying, taste satisfying, satisfying works, quick korean, korean meal"
R01841,P0263,Viet Nam,Gochujang sauce,Japanese Brand D,5,The taste is very satisfying and works well for a quick Korean meal at home.,taste_authenticity_positive,positive,1,Convenience and quick meal,"quick, works, works quick, satisfying, taste satisfying, satisfying works, quick korean, korean meal"
R01842,P0263,Viet Nam,Gochujang sauce,Japanese Brand D,4,I like that it saves time and still tastes good.,convenience_positive,positive,5,General product experience,"tastes good, tastes, good, saves time, saves, time, time tastes, like saves"
R01843,P0263,Viet Nam,Gochujang sauce,Japanese Brand D,5,I like that it saves time and still tastes good.,convenience_positive,positive,5,General product experience,"tastes good, tastes, good, saves time, saves, time, time tastes, like saves"
R01844,P0264,Viet Nam,Gochujang sauce,Korean Brand Q,3,I wish there was a milder version because the spice level is too strong.,too_spicy,neutral,6,Spiciness and taste localization,"level, wish, wish milder, spice, spice level, milder version, version spice, milder"
R01845,P0264,Viet Nam,Gochujang sauce,Korean Brand Q,5,I like the rich seasoning and it feels close to real Korean-style food.,taste_authenticity_positive,positive,2,Taste authenticity,"real korean, style food, style, rich seasoning, rich, seasoning feels, real, seasoning"
R01846,P0264,Viet Nam,Gochujang sauce,Korean Brand Q,5,I like that it saves time and still tastes good.,convenience_positive,positive,5,General product experience,"tastes good, tastes, good, saves time, saves, time, time tastes, like saves"
R01847,P0264,Viet Nam,Gochujang sauce,Korean Brand Q,4,The flavor tastes authentic and reminds me of Korean restaurant food.,taste_authenticity_positive,positive,0,Taste authenticity,"reminds, restaurant food, tastes authentic, restaurant, reminds korean, authentic reminds, korean restaurant, flavor tastes"
R01848,P0264,Viet Nam,Gochujang sauce,Korean Brand Q,3,"I like it, but I would only buy again if there is a discount.",price_sensitivity,neutral,7,Halal trust and certification,"buy, like buy, discount, buy discount, like, certification, halal certification, clearly shown"
R01849,P0264,Viet Nam,Gochujang sauce,Korean Brand Q,3,"The flavor is good, but it is too spicy for my family.",too_spicy,neutral,5,General product experience,"tastes good, tastes, good, saves time, saves, time, time tastes, like saves"
R01850,P0264,Viet Nam,Gochujang sauce,Korean Brand Q,4,"It tastes good, but one pack is not enough for a full meal.",portion_size,positive,5,General product experience,"tastes good, tastes, good, saves time, saves, time, time tastes, like saves"
R01851,P0265,Viet Nam,Frozen mandu,Private Label Q,3,"The product looks good, but I could not find clear halal information.",halal_concern,neutral,4,Halal trust and certification,"clear halal, clear, halal, looks, halal information, looks good, good clear, product looks"
R01852,P0265,Viet Nam,Frozen mandu,Private Label Q,5,The taste is very satisfying and works well for a quick Korean meal at home.,taste_authenticity_positive,positive,1,Convenience and quick meal,"quick, works, works quick, satisfying, taste satisfying, satisfying works, quick korean, korean meal"
R01853,P0265,Viet Nam,Frozen mandu,Private Label Q,4,"It tastes good, but one pack is not enough for a full meal.",portion_size,positive,5,General product experience,"tastes good, tastes, good, saves time, saves, time, time tastes, like saves"
R01854,P0265,Viet Nam,Frozen mandu,Private Label Q,4,"The product looks good, but I could not find clear halal information.",halal_concern,positive,4,Halal trust and certification,"clear halal, clear, halal, looks, halal information, looks good, good clear, product looks"
R01855,P0265,Viet Nam,Frozen mandu,Private Label Q,5,Easy to prepare and good for busy weekdays.,convenience_positive,positive,5,General product experience,"tastes good, tastes, good, saves time, saves, time, time tastes, like saves"
R01856,P0265,Viet Nam,Frozen mandu,Private Label Q,3,The serving size could be larger for the price.,portion_size,neutral,3,Price sensitivity,"size, price, product good, portion, quite high, quite, price feels, high"
R01857,P0265,Viet Nam,Frozen mandu,Private Label Q,4,"Good flavor, but it feels a bit heavy for frequent consumption.",health_concern,positive,3,Price sensitivity,"size, price, product good, portion, quite high, quite, price feels, high"
R01858,P0265,Viet Nam,Frozen mandu,Private Label Q,5,The taste is very satisfying and works well for a quick Korean meal at home.,taste_authenticity_positive,positive,1,Convenience and quick meal,"quick, works, works quick, satisfying, taste satisfying, satisfying works, quick korean, korean meal"
R01859,P0266,Viet Nam,Frozen mandu,Korean Brand H,3,"I like it, but I would only buy again if there is a discount.",price_sensitivity,neutral,7,Halal trust and certification,"buy, like buy, discount, buy discount, like, certification, halal certification, clearly shown"
R01860,P0266,Viet Nam,Frozen mandu,Korean Brand H,4,The flavor tastes authentic and reminds me of Korean restaurant food.,taste_authenticity_positive,positive,0,Taste authenticity,"reminds, restaurant food, tastes authentic, restaurant, reminds korean, authentic reminds, korean restaurant, flavor tastes"
R01861,P0266,Viet Nam,Frozen mandu,Korean Brand H,3,The portion is smaller than expected.,portion_size,neutral,3,Price sensitivity,"size, price, product good, portion, quite high, quite, price feels, high"
R01862,P0266,Viet Nam,Frozen mandu,Korean Brand H,3,"The taste is fine, but it feels expensive compared with local alternatives.",price_sensitivity,neutral,3,Price sensitivity,"size, price, product good, portion, quite high, quite, price feels, high"
R01863,P0266,Viet Nam,Frozen mandu,Korean Brand H,5,Very convenient for a quick meal after work.,convenience_positive,positive,1,Convenience and quick meal,"quick, works, works quick, satisfying, taste satisfying, satisfying works, quick korean, korean meal"
R01864,P0266,Viet Nam,Frozen mandu,Korean Brand H,2,"The flavor is good, but it is too spicy for my family.",too_spicy,negative,5,General product experience,"tastes good, tastes, good, saves time, saves, time, time tastes, like saves"
R01865,P0266,Viet Nam,Frozen mandu,Korean Brand H,4,"The taste is fine, but it feels expensive compared with local alternatives.",price_sensitivity,positive,3,Price sensitivity,"size, price, product good, portion, quite high, quite, price feels, high"
R01866,P0266,Viet Nam,Frozen mandu,Korean Brand H,5,I like the rich seasoning and it feels close to real Korean-style food.,taste_authenticity_positive,positive,2,Taste authenticity,"real korean, style food, style, rich seasoning, rich, seasoning feels, real, seasoning"
R01867,P0267,Viet Nam,Frozen mandu,Korean Brand Y,5,The taste is very satisfying and works well for a quick Korean meal at home.,taste_authenticity_positive,positive,1,Convenience and quick meal,"quick, works, works quick, satisfying, taste satisfying, satisfying works, quick korean, korean meal"
R01868,P0267,Viet Nam,Frozen mandu,Korean Brand Y,3,I wish there was a milder version because the spice level is too strong.,too_spicy,neutral,6,Spiciness and taste localization,"level, wish, wish milder, spice, spice level, milder version, version spice, milder"
R01869,P0267,Viet Nam,Frozen mandu,Korean Brand Y,5,I like that it saves time and still tastes good.,convenience_positive,positive,5,General product experience,"tastes good, tastes, good, saves time, saves, time, time tastes, like saves"
R01870,P0267,Viet Nam,Frozen mandu,Korean Brand Y,3,The portion is smaller than expected.,portion_size,neutral,3,Price sensitivity,"size, price, product good, portion, quite high, quite, price feels, high"
R01871,P0267,Viet Nam,Frozen mandu,Korean Brand Y,3,Clear halal labeling would make me more confident to purchase.,halal_concern,neutral,4,Halal trust and certification,"clear halal, clear, halal, looks, halal information, looks good, good clear, product looks"
R01872,P0267,Viet Nam,Frozen mandu,Korean Brand Y,5,The flavor tastes authentic and reminds me of Korean restaurant food.,taste_authenticity_positive,positive,0,Taste authenticity,"reminds, restaurant food, tastes authentic, restaurant, reminds korean, authentic reminds, korean restaurant, flavor tastes"
R01873,P0267,Viet Nam,Frozen mandu,Korean Brand Y,2,"The taste is fine, but it feels expensive compared with local alternatives.",price_sensitivity,negative,3,Price sensitivity,"size, price, product good, portion, quite high, quite, price feels, high"
R01874,P0267,Viet Nam,Frozen mandu,Korean Brand Y,3,I wish there was a milder version because the spice level is too strong.,too_spicy,neutral,6,Spiciness and taste localization,"level, wish, wish milder, spice, spice level, milder version, version spice, milder"
R01875,P0268,Viet Nam,Frozen mandu,Korean Brand Y,2,"It tastes good, but one pack is not enough for a full meal.",portion_size,negative,5,General product experience,"tastes good, tastes, good, saves time, saves, time, time tastes, like saves"
R01876,P0268,Viet Nam,Frozen mandu,Korean Brand Y,5,I like the rich seasoning and it feels close to real Korean-style food.,taste_authenticity_positive,positive,2,Taste authenticity,"real korean, style food, style, rich seasoning, rich, seasoning feels, real, seasoning"
R01877,P0268,Viet Nam,Frozen mandu,Korean Brand Y,3,I would prefer a healthier version with cleaner ingredients.,health_concern,neutral,6,Spiciness and taste localization,"level, wish, wish milder, spice, spice level, milder version, version spice, milder"
R01878,P0268,Viet Nam,Frozen mandu,Korean Brand Y,5,Easy to prepare and good for busy weekdays.,convenience_positive,positive,5,General product experience,"tastes good, tastes, good, saves time, saves, time, time tastes, like saves"
R01879,P0268,Viet Nam,Frozen mandu,Korean Brand Y,3,I wish there was a milder version because the spice level is too strong.,too_spicy,neutral,6,Spiciness and taste localization,"level, wish, wish milder, spice, spice level, milder version, version spice, milder"
R01880,P0268,Viet Nam,Frozen mandu,Korean Brand Y,4,The label information could be clearer and easier to read.,packaging_issue,positive,4,Halal trust and certification,"clear halal, clear, halal, looks, halal information, looks good, good clear, product looks"
R01881,P0268,Viet Nam,Frozen mandu,Korean Brand Y,3,"The flavor is good, but it is too spicy for my family.",too_spicy,neutral,5,General product experience,"tastes good, tastes, good, saves time, saves, time, time tastes, like saves"
R01882,P0268,Viet Nam,Frozen mandu,Korean Brand Y,4,The taste is very satisfying and works well for a quick Korean meal at home.,taste_authenticity_positive,positive,1,Convenience and quick meal,"quick, works, works quick, satisfying, taste satisfying, satisfying works, quick korean, korean meal"
R01883,P0268,Viet Nam,Frozen mandu,Korean Brand Y,5,The taste is very satisfying and works well for a quick Korean meal at home.,taste_authenticity_positive,positive,1,Convenience and quick meal,"quick, works, works quick, satisfying, taste satisfying, satisfying works, quick korean, korean meal"
R01884,P0269,Viet Nam,Frozen mandu,Local Brand A,5,I like that it saves time and still tastes good.,convenience_positive,positive,5,General product experience,"tastes good, tastes, good, saves time, saves, time, time tastes, like saves"
R01885,P0269,Viet Nam,Frozen mandu,Local Brand A,2,I would buy this more often if the halal certification was clearly shown.,halal_concern,negative,7,Halal trust and certification,"buy, like buy, discount, buy discount, like, certification, halal certification, clearly shown"
R01886,P0269,Viet Nam,Frozen mandu,Local Brand A,3,"It tastes good, but one pack is not enough for a full meal.",portion_size,neutral,5,General product experience,"tastes good, tastes, good, saves time, saves, time, time tastes, like saves"
R01887,P0269,Viet Nam,Frozen mandu,Local Brand A,5,The taste is very satisfying and works well for a quick Korean meal at home.,taste_authenticity_positive,positive,1,Convenience and quick meal,"quick, works, works quick, satisfying, taste satisfying, satisfying works, quick korean, korean meal"
R01888,P0269,Viet Nam,Frozen mandu,Local Brand A,4,The taste is very satisfying and works well for a quick Korean meal at home.,taste_authenticity_positive,positive,1,Convenience and quick meal,"quick, works, works quick, satisfying, taste satisfying, satisfying works, quick korean, korean meal"
R01889,P0269,Viet Nam,Frozen mandu,Local Brand A,3,The packaging could be improved because it was slightly damaged when delivered.,packaging_issue,neutral,3,Price sensitivity,"size, price, product good, portion, quite high, quite, price feels, high"
R01890,P0269,Viet Nam,Frozen mandu,Local Brand A,2,The label information could be clearer and easier to read.,packaging_issue,negative,4,Halal trust and certification,"clear halal, clear, halal, looks, halal information, looks good, good clear, product looks"
R01891,P0269,Viet Nam,Frozen mandu,Local Brand A,3,Clear halal labeling would make me more confident to purchase.,halal_concern,neutral,4,Halal trust and certification,"clear halal, clear, halal, looks, halal information, looks good, good clear, product looks"
R01892,P0269,Viet Nam,Frozen mandu,Local Brand A,4,"The taste is fine, but it feels expensive compared with local alternatives.",price_sensitivity,positive,3,Price sensitivity,"size, price, product good, portion, quite high, quite, price feels, high"
R01893,P0269,Viet Nam,Frozen mandu,Local Brand A,2,"The product looks good, but I could not find clear halal information.",halal_concern,negative,4,Halal trust and certification,"clear halal, clear, halal, looks, halal information, looks good, good clear, product looks"
R01894,P0270,Viet Nam,Frozen mandu,Private Label V,5,The taste is very satisfying and works well for a quick Korean meal at home.,taste_authenticity_positive,positive,1,Convenience and quick meal,"quick, works, works quick, satisfying, taste satisfying, satisfying works, quick korean, korean meal"
R01895,P0270,Viet Nam,Frozen mandu,Private Label V,3,"It tastes good, but one pack is not enough for a full meal.",portion_size,neutral,5,General product experience,"tastes good, tastes, good, saves time, saves, time, time tastes, like saves"
R01896,P0270,Viet Nam,Frozen mandu,Private Label V,5,I like that it saves time and still tastes good.,convenience_positive,positive,5,General product experience,"tastes good, tastes, good, saves time, saves, time, time tastes, like saves"
R01897,P0270,Viet Nam,Frozen mandu,Private Label V,2,"It tastes good, but one pack is not enough for a full meal.",portion_size,negative,5,General product experience,"tastes good, tastes, good, saves time, saves, time, time tastes, like saves"
R01898,P0270,Viet Nam,Frozen mandu,Private Label V,4,The flavor tastes authentic and reminds me of Korean restaurant food.,taste_authenticity_positive,positive,0,Taste authenticity,"reminds, restaurant food, tastes authentic, restaurant, reminds korean, authentic reminds, korean restaurant, flavor tastes"
R01899,P0271,Viet Nam,Frozen mandu,Private Label B,5,The taste is very satisfying and works well for a quick Korean meal at home.,taste_authenticity_positive,positive,1,Convenience and quick meal,"quick, works, works quick, satisfying, taste satisfying, satisfying works, quick korean, korean meal"
R01900,P0271,Viet Nam,Frozen mandu,Private Label B,3,"Good flavor, but it feels a bit heavy for frequent consumption.",health_concern,neutral,3,Price sensitivity,"size, price, product good, portion, quite high, quite, price feels, high"
R01901,P0271,Viet Nam,Frozen mandu,Private Label B,4,The portion is smaller than expected.,portion_size,positive,3,Price sensitivity,"size, price, product good, portion, quite high, quite, price feels, high"
R01902,P0271,Viet Nam,Frozen mandu,Private Label B,5,I like the rich seasoning and it feels close to real Korean-style food.,taste_authenticity_positive,positive,2,Taste authenticity,"real korean, style food, style, rich seasoning, rich, seasoning feels, real, seasoning"
R01903,P0271,Viet Nam,Frozen mandu,Private Label B,4,Very convenient for a quick meal after work.,convenience_positive,positive,1,Convenience and quick meal,"quick, works, works quick, satisfying, taste satisfying, satisfying works, quick korean, korean meal"
R01904,P0271,Viet Nam,Frozen mandu,Private Label B,2,"I like it, but I would only buy again if there is a discount.",price_sensitivity,negative,7,Halal trust and certification,"buy, like buy, discount, buy discount, like, certification, halal certification, clearly shown"
R01905,P0271,Viet Nam,Frozen mandu,Private Label B,3,The portion is smaller than expected.,portion_size,neutral,3,Price sensitivity,"size, price, product good, portion, quite high, quite, price feels, high"
R01906,P0271,Viet Nam,Frozen mandu,Private Label B,3,"The product tastes nice, but the heat level may be difficult for beginners.",too_spicy,neutral,6,Spiciness and taste localization,"level, wish, wish milder, spice, spice level, milder version, version spice, milder"
R01907,P0271,Viet Nam,Frozen mandu,Private Label B,3,I wish there was a milder version because the spice level is too strong.,too_spicy,neutral,6,Spiciness and taste localization,"level, wish, wish milder, spice, spice level, milder version, version spice, milder"
R01908,P0271,Viet Nam,Frozen mandu,Private Label B,5,The taste is very satisfying and works well for a quick Korean meal at home.,taste_authenticity_positive,positive,1,Convenience and quick meal,"quick, works, works quick, satisfying, taste satisfying, satisfying works, quick korean, korean meal"
R01909,P0272,Viet Nam,Frozen mandu,Local Brand D,2,The serving size could be larger for the price.,portion_size,negative,3,Price sensitivity,"size, price, product good, portion, quite high, quite, price feels, high"
R01910,P0272,Viet Nam,Frozen mandu,Local Brand D,4,The flavor tastes authentic and reminds me of Korean restaurant food.,taste_authenticity_positive,positive,0,Taste authenticity,"reminds, restaurant food, tastes authentic, restaurant, reminds korean, authentic reminds, korean restaurant, flavor tastes"
R01911,P0272,Viet Nam,Frozen mandu,Local Brand D,2,The serving size could be larger for the price.,portion_size,negative,3,Price sensitivity,"size, price, product good, portion, quite high, quite, price feels, high"
R01912,P0272,Viet Nam,Frozen mandu,Local Brand D,5,I like the rich seasoning and it feels close to real Korean-style food.,taste_authenticity_positive,positive,2,Taste authenticity,"real korean, style food, style, rich seasoning, rich, seasoning feels, real, seasoning"
R01913,P0272,Viet Nam,Frozen mandu,Local Brand D,5,The taste is very satisfying and works well for a quick Korean meal at home.,taste_authenticity_positive,positive,1,Convenience and quick meal,"quick, works, works quick, satisfying, taste satisfying, satisfying works, quick korean, korean meal"
R01914,P0272,Viet Nam,Frozen mandu,Local Brand D,3,I would buy this more often if the halal certification was clearly shown.,halal_concern,neutral,7,Halal trust and certification,"buy, like buy, discount, buy discount, like, certification, halal certification, clearly shown"
R01915,P0272,Viet Nam,Frozen mandu,Local Brand D,4,The flavor tastes authentic and reminds me of Korean restaurant food.,taste_authenticity_positive,positive,0,Taste authenticity,"reminds, restaurant food, tastes authentic, restaurant, reminds korean, authentic reminds, korean restaurant, flavor tastes"
R01916,P0272,Viet Nam,Frozen mandu,Local Brand D,3,"The product is good, but the packaging does not feel very strong.",packaging_issue,neutral,3,Price sensitivity,"size, price, product good, portion, quite high, quite, price feels, high"
R01917,P0272,Viet Nam,Frozen mandu,Local Brand D,4,I would buy this more often if the halal certification was clearly shown.,halal_concern,positive,7,Halal trust and certification,"buy, like buy, discount, buy discount, like, certification, halal certification, clearly shown"
R01918,P0273,Viet Nam,Ready meal,Local Brand E,2,Clear halal labeling would make me more confident to purchase.,halal_concern,negative,4,Halal trust and certification,"clear halal, clear, halal, looks, halal information, looks good, good clear, product looks"
R01919,P0273,Viet Nam,Ready meal,Local Brand E,4,Easy to prepare and good for busy weekdays.,convenience_positive,positive,5,General product experience,"tastes good, tastes, good, saves time, saves, time, time tastes, like saves"
R01920,P0273,Viet Nam,Ready meal,Local Brand E,3,I would prefer a healthier version with cleaner ingredients.,health_concern,neutral,6,Spiciness and taste localization,"level, wish, wish milder, spice, spice level, milder version, version spice, milder"
R01921,P0273,Viet Nam,Ready meal,Local Brand E,5,I like the rich seasoning and it feels close to real Korean-style food.,taste_authenticity_positive,positive,2,Taste authenticity,"real korean, style food, style, rich seasoning, rich, seasoning feels, real, seasoning"
R01922,P0273,Viet Nam,Ready meal,Local Brand E,3,"It tastes good, but one pack is not enough for a full meal.",portion_size,neutral,5,General product experience,"tastes good, tastes, good, saves time, saves, time, time tastes, like saves"
R01923,P0273,Viet Nam,Ready meal,Local Brand E,5,Easy to prepare and good for busy weekdays.,convenience_positive,positive,5,General product experience,"tastes good, tastes, good, saves time, saves, time, time tastes, like saves"
R01924,P0274,Viet Nam,Ready meal,Korean Brand P,3,"The taste is fine, but it feels expensive compared with local alternatives.",price_sensitivity,neutral,3,Price sensitivity,"size, price, product good, portion, quite high, quite, price feels, high"
R01925,P0274,Viet Nam,Ready meal,Korean Brand P,5,I like the rich seasoning and it feels close to real Korean-style food.,taste_authenticity_positive,positive,2,Taste authenticity,"real korean, style food, style, rich seasoning, rich, seasoning feels, real, seasoning"
R01926,P0274,Viet Nam,Ready meal,Korean Brand P,5,I like the rich seasoning and it feels close to real Korean-style food.,taste_authenticity_positive,positive,2,Taste authenticity,"real korean, style food, style, rich seasoning, rich, seasoning feels, real, seasoning"
R01927,P0274,Viet Nam,Ready meal,Korean Brand P,4,"The product is good, but the price feels quite high for the portion size.",price_sensitivity,positive,3,Price sensitivity,"size, price, product good, portion, quite high, quite, price feels, high"
R01928,P0274,Viet Nam,Ready meal,Korean Brand P,4,Easy to prepare and good for busy weekdays.,convenience_positive,positive,5,General product experience,"tastes good, tastes, good, saves time, saves, time, time tastes, like saves"
R01929,P0274,Viet Nam,Ready meal,Korean Brand P,3,"The product is good, but the price feels quite high for the portion size.",price_sensitivity,neutral,3,Price sensitivity,"size, price, product good, portion, quite high, quite, price feels, high"
R01930,P0275,Viet Nam,Ready meal,Local Brand T,5,I like that it saves time and still tastes good.,convenience_positive,positive,5,General product experience,"tastes good, tastes, good, saves time, saves, time, time tastes, like saves"
R01931,P0275,Viet Nam,Ready meal,Local Brand T,4,"The taste is fine, but it feels expensive compared with local alternatives.",price_sensitivity,positive,3,Price sensitivity,"size, price, product good, portion, quite high, quite, price feels, high"
R01932,P0275,Viet Nam,Ready meal,Local Brand T,2,"The taste is fine, but it feels expensive compared with local alternatives.",price_sensitivity,negative,3,Price sensitivity,"size, price, product good, portion, quite high, quite, price feels, high"
R01933,P0275,Viet Nam,Ready meal,Local Brand T,5,The taste is very satisfying and works well for a quick Korean meal at home.,taste_authenticity_positive,positive,1,Convenience and quick meal,"quick, works, works quick, satisfying, taste satisfying, satisfying works, quick korean, korean meal"
R01934,P0276,Viet Nam,Ready meal,Private Label M,5,Very convenient for a quick meal after work.,convenience_positive,positive,1,Convenience and quick meal,"quick, works, works quick, satisfying, taste satisfying, satisfying works, quick korean, korean meal"
R01935,P0276,Viet Nam,Ready meal,Private Label M,4,"The product is good, but the packaging does not feel very strong.",packaging_issue,positive,3,Price sensitivity,"size, price, product good, portion, quite high, quite, price feels, high"
R01936,P0276,Viet Nam,Ready meal,Private Label M,2,The packaging could be improved because it was slightly damaged when delivered.,packaging_issue,negative,3,Price sensitivity,"size, price, product good, portion, quite high, quite, price feels, high"
R01937,P0276,Viet Nam,Ready meal,Private Label M,4,"The taste is fine, but it feels expensive compared with local alternatives.",price_sensitivity,positive,3,Price sensitivity,"size, price, product good, portion, quite high, quite, price feels, high"
R01938,P0276,Viet Nam,Ready meal,Private Label M,3,I would buy this more often if the halal certification was clearly shown.,halal_concern,neutral,7,Halal trust and certification,"buy, like buy, discount, buy discount, like, certification, halal certification, clearly shown"
R01939,P0277,Viet Nam,Ready meal,Korean Brand Z,3,"The taste is fine, but it feels expensive compared with local alternatives.",price_sensitivity,neutral,3,Price sensitivity,"size, price, product good, portion, quite high, quite, price feels, high"
R01940,P0277,Viet Nam,Ready meal,Korean Brand Z,2,I wish there was a milder version because the spice level is too strong.,too_spicy,negative,6,Spiciness and taste localization,"level, wish, wish milder, spice, spice level, milder version, version spice, milder"
R01941,P0277,Viet Nam,Ready meal,Korean Brand Z,3,Clear halal labeling would make me more confident to purchase.,halal_concern,neutral,4,Halal trust and certification,"clear halal, clear, halal, looks, halal information, looks good, good clear, product looks"
R01942,P0277,Viet Nam,Ready meal,Korean Brand Z,2,"I like it, but I would only buy again if there is a discount.",price_sensitivity,negative,7,Halal trust and certification,"buy, like buy, discount, buy discount, like, certification, halal certification, clearly shown"
R01943,P0277,Viet Nam,Ready meal,Korean Brand Z,4,I like the rich seasoning and it feels close to real Korean-style food.,taste_authenticity_positive,positive,2,Taste authenticity,"real korean, style food, style, rich seasoning, rich, seasoning feels, real, seasoning"
R01944,P0277,Viet Nam,Ready meal,Korean Brand Z,5,The flavor tastes authentic and reminds me of Korean restaurant food.,taste_authenticity_positive,positive,0,Taste authenticity,"reminds, restaurant food, tastes authentic, restaurant, reminds korean, authentic reminds, korean restaurant, flavor tastes"
R01945,P0278,Viet Nam,Ready meal,Korean Brand W,4,The flavor tastes authentic and reminds me of Korean restaurant food.,taste_authenticity_positive,positive,0,Taste authenticity,"reminds, restaurant food, tastes authentic, restaurant, reminds korean, authentic reminds, korean restaurant, flavor tastes"
R01946,P0278,Viet Nam,Ready meal,Korean Brand W,5,The flavor tastes authentic and reminds me of Korean restaurant food.,taste_authenticity_positive,positive,0,Taste authenticity,"reminds, restaurant food, tastes authentic, restaurant, reminds korean, authentic reminds, korean restaurant, flavor tastes"
R01947,P0278,Viet Nam,Ready meal,Korean Brand W,3,The portion is smaller than expected.,portion_size,neutral,3,Price sensitivity,"size, price, product good, portion, quite high, quite, price feels, high"
R01948,P0278,Viet Nam,Ready meal,Korean Brand W,4,"The product looks good, but I could not find clear halal information.",halal_concern,positive,4,Halal trust and certification,"clear halal, clear, halal, looks, halal information, looks good, good clear, product looks"
R01949,P0278,Viet Nam,Ready meal,Korean Brand W,2,I wish there was a milder version because the spice level is too strong.,too_spicy,negative,6,Spiciness and taste localization,"level, wish, wish milder, spice, spice level, milder version, version spice, milder"
R01950,P0278,Viet Nam,Ready meal,Korean Brand W,4,I like that it saves time and still tastes good.,convenience_positive,positive,5,General product experience,"tastes good, tastes, good, saves time, saves, time, time tastes, like saves"
R01951,P0278,Viet Nam,Ready meal,Korean Brand W,4,I would prefer a healthier version with cleaner ingredients.,health_concern,positive,6,Spiciness and taste localization,"level, wish, wish milder, spice, spice level, milder version, version spice, milder"
R01952,P0278,Viet Nam,Ready meal,Korean Brand W,4,The portion is smaller than expected.,portion_size,positive,3,Price sensitivity,"size, price, product good, portion, quite high, quite, price feels, high"
R01953,P0278,Viet Nam,Ready meal,Korean Brand W,4,I like the rich seasoning and it feels close to real Korean-style food.,taste_authenticity_positive,positive,2,Taste authenticity,"real korean, style food, style, rich seasoning, rich, seasoning feels, real, seasoning"
R01954,P0278,Viet Nam,Ready meal,Korean Brand W,3,Clear halal labeling would make me more confident to purchase.,halal_concern,neutral,4,Halal trust and certification,"clear halal, clear, halal, looks, halal information, looks good, good clear, product looks"
R01955,P0279,Viet Nam,Ready meal,Premium Import Brand E,3,I would buy this more often if the halal certification was clearly shown.,halal_concern,neutral,7,Halal trust and certification,"buy, like buy, discount, buy discount, like, certification, halal certification, clearly shown"
R01956,P0279,Viet Nam,Ready meal,Premium Import Brand E,5,Very convenient for a quick meal after work.,convenience_positive,positive,1,Convenience and quick meal,"quick, works, works quick, satisfying, taste satisfying, satisfying works, quick korean, korean meal"
R01957,P0279,Viet Nam,Ready meal,Premium Import Brand E,5,Easy to prepare and good for busy weekdays.,convenience_positive,positive,5,General product experience,"tastes good, tastes, good, saves time, saves, time, time tastes, like saves"
R01958,P0279,Viet Nam,Ready meal,Premium Import Brand E,4,"The product is good, but the packaging does not feel very strong.",packaging_issue,positive,3,Price sensitivity,"size, price, product good, portion, quite high, quite, price feels, high"
R01959,P0280,Viet Nam,Ready meal,Korean Brand B,5,I like that it saves time and still tastes good.,convenience_positive,positive,5,General product experience,"tastes good, tastes, good, saves time, saves, time, time tastes, like saves"
R01960,P0280,Viet Nam,Ready meal,Korean Brand B,5,Very convenient for a quick meal after work.,convenience_positive,positive,1,Convenience and quick meal,"quick, works, works quick, satisfying, taste satisfying, satisfying works, quick korean, korean meal"
R01961,P0280,Viet Nam,Ready meal,Korean Brand B,3,I wish there was a milder version because the spice level is too strong.,too_spicy,neutral,6,Spiciness and taste localization,"level, wish, wish milder, spice, spice level, milder version, version spice, milder"
R01962,P0280,Viet Nam,Ready meal,Korean Brand B,5,I like that it saves time and still tastes good.,convenience_positive,positive,5,General product experience,"tastes good, tastes, good, saves time, saves, time, time tastes, like saves"
R01963,P0280,Viet Nam,Ready meal,Korean Brand B,3,"The taste is nice, but I wish it had less sodium.",health_concern,neutral,6,Spiciness and taste localization,"level, wish, wish milder, spice, spice level, milder version, version spice, milder"
R01964,P0280,Viet Nam,Ready meal,Korean Brand B,5,The flavor tastes authentic and reminds me of Korean restaurant food.,taste_authenticity_positive,positive,0,Taste authenticity,"reminds, restaurant food, tastes authentic, restaurant, reminds korean, authentic reminds, korean restaurant, flavor tastes"
R01965,P0280,Viet Nam,Ready meal,Korean Brand B,3,I would prefer a healthier version with cleaner ingredients.,health_concern,neutral,6,Spiciness and taste localization,"level, wish, wish milder, spice, spice level, milder version, version spice, milder"
R01966,P0280,Viet Nam,Ready meal,Korean Brand B,5,Easy to prepare and good for busy weekdays.,convenience_positive,positive,5,General product experience,"tastes good, tastes, good, saves time, saves, time, time tastes, like saves"
R01967,P0280,Viet Nam,Ready meal,Korean Brand B,2,"The product is good, but the price feels quite high for the portion size.",price_sensitivity,negative,3,Price sensitivity,"size, price, product good, portion, quite high, quite, price feels, high"
R01968,P0280,Viet Nam,Ready meal,Korean Brand B,3,I would buy this more often if the halal certification was clearly shown.,halal_concern,neutral,7,Halal trust and certification,"buy, like buy, discount, buy discount, like, certification, halal certification, clearly shown"
R01969,P0281,Viet Nam,Seaweed snack,Local Brand R,2,Clear halal labeling would make me more confident to purchase.,halal_concern,negative,4,Halal trust and certification,"clear halal, clear, halal, looks, halal information, looks good, good clear, product looks"
R01970,P0281,Viet Nam,Seaweed snack,Local Brand R,2,The packaging could be improved because it was slightly damaged when delivered.,packaging_issue,negative,3,Price sensitivity,"size, price, product good, portion, quite high, quite, price feels, high"
R01971,P0281,Viet Nam,Seaweed snack,Local Brand R,3,"It tastes good, but one pack is not enough for a full meal.",portion_size,neutral,5,General product experience,"tastes good, tastes, good, saves time, saves, time, time tastes, like saves"
R01972,P0281,Viet Nam,Seaweed snack,Local Brand R,5,The flavor tastes authentic and reminds me of Korean restaurant food.,taste_authenticity_positive,positive,0,Taste authenticity,"reminds, restaurant food, tastes authentic, restaurant, reminds korean, authentic reminds, korean restaurant, flavor tastes"
R01973,P0281,Viet Nam,Seaweed snack,Local Brand R,4,The packaging could be improved because it was slightly damaged when delivered.,packaging_issue,positive,3,Price sensitivity,"size, price, product good, portion, quite high, quite, price feels, high"
R01974,P0281,Viet Nam,Seaweed snack,Local Brand R,5,I like that it saves time and still tastes good.,convenience_positive,positive,5,General product experience,"tastes good, tastes, good, saves time, saves, time, time tastes, like saves"
R01975,P0282,Viet Nam,Seaweed snack,Japanese Brand B,3,I wish there was a milder version because the spice level is too strong.,too_spicy,neutral,6,Spiciness and taste localization,"level, wish, wish milder, spice, spice level, milder version, version spice, milder"
R01976,P0282,Viet Nam,Seaweed snack,Japanese Brand B,3,"Good flavor, but it feels a bit heavy for frequent consumption.",health_concern,neutral,3,Price sensitivity,"size, price, product good, portion, quite high, quite, price feels, high"
R01977,P0282,Viet Nam,Seaweed snack,Japanese Brand B,3,"It tastes good, but one pack is not enough for a full meal.",portion_size,neutral,5,General product experience,"tastes good, tastes, good, saves time, saves, time, time tastes, like saves"
R01978,P0282,Viet Nam,Seaweed snack,Japanese Brand B,5,I like the rich seasoning and it feels close to real Korean-style food.,taste_authenticity_positive,positive,2,Taste authenticity,"real korean, style food, style, rich seasoning, rich, seasoning feels, real, seasoning"
R01979,P0282,Viet Nam,Seaweed snack,Japanese Brand B,3,"It tastes good, but one pack is not enough for a full meal.",portion_size,neutral,5,General product experience,"tastes good, tastes, good, saves time, saves, time, time tastes, like saves"
R01980,P0282,Viet Nam,Seaweed snack,Japanese Brand B,2,"I like it, but I would only buy again if there is a discount.",price_sensitivity,negative,7,Halal trust and certification,"buy, like buy, discount, buy discount, like, certification, halal certification, clearly shown"
R01981,P0282,Viet Nam,Seaweed snack,Japanese Brand B,5,I like the rich seasoning and it feels close to real Korean-style food.,taste_authenticity_positive,positive,2,Taste authenticity,"real korean, style food, style, rich seasoning, rich, seasoning feels, real, seasoning"
R01982,P0282,Viet Nam,Seaweed snack,Japanese Brand B,3,"The product is good, but the price feels quite high for the portion size.",price_sensitivity,neutral,3,Price sensitivity,"size, price, product good, portion, quite high, quite, price feels, high"
R01983,P0282,Viet Nam,Seaweed snack,Japanese Brand B,4,The flavor tastes authentic and reminds me of Korean restaurant food.,taste_authenticity_positive,positive,0,Taste authenticity,"reminds, restaurant food, tastes authentic, restaurant, reminds korean, authentic reminds, korean restaurant, flavor tastes"
R01984,P0283,Viet Nam,Seaweed snack,Korean Brand N,3,"The taste is fine, but it feels expensive compared with local alternatives.",price_sensitivity,neutral,3,Price sensitivity,"size, price, product good, portion, quite high, quite, price feels, high"
R01985,P0283,Viet Nam,Seaweed snack,Korean Brand N,2,"The product is good, but the price feels quite high for the portion size.",price_sensitivity,negative,3,Price sensitivity,"size, price, product good, portion, quite high, quite, price feels, high"
R01986,P0283,Viet Nam,Seaweed snack,Korean Brand N,5,The taste is very satisfying and works well for a quick Korean meal at home.,taste_authenticity_positive,positive,1,Convenience and quick meal,"quick, works, works quick, satisfying, taste satisfying, satisfying works, quick korean, korean meal"
R01987,P0283,Viet Nam,Seaweed snack,Korean Brand N,5,Easy to prepare and good for busy weekdays.,convenience_positive,positive,5,General product experience,"tastes good, tastes, good, saves time, saves, time, time tastes, like saves"
R01988,P0283,Viet Nam,Seaweed snack,Korean Brand N,2,The packaging could be improved because it was slightly damaged when delivered.,packaging_issue,negative,3,Price sensitivity,"size, price, product good, portion, quite high, quite, price feels, high"
R01989,P0283,Viet Nam,Seaweed snack,Korean Brand N,3,"The product is good, but the packaging does not feel very strong.",packaging_issue,neutral,3,Price sensitivity,"size, price, product good, portion, quite high, quite, price feels, high"
R01990,P0284,Viet Nam,Seaweed snack,Private Label R,2,"The taste is fine, but it feels expensive compared with local alternatives.",price_sensitivity,negative,3,Price sensitivity,"size, price, product good, portion, quite high, quite, price feels, high"
R01991,P0284,Viet Nam,Seaweed snack,Private Label R,4,"The flavor is good, but it is too spicy for my family.",too_spicy,positive,5,General product experience,"tastes good, tastes, good, saves time, saves, time, time tastes, like saves"
R01992,P0284,Viet Nam,Seaweed snack,Private Label R,3,The packaging could be improved because it was slightly damaged when delivered.,packaging_issue,neutral,3,Price sensitivity,"size, price, product good, portion, quite high, quite, price feels, high"
R01993,P0284,Viet Nam,Seaweed snack,Private Label R,5,The taste is very satisfying and works well for a quick Korean meal at home.,taste_authenticity_positive,positive,1,Convenience and quick meal,"quick, works, works quick, satisfying, taste satisfying, satisfying works, quick korean, korean meal"
R01994,P0284,Viet Nam,Seaweed snack,Private Label R,5,The flavor tastes authentic and reminds me of Korean restaurant food.,taste_authenticity_positive,positive,0,Taste authenticity,"reminds, restaurant food, tastes authentic, restaurant, reminds korean, authentic reminds, korean restaurant, flavor tastes"
R01995,P0284,Viet Nam,Seaweed snack,Private Label R,4,"Good flavor, but it feels a bit heavy for frequent consumption.",health_concern,positive,3,Price sensitivity,"size, price, product good, portion, quite high, quite, price feels, high"
R01996,P0284,Viet Nam,Seaweed snack,Private Label R,3,The serving size could be larger for the price.,portion_size,neutral,3,Price sensitivity,"size, price, product good, portion, quite high, quite, price feels, high"
R01997,P0284,Viet Nam,Seaweed snack,Private Label R,3,"The taste is nice, but I wish it had less sodium.",health_concern,neutral,6,Spiciness and taste localization,"level, wish, wish milder, spice, spice level, milder version, version spice, milder"
R01998,P0284,Viet Nam,Seaweed snack,Private Label R,5,The flavor tastes authentic and reminds me of Korean restaurant food.,taste_authenticity_positive,positive,0,Taste authenticity,"reminds, restaurant food, tastes authentic, restaurant, reminds korean, authentic reminds, korean restaurant, flavor tastes"
R01999,P0284,Viet Nam,Seaweed snack,Private Label R,3,"The product tastes nice, but the heat level may be difficult for beginners.",too_spicy,neutral,6,Spiciness and taste localization,"level, wish, wish milder, spice, spice level, milder version, version spice, milder"
R02000,P0285,Viet Nam,Seaweed snack,Korean Brand C,4,I wish there was a milder version because the spice level is too strong.,too_spicy,positive,6,Spiciness and taste localization,"level, wish, wish milder, spice, spice level, milder version, version spice, milder"
R02001,P0285,Viet Nam,Seaweed snack,Korean Brand C,3,"The product is good, but the packaging does not feel very strong.",packaging_issue,neutral,3,Price sensitivity,"size, price, product good, portion, quite high, quite, price feels, high"
R02002,P0285,Viet Nam,Seaweed snack,Korean Brand C,5,The flavor tastes authentic and reminds me of Korean restaurant food.,taste_authenticity_positive,positive,0,Taste authenticity,"reminds, restaurant food, tastes authentic, restaurant, reminds korean, authentic reminds, korean restaurant, flavor tastes"
R02003,P0285,Viet Nam,Seaweed snack,Korean Brand C,2,The packaging could be improved because it was slightly damaged when delivered.,packaging_issue,negative,3,Price sensitivity,"size, price, product good, portion, quite high, quite, price feels, high"
R02004,P0285,Viet Nam,Seaweed snack,Korean Brand C,3,"The product is good, but the packaging does not feel very strong.",packaging_issue,neutral,3,Price sensitivity,"size, price, product good, portion, quite high, quite, price feels, high"
R02005,P0285,Viet Nam,Seaweed snack,Korean Brand C,3,The serving size could be larger for the price.,portion_size,neutral,3,Price sensitivity,"size, price, product good, portion, quite high, quite, price feels, high"
R02006,P0285,Viet Nam,Seaweed snack,Korean Brand C,4,The label information could be clearer and easier to read.,packaging_issue,positive,4,Halal trust and certification,"clear halal, clear, halal, looks, halal information, looks good, good clear, product looks"
R02007,P0285,Viet Nam,Seaweed snack,Korean Brand C,4,I like the rich seasoning and it feels close to real Korean-style food.,taste_authenticity_positive,positive,2,Taste authenticity,"real korean, style food, style, rich seasoning, rich, seasoning feels, real, seasoning"
R02008,P0286,Viet Nam,Seaweed snack,Korean Brand T,2,The portion is smaller than expected.,portion_size,negative,3,Price sensitivity,"size, price, product good, portion, quite high, quite, price feels, high"
R02009,P0286,Viet Nam,Seaweed snack,Korean Brand T,3,"The flavor is good, but it is too spicy for my family.",too_spicy,neutral,5,General product experience,"tastes good, tastes, good, saves time, saves, time, time tastes, like saves"
R02010,P0286,Viet Nam,Seaweed snack,Korean Brand T,3,The packaging could be improved because it was slightly damaged when delivered.,packaging_issue,neutral,3,Price sensitivity,"size, price, product good, portion, quite high, quite, price feels, high"
R02011,P0286,Viet Nam,Seaweed snack,Korean Brand T,3,"The product looks good, but I could not find clear halal information.",halal_concern,neutral,4,Halal trust and certification,"clear halal, clear, halal, looks, halal information, looks good, good clear, product looks"
R02012,P0286,Viet Nam,Seaweed snack,Korean Brand T,2,"It tastes good, but one pack is not enough for a full meal.",portion_size,negative,5,General product experience,"tastes good, tastes, good, saves time, saves, time, time tastes, like saves"
R02013,P0286,Viet Nam,Seaweed snack,Korean Brand T,4,"I like it, but I would only buy again if there is a discount.",price_sensitivity,positive,7,Halal trust and certification,"buy, like buy, discount, buy discount, like, certification, halal certification, clearly shown"
R02014,P0286,Viet Nam,Seaweed snack,Korean Brand T,4,The label information could be clearer and easier to read.,packaging_issue,positive,4,Halal trust and certification,"clear halal, clear, halal, looks, halal information, looks good, good clear, product looks"
R02015,P0286,Viet Nam,Seaweed snack,Korean Brand T,3,"The product tastes nice, but the heat level may be difficult for beginners.",too_spicy,neutral,6,Spiciness and taste localization,"level, wish, wish milder, spice, spice level, milder version, version spice, milder"
R02016,P0287,Viet Nam,Seaweed snack,Korean Brand K,3,"Good flavor, but it feels a bit heavy for frequent consumption.",health_concern,neutral,3,Price sensitivity,"size, price, product good, portion, quite high, quite, price feels, high"
R02017,P0287,Viet Nam,Seaweed snack,Korean Brand K,4,The serving size could be larger for the price.,portion_size,positive,3,Price sensitivity,"size, price, product good, portion, quite high, quite, price feels, high"
R02018,P0287,Viet Nam,Seaweed snack,Korean Brand K,4,"The product is good, but the packaging does not feel very strong.",packaging_issue,positive,3,Price sensitivity,"size, price, product good, portion, quite high, quite, price feels, high"
R02019,P0287,Viet Nam,Seaweed snack,Korean Brand K,3,"The product is good, but the packaging does not feel very strong.",packaging_issue,neutral,3,Price sensitivity,"size, price, product good, portion, quite high, quite, price feels, high"
R02020,P0287,Viet Nam,Seaweed snack,Korean Brand K,5,The taste is very satisfying and works well for a quick Korean meal at home.,taste_authenticity_positive,positive,1,Convenience and quick meal,"quick, works, works quick, satisfying, taste satisfying, satisfying works, quick korean, korean meal"
R02021,P0287,Viet Nam,Seaweed snack,Korean Brand K,3,"The product is good, but the price feels quite high for the portion size.",price_sensitivity,neutral,3,Price sensitivity,"size, price, product good, portion, quite high, quite, price feels, high"
R02022,P0287,Viet Nam,Seaweed snack,Korean Brand K,4,I like the rich seasoning and it feels close to real Korean-style food.,taste_authenticity_positive,positive,2,Taste authenticity,"real korean, style food, style, rich seasoning, rich, seasoning feels, real, seasoning"
R02023,P0287,Viet Nam,Seaweed snack,Korean Brand K,4,I like the rich seasoning and it feels close to real Korean-style food.,taste_authenticity_positive,positive,2,Taste authenticity,"real korean, style food, style, rich seasoning, rich, seasoning feels, real, seasoning"
R02024,P0287,Viet Nam,Seaweed snack,Korean Brand K,4,"I like it, but I would only buy again if there is a discount.",price_sensitivity,positive,7,Halal trust and certification,"buy, like buy, discount, buy discount, like, certification, halal certification, clearly shown"
R02025,P0287,Viet Nam,Seaweed snack,Korean Brand K,5,Very convenient for a quick meal after work.,convenience_positive,positive,1,Convenience and quick meal,"quick, works, works quick, satisfying, taste satisfying, satisfying works, quick korean, korean meal"
R02026,P0288,Viet Nam,Seaweed snack,Korean Brand B,4,The portion is smaller than expected.,portion_size,positive,3,Price sensitivity,"size, price, product good, portion, quite high, quite, price feels, high"
R02027,P0288,Viet Nam,Seaweed snack,Korean Brand B,2,"It tastes good, but one pack is not enough for a full meal.",portion_size,negative,5,General product experience,"tastes good, tastes, good, saves time, saves, time, time tastes, like saves"
R02028,P0288,Viet Nam,Seaweed snack,Korean Brand B,3,"The flavor is good, but it is too spicy for my family.",too_spicy,neutral,5,General product experience,"tastes good, tastes, good, saves time, saves, time, time tastes, like saves"
R02029,P0288,Viet Nam,Seaweed snack,Korean Brand B,5,The flavor tastes authentic and reminds me of Korean restaurant food.,taste_authenticity_positive,positive,0,Taste authenticity,"reminds, restaurant food, tastes authentic, restaurant, reminds korean, authentic reminds, korean restaurant, flavor tastes"
R02030,P0288,Viet Nam,Seaweed snack,Korean Brand B,4,Very convenient for a quick meal after work.,convenience_positive,positive,1,Convenience and quick meal,"quick, works, works quick, satisfying, taste satisfying, satisfying works, quick korean, korean meal"
R02031,P0288,Viet Nam,Seaweed snack,Korean Brand B,3,The label information could be clearer and easier to read.,packaging_issue,neutral,4,Halal trust and certification,"clear halal, clear, halal, looks, halal information, looks good, good clear, product looks"
R02032,P0288,Viet Nam,Seaweed snack,Korean Brand B,4,"The taste is nice, but I wish it had less sodium.",health_concern,positive,6,Spiciness and taste localization,"level, wish, wish milder, spice, spice level, milder version, version spice, milder"
R02033,P0288,Viet Nam,Seaweed snack,Korean Brand B,4,The portion is smaller than expected.,portion_size,positive,3,Price sensitivity,"size, price, product good, portion, quite high, quite, price feels, high"
R02034,P0288,Viet Nam,Seaweed snack,Korean Brand B,3,The serving size could be larger for the price.,portion_size,neutral,3,Price sensitivity,"size, price, product good, portion, quite high, quite, price feels, high"
R02035,P0288,Viet Nam,Seaweed snack,Korean Brand B,4,The flavor tastes authentic and reminds me of Korean restaurant food.,taste_authenticity_positive,positive,0,Taste authenticity,"reminds, restaurant food, tastes authentic, restaurant, reminds korean, authentic reminds, korean restaurant, flavor tastes"
R02036,P0289,United States,Korean ramen,Local Brand B,2,"The product tastes nice, but the heat level may be difficult for beginners.",too_spicy,negative,6,Spiciness and taste localization,"level, wish, wish milder, spice, spice level, milder version, version spice, milder"
R02037,P0289,United States,Korean ramen,Local Brand B,2,The label information could be clearer and easier to read.,packaging_issue,negative,4,Halal trust and certification,"clear halal, clear, halal, looks, halal information, looks good, good clear, product looks"
R02038,P0289,United States,Korean ramen,Local Brand B,3,The portion is smaller than expected.,portion_size,neutral,3,Price sensitivity,"size, price, product good, portion, quite high, quite, price feels, high"
R02039,P0289,United States,Korean ramen,Local Brand B,3,"The taste is nice, but I wish it had less sodium.",health_concern,neutral,6,Spiciness and taste localization,"level, wish, wish milder, spice, spice level, milder version, version spice, milder"
R02040,P0289,United States,Korean ramen,Local Brand B,5,I like the rich seasoning and it feels close to real Korean-style food.,taste_authenticity_positive,positive,2,Taste authenticity,"real korean, style food, style, rich seasoning, rich, seasoning feels, real, seasoning"
R02041,P0289,United States,Korean ramen,Local Brand B,5,I like that it saves time and still tastes good.,convenience_positive,positive,5,General product experience,"tastes good, tastes, good, saves time, saves, time, time tastes, like saves"
R02042,P0289,United States,Korean ramen,Local Brand B,3,"The taste is fine, but it feels expensive compared with local alternatives.",price_sensitivity,neutral,3,Price sensitivity,"size, price, product good, portion, quite high, quite, price feels, high"
R02043,P0289,United States,Korean ramen,Local Brand B,4,Very convenient for a quick meal after work.,convenience_positive,positive,1,Convenience and quick meal,"quick, works, works quick, satisfying, taste satisfying, satisfying works, quick korean, korean meal"
R02044,P0289,United States,Korean ramen,Local Brand B,3,"It tastes good, but one pack is not enough for a full meal.",portion_size,neutral,5,General product experience,"tastes good, tastes, good, saves time, saves, time, time tastes, like saves"
R02045,P0290,United States,Korean ramen,Korean Brand F,4,The label information could be clearer and easier to read.,packaging_issue,positive,4,Halal trust and certification,"clear halal, clear, halal, looks, halal information, looks good, good clear, product looks"
R02046,P0290,United States,Korean ramen,Korean Brand F,4,"The product is good, but the packaging does not feel very strong.",packaging_issue,positive,3,Price sensitivity,"size, price, product good, portion, quite high, quite, price feels, high"
R02047,P0290,United States,Korean ramen,Korean Brand F,5,I like that it saves time and still tastes good.,convenience_positive,positive,5,General product experience,"tastes good, tastes, good, saves time, saves, time, time tastes, like saves"
R02048,P0290,United States,Korean ramen,Korean Brand F,4,The label information could be clearer and easier to read.,packaging_issue,positive,4,Halal trust and certification,"clear halal, clear, halal, looks, halal information, looks good, good clear, product looks"
R02049,P0290,United States,Korean ramen,Korean Brand F,3,"The flavor is good, but it is too spicy for my family.",too_spicy,neutral,5,General product experience,"tastes good, tastes, good, saves time, saves, time, time tastes, like saves"
R02050,P0290,United States,Korean ramen,Korean Brand F,5,I like that it saves time and still tastes good.,convenience_positive,positive,5,General product experience,"tastes good, tastes, good, saves time, saves, time, time tastes, like saves"
R02051,P0290,United States,Korean ramen,Korean Brand F,5,The flavor tastes authentic and reminds me of Korean restaurant food.,taste_authenticity_positive,positive,0,Taste authenticity,"reminds, restaurant food, tastes authentic, restaurant, reminds korean, authentic reminds, korean restaurant, flavor tastes"
R02052,P0290,United States,Korean ramen,Korean Brand F,3,Clear halal labeling would make me more confident to purchase.,halal_concern,neutral,4,Halal trust and certification,"clear halal, clear, halal, looks, halal information, looks good, good clear, product looks"
R02053,P0290,United States,Korean ramen,Korean Brand F,4,The portion is smaller than expected.,portion_size,positive,3,Price sensitivity,"size, price, product good, portion, quite high, quite, price feels, high"
R02054,P0291,United States,Korean ramen,Private Label B,5,The taste is very satisfying and works well for a quick Korean meal at home.,taste_authenticity_positive,positive,1,Convenience and quick meal,"quick, works, works quick, satisfying, taste satisfying, satisfying works, quick korean, korean meal"
R02055,P0291,United States,Korean ramen,Private Label B,5,The flavor tastes authentic and reminds me of Korean restaurant food.,taste_authenticity_positive,positive,0,Taste authenticity,"reminds, restaurant food, tastes authentic, restaurant, reminds korean, authentic reminds, korean restaurant, flavor tastes"
R02056,P0291,United States,Korean ramen,Private Label B,3,"The product is good, but the price feels quite high for the portion size.",price_sensitivity,neutral,3,Price sensitivity,"size, price, product good, portion, quite high, quite, price feels, high"
R02057,P0291,United States,Korean ramen,Private Label B,4,The taste is very satisfying and works well for a quick Korean meal at home.,taste_authenticity_positive,positive,1,Convenience and quick meal,"quick, works, works quick, satisfying, taste satisfying, satisfying works, quick korean, korean meal"
R02058,P0292,United States,Korean ramen,Korean Brand N,4,"The product is good, but the price feels quite high for the portion size.",price_sensitivity,positive,3,Price sensitivity,"size, price, product good, portion, quite high, quite, price feels, high"
R02059,P0292,United States,Korean ramen,Korean Brand N,4,I like the rich seasoning and it feels close to real Korean-style food.,taste_authenticity_positive,positive,2,Taste authenticity,"real korean, style food, style, rich seasoning, rich, seasoning feels, real, seasoning"
R02060,P0292,United States,Korean ramen,Korean Brand N,5,I like the rich seasoning and it feels close to real Korean-style food.,taste_authenticity_positive,positive,2,Taste authenticity,"real korean, style food, style, rich seasoning, rich, seasoning feels, real, seasoning"
R02061,P0292,United States,Korean ramen,Korean Brand N,3,I wish there was a milder version because the spice level is too strong.,too_spicy,neutral,6,Spiciness and taste localization,"level, wish, wish milder, spice, spice level, milder version, version spice, milder"
R02062,P0292,United States,Korean ramen,Korean Brand N,4,"The product is good, but the price feels quite high for the portion size.",price_sensitivity,positive,3,Price sensitivity,"size, price, product good, portion, quite high, quite, price feels, high"
R02063,P0293,United States,Korean ramen,Japanese Brand Q,4,The taste is very satisfying and works well for a quick Korean meal at home.,taste_authenticity_positive,positive,1,Convenience and quick meal,"quick, works, works quick, satisfying, taste satisfying, satisfying works, quick korean, korean meal"
R02064,P0293,United States,Korean ramen,Japanese Brand Q,2,"The product looks good, but I could not find clear halal information.",halal_concern,negative,4,Halal trust and certification,"clear halal, clear, halal, looks, halal information, looks good, good clear, product looks"
R02065,P0293,United States,Korean ramen,Japanese Brand Q,5,I like the rich seasoning and it feels close to real Korean-style food.,taste_authenticity_positive,positive,2,Taste authenticity,"real korean, style food, style, rich seasoning, rich, seasoning feels, real, seasoning"
R02066,P0293,United States,Korean ramen,Japanese Brand Q,4,The taste is very satisfying and works well for a quick Korean meal at home.,taste_authenticity_positive,positive,1,Convenience and quick meal,"quick, works, works quick, satisfying, taste satisfying, satisfying works, quick korean, korean meal"
R02067,P0293,United States,Korean ramen,Japanese Brand Q,4,I would buy this more often if the halal certification was clearly shown.,halal_concern,positive,7,Halal trust and certification,"buy, like buy, discount, buy discount, like, certification, halal certification, clearly shown"
R02068,P0293,United States,Korean ramen,Japanese Brand Q,5,Very convenient for a quick meal after work.,convenience_positive,positive,1,Convenience and quick meal,"quick, works, works quick, satisfying, taste satisfying, satisfying works, quick korean, korean meal"
R02069,P0293,United States,Korean ramen,Japanese Brand Q,2,The label information could be clearer and easier to read.,packaging_issue,negative,4,Halal trust and certification,"clear halal, clear, halal, looks, halal information, looks good, good clear, product looks"
R02070,P0293,United States,Korean ramen,Japanese Brand Q,4,Clear halal labeling would make me more confident to purchase.,halal_concern,positive,4,Halal trust and certification,"clear halal, clear, halal, looks, halal information, looks good, good clear, product looks"
R02071,P0293,United States,Korean ramen,Japanese Brand Q,3,Clear halal labeling would make me more confident to purchase.,halal_concern,neutral,4,Halal trust and certification,"clear halal, clear, halal, looks, halal information, looks good, good clear, product looks"
R02072,P0293,United States,Korean ramen,Japanese Brand Q,4,"The flavor is good, but it is too spicy for my family.",too_spicy,positive,5,General product experience,"tastes good, tastes, good, saves time, saves, time, time tastes, like saves"
R02073,P0294,United States,Korean ramen,Local Brand J,5,I like the rich seasoning and it feels close to real Korean-style food.,taste_authenticity_positive,positive,2,Taste authenticity,"real korean, style food, style, rich seasoning, rich, seasoning feels, real, seasoning"
R02074,P0294,United States,Korean ramen,Local Brand J,3,"The product is good, but the packaging does not feel very strong.",packaging_issue,neutral,3,Price sensitivity,"size, price, product good, portion, quite high, quite, price feels, high"
R02075,P0294,United States,Korean ramen,Local Brand J,4,"The taste is fine, but it feels expensive compared with local alternatives.",price_sensitivity,positive,3,Price sensitivity,"size, price, product good, portion, quite high, quite, price feels, high"
R02076,P0294,United States,Korean ramen,Local Brand J,4,The packaging could be improved because it was slightly damaged when delivered.,packaging_issue,positive,3,Price sensitivity,"size, price, product good, portion, quite high, quite, price feels, high"
R02077,P0294,United States,Korean ramen,Local Brand J,3,The label information could be clearer and easier to read.,packaging_issue,neutral,4,Halal trust and certification,"clear halal, clear, halal, looks, halal information, looks good, good clear, product looks"
R02078,P0295,United States,Korean ramen,Korean Brand N,4,"The product tastes nice, but the heat level may be difficult for beginners.",too_spicy,positive,6,Spiciness and taste localization,"level, wish, wish milder, spice, spice level, milder version, version spice, milder"
R02079,P0295,United States,Korean ramen,Korean Brand N,4,"I like it, but I would only buy again if there is a discount.",price_sensitivity,positive,7,Halal trust and certification,"buy, like buy, discount, buy discount, like, certification, halal certification, clearly shown"
R02080,P0295,United States,Korean ramen,Korean Brand N,4,I like that it saves time and still tastes good.,convenience_positive,positive,5,General product experience,"tastes good, tastes, good, saves time, saves, time, time tastes, like saves"
R02081,P0295,United States,Korean ramen,Korean Brand N,4,The taste is very satisfying and works well for a quick Korean meal at home.,taste_authenticity_positive,positive,1,Convenience and quick meal,"quick, works, works quick, satisfying, taste satisfying, satisfying works, quick korean, korean meal"
R02082,P0295,United States,Korean ramen,Korean Brand N,4,The serving size could be larger for the price.,portion_size,positive,3,Price sensitivity,"size, price, product good, portion, quite high, quite, price feels, high"
R02083,P0295,United States,Korean ramen,Korean Brand N,3,"The product is good, but the price feels quite high for the portion size.",price_sensitivity,neutral,3,Price sensitivity,"size, price, product good, portion, quite high, quite, price feels, high"
R02084,P0295,United States,Korean ramen,Korean Brand N,5,I like the rich seasoning and it feels close to real Korean-style food.,taste_authenticity_positive,positive,2,Taste authenticity,"real korean, style food, style, rich seasoning, rich, seasoning feels, real, seasoning"
R02085,P0295,United States,Korean ramen,Korean Brand N,3,"The taste is nice, but I wish it had less sodium.",health_concern,neutral,6,Spiciness and taste localization,"level, wish, wish milder, spice, spice level, milder version, version spice, milder"
R02086,P0295,United States,Korean ramen,Korean Brand N,2,"The taste is fine, but it feels expensive compared with local alternatives.",price_sensitivity,negative,3,Price sensitivity,"size, price, product good, portion, quite high, quite, price feels, high"
R02087,P0295,United States,Korean ramen,Korean Brand N,3,"The taste is fine, but it feels expensive compared with local alternatives.",price_sensitivity,neutral,3,Price sensitivity,"size, price, product good, portion, quite high, quite, price feels, high"
R02088,P0296,United States,Korean ramen,Private Label V,4,The label information could be clearer and easier to read.,packaging_issue,positive,4,Halal trust and certification,"clear halal, clear, halal, looks, halal information, looks good, good clear, product looks"
R02089,P0296,United States,Korean ramen,Private Label V,3,"The flavor is good, but it is too spicy for my family.",too_spicy,neutral,5,General product experience,"tastes good, tastes, good, saves time, saves, time, time tastes, like saves"
R02090,P0296,United States,Korean ramen,Private Label V,3,I wish there was a milder version because the spice level is too strong.,too_spicy,neutral,6,Spiciness and taste localization,"level, wish, wish milder, spice, spice level, milder version, version spice, milder"
R02091,P0296,United States,Korean ramen,Private Label V,4,The flavor tastes authentic and reminds me of Korean restaurant food.,taste_authenticity_positive,positive,0,Taste authenticity,"reminds, restaurant food, tastes authentic, restaurant, reminds korean, authentic reminds, korean restaurant, flavor tastes"
R02092,P0296,United States,Korean ramen,Private Label V,2,"The product is good, but the price feels quite high for the portion size.",price_sensitivity,negative,3,Price sensitivity,"size, price, product good, portion, quite high, quite, price feels, high"
R02093,P0297,United States,Kimchi,Korean Brand Q,2,I would prefer a healthier version with cleaner ingredients.,health_concern,negative,6,Spiciness and taste localization,"level, wish, wish milder, spice, spice level, milder version, version spice, milder"
R02094,P0297,United States,Kimchi,Korean Brand Q,2,"The flavor is good, but it is too spicy for my family.",too_spicy,negative,5,General product experience,"tastes good, tastes, good, saves time, saves, time, time tastes, like saves"
R02095,P0297,United States,Kimchi,Korean Brand Q,2,The serving size could be larger for the price.,portion_size,negative,3,Price sensitivity,"size, price, product good, portion, quite high, quite, price feels, high"
R02096,P0297,United States,Kimchi,Korean Brand Q,3,"The flavor is good, but it is too spicy for my family.",too_spicy,neutral,5,General product experience,"tastes good, tastes, good, saves time, saves, time, time tastes, like saves"
R02097,P0297,United States,Kimchi,Korean Brand Q,3,"It tastes good, but one pack is not enough for a full meal.",portion_size,neutral,5,General product experience,"tastes good, tastes, good, saves time, saves, time, time tastes, like saves"
R02098,P0297,United States,Kimchi,Korean Brand Q,3,"The taste is fine, but it feels expensive compared with local alternatives.",price_sensitivity,neutral,3,Price sensitivity,"size, price, product good, portion, quite high, quite, price feels, high"
R02099,P0297,United States,Kimchi,Korean Brand Q,4,The flavor tastes authentic and reminds me of Korean restaurant food.,taste_authenticity_positive,positive,0,Taste authenticity,"reminds, restaurant food, tastes authentic, restaurant, reminds korean, authentic reminds, korean restaurant, flavor tastes"
R02100,P0298,United States,Kimchi,Premium Import Brand X,4,"It tastes good, but one pack is not enough for a full meal.",portion_size,positive,5,General product experience,"tastes good, tastes, good, saves time, saves, time, time tastes, like saves"
R02101,P0298,United States,Kimchi,Premium Import Brand X,4,I like that it saves time and still tastes good.,convenience_positive,positive,5,General product experience,"tastes good, tastes, good, saves time, saves, time, time tastes, like saves"
R02102,P0298,United States,Kimchi,Premium Import Brand X,4,I wish there was a milder version because the spice level is too strong.,too_spicy,positive,6,Spiciness and taste localization,"level, wish, wish milder, spice, spice level, milder version, version spice, milder"
R02103,P0298,United States,Kimchi,Premium Import Brand X,3,"I like it, but I would only buy again if there is a discount.",price_sensitivity,neutral,7,Halal trust and certification,"buy, like buy, discount, buy discount, like, certification, halal certification, clearly shown"
R02104,P0298,United States,Kimchi,Premium Import Brand X,4,"The taste is nice, but I wish it had less sodium.",health_concern,positive,6,Spiciness and taste localization,"level, wish, wish milder, spice, spice level, milder version, version spice, milder"
R02105,P0298,United States,Kimchi,Premium Import Brand X,3,"The product is good, but the price feels quite high for the portion size.",price_sensitivity,neutral,3,Price sensitivity,"size, price, product good, portion, quite high, quite, price feels, high"
R02106,P0298,United States,Kimchi,Premium Import Brand X,3,"The product tastes nice, but the heat level may be difficult for beginners.",too_spicy,neutral,6,Spiciness and taste localization,"level, wish, wish milder, spice, spice level, milder version, version spice, milder"
R02107,P0299,United States,Kimchi,Local Brand F,5,I like the rich seasoning and it feels close to real Korean-style food.,taste_authenticity_positive,positive,2,Taste authenticity,"real korean, style food, style, rich seasoning, rich, seasoning feels, real, seasoning"
R02108,P0299,United States,Kimchi,Local Brand F,3,"The product is good, but the price feels quite high for the portion size.",price_sensitivity,neutral,3,Price sensitivity,"size, price, product good, portion, quite high, quite, price feels, high"
R02109,P0299,United States,Kimchi,Local Brand F,4,"The product tastes nice, but the heat level may be difficult for beginners.",too_spicy,positive,6,Spiciness and taste localization,"level, wish, wish milder, spice, spice level, milder version, version spice, milder"
R02110,P0299,United States,Kimchi,Local Brand F,3,"The product looks good, but I could not find clear halal information.",halal_concern,neutral,4,Halal trust and certification,"clear halal, clear, halal, looks, halal information, looks good, good clear, product looks"
R02111,P0299,United States,Kimchi,Local Brand F,4,I like the rich seasoning and it feels close to real Korean-style food.,taste_authenticity_positive,positive,2,Taste authenticity,"real korean, style food, style, rich seasoning, rich, seasoning feels, real, seasoning"
R02112,P0299,United States,Kimchi,Local Brand F,3,"The taste is nice, but I wish it had less sodium.",health_concern,neutral,6,Spiciness and taste localization,"level, wish, wish milder, spice, spice level, milder version, version spice, milder"
R02113,P0299,United States,Kimchi,Local Brand F,3,"The product is good, but the price feels quite high for the portion size.",price_sensitivity,neutral,3,Price sensitivity,"size, price, product good, portion, quite high, quite, price feels, high"
R02114,P0299,United States,Kimchi,Local Brand F,4,"The flavor is good, but it is too spicy for my family.",too_spicy,positive,5,General product experience,"tastes good, tastes, good, saves time, saves, time, time tastes, like saves"
R02115,P0300,United States,Kimchi,Local Brand E,3,"The taste is fine, but it feels expensive compared with local alternatives.",price_sensitivity,neutral,3,Price sensitivity,"size, price, product good, portion, quite high, quite, price feels, high"
R02116,P0300,United States,Kimchi,Local Brand E,5,Very convenient for a quick meal after work.,convenience_positive,positive,1,Convenience and quick meal,"quick, works, works quick, satisfying, taste satisfying, satisfying works, quick korean, korean meal"
R02117,P0300,United States,Kimchi,Local Brand E,2,I would buy this more often if the halal certification was clearly shown.,halal_concern,negative,7,Halal trust and certification,"buy, like buy, discount, buy discount, like, certification, halal certification, clearly shown"
R02118,P0300,United States,Kimchi,Local Brand E,5,The taste is very satisfying and works well for a quick Korean meal at home.,taste_authenticity_positive,positive,1,Convenience and quick meal,"quick, works, works quick, satisfying, taste satisfying, satisfying works, quick korean, korean meal"
R02119,P0301,United States,Kimchi,Korean Brand Q,4,The taste is very satisfying and works well for a quick Korean meal at home.,taste_authenticity_positive,positive,1,Convenience and quick meal,"quick, works, works quick, satisfying, taste satisfying, satisfying works, quick korean, korean meal"
R02120,P0301,United States,Kimchi,Korean Brand Q,2,"The product is good, but the packaging does not feel very strong.",packaging_issue,negative,3,Price sensitivity,"size, price, product good, portion, quite high, quite, price feels, high"
R02121,P0301,United States,Kimchi,Korean Brand Q,3,"The flavor is good, but it is too spicy for my family.",too_spicy,neutral,5,General product experience,"tastes good, tastes, good, saves time, saves, time, time tastes, like saves"
R02122,P0301,United States,Kimchi,Korean Brand Q,2,The packaging could be improved because it was slightly damaged when delivered.,packaging_issue,negative,3,Price sensitivity,"size, price, product good, portion, quite high, quite, price feels, high"
R02123,P0301,United States,Kimchi,Korean Brand Q,3,"The taste is fine, but it feels expensive compared with local alternatives.",price_sensitivity,neutral,3,Price sensitivity,"size, price, product good, portion, quite high, quite, price feels, high"
R02124,P0301,United States,Kimchi,Korean Brand Q,4,The portion is smaller than expected.,portion_size,positive,3,Price sensitivity,"size, price, product good, portion, quite high, quite, price feels, high"
R02125,P0301,United States,Kimchi,Korean Brand Q,5,The taste is very satisfying and works well for a quick Korean meal at home.,taste_authenticity_positive,positive,1,Convenience and quick meal,"quick, works, works quick, satisfying, taste satisfying, satisfying works, quick korean, korean meal"
R02126,P0301,United States,Kimchi,Korean Brand Q,3,The label information could be clearer and easier to read.,packaging_issue,neutral,4,Halal trust and certification,"clear halal, clear, halal, looks, halal information, looks good, good clear, product looks"
R02127,P0302,United States,Kimchi,Korean Brand Z,4,"The product is good, but the price feels quite high for the portion size.",price_sensitivity,positive,3,Price sensitivity,"size, price, product good, portion, quite high, quite, price feels, high"
R02128,P0302,United States,Kimchi,Korean Brand Z,4,"It tastes good, but one pack is not enough for a full meal.",portion_size,positive,5,General product experience,"tastes good, tastes, good, saves time, saves, time, time tastes, like saves"
R02129,P0302,United States,Kimchi,Korean Brand Z,2,"Good flavor, but it feels a bit heavy for frequent consumption.",health_concern,negative,3,Price sensitivity,"size, price, product good, portion, quite high, quite, price feels, high"
R02130,P0302,United States,Kimchi,Korean Brand Z,3,"The product is good, but the price feels quite high for the portion size.",price_sensitivity,neutral,3,Price sensitivity,"size, price, product good, portion, quite high, quite, price feels, high"
R02131,P0302,United States,Kimchi,Korean Brand Z,5,I like the rich seasoning and it feels close to real Korean-style food.,taste_authenticity_positive,positive,2,Taste authenticity,"real korean, style food, style, rich seasoning, rich, seasoning feels, real, seasoning"
R02132,P0302,United States,Kimchi,Korean Brand Z,2,"The product is good, but the packaging does not feel very strong.",packaging_issue,negative,3,Price sensitivity,"size, price, product good, portion, quite high, quite, price feels, high"
R02133,P0302,United States,Kimchi,Korean Brand Z,3,"It tastes good, but one pack is not enough for a full meal.",portion_size,neutral,5,General product experience,"tastes good, tastes, good, saves time, saves, time, time tastes, like saves"
R02134,P0302,United States,Kimchi,Korean Brand Z,5,I like the rich seasoning and it feels close to real Korean-style food.,taste_authenticity_positive,positive,2,Taste authenticity,"real korean, style food, style, rich seasoning, rich, seasoning feels, real, seasoning"
R02135,P0302,United States,Kimchi,Korean Brand Z,5,The flavor tastes authentic and reminds me of Korean restaurant food.,taste_authenticity_positive,positive,0,Taste authenticity,"reminds, restaurant food, tastes authentic, restaurant, reminds korean, authentic reminds, korean restaurant, flavor tastes"
R02136,P0302,United States,Kimchi,Korean Brand Z,5,The flavor tastes authentic and reminds me of Korean restaurant food.,taste_authenticity_positive,positive,0,Taste authenticity,"reminds, restaurant food, tastes authentic, restaurant, reminds korean, authentic reminds, korean restaurant, flavor tastes"
R02137,P0303,United States,Kimchi,Private Label E,5,The flavor tastes authentic and reminds me of Korean restaurant food.,taste_authenticity_positive,positive,0,Taste authenticity,"reminds, restaurant food, tastes authentic, restaurant, reminds korean, authentic reminds, korean restaurant, flavor tastes"
R02138,P0303,United States,Kimchi,Private Label E,2,"The flavor is good, but it is too spicy for my family.",too_spicy,negative,5,General product experience,"tastes good, tastes, good, saves time, saves, time, time tastes, like saves"
R02139,P0303,United States,Kimchi,Private Label E,5,I like the rich seasoning and it feels close to real Korean-style food.,taste_authenticity_positive,positive,2,Taste authenticity,"real korean, style food, style, rich seasoning, rich, seasoning feels, real, seasoning"
R02140,P0303,United States,Kimchi,Private Label E,4,I like the rich seasoning and it feels close to real Korean-style food.,taste_authenticity_positive,positive,2,Taste authenticity,"real korean, style food, style, rich seasoning, rich, seasoning feels, real, seasoning"
R02141,P0303,United States,Kimchi,Private Label E,4,The taste is very satisfying and works well for a quick Korean meal at home.,taste_authenticity_positive,positive,1,Convenience and quick meal,"quick, works, works quick, satisfying, taste satisfying, satisfying works, quick korean, korean meal"
R02142,P0304,United States,Kimchi,Local Brand E,4,I wish there was a milder version because the spice level is too strong.,too_spicy,positive,6,Spiciness and taste localization,"level, wish, wish milder, spice, spice level, milder version, version spice, milder"
R02143,P0304,United States,Kimchi,Local Brand E,4,I wish there was a milder version because the spice level is too strong.,too_spicy,positive,6,Spiciness and taste localization,"level, wish, wish milder, spice, spice level, milder version, version spice, milder"
R02144,P0304,United States,Kimchi,Local Brand E,2,"The product tastes nice, but the heat level may be difficult for beginners.",too_spicy,negative,6,Spiciness and taste localization,"level, wish, wish milder, spice, spice level, milder version, version spice, milder"
R02145,P0304,United States,Kimchi,Local Brand E,3,"The taste is nice, but I wish it had less sodium.",health_concern,neutral,6,Spiciness and taste localization,"level, wish, wish milder, spice, spice level, milder version, version spice, milder"
R02146,P0304,United States,Kimchi,Local Brand E,4,Very convenient for a quick meal after work.,convenience_positive,positive,1,Convenience and quick meal,"quick, works, works quick, satisfying, taste satisfying, satisfying works, quick korean, korean meal"
R02147,P0305,United States,Gochujang sauce,Local Brand D,4,Very convenient for a quick meal after work.,convenience_positive,positive,1,Convenience and quick meal,"quick, works, works quick, satisfying, taste satisfying, satisfying works, quick korean, korean meal"
R02148,P0305,United States,Gochujang sauce,Local Brand D,5,Very convenient for a quick meal after work.,convenience_positive,positive,1,Convenience and quick meal,"quick, works, works quick, satisfying, taste satisfying, satisfying works, quick korean, korean meal"
R02149,P0305,United States,Gochujang sauce,Local Brand D,3,The portion is smaller than expected.,portion_size,neutral,3,Price sensitivity,"size, price, product good, portion, quite high, quite, price feels, high"
R02150,P0305,United States,Gochujang sauce,Local Brand D,4,I like that it saves time and still tastes good.,convenience_positive,positive,5,General product experience,"tastes good, tastes, good, saves time, saves, time, time tastes, like saves"
R02151,P0305,United States,Gochujang sauce,Local Brand D,4,"The product tastes nice, but the heat level may be difficult for beginners.",too_spicy,positive,6,Spiciness and taste localization,"level, wish, wish milder, spice, spice level, milder version, version spice, milder"
R02152,P0305,United States,Gochujang sauce,Local Brand D,2,I would buy this more often if the halal certification was clearly shown.,halal_concern,negative,7,Halal trust and certification,"buy, like buy, discount, buy discount, like, certification, halal certification, clearly shown"
R02153,P0305,United States,Gochujang sauce,Local Brand D,3,"I like it, but I would only buy again if there is a discount.",price_sensitivity,neutral,7,Halal trust and certification,"buy, like buy, discount, buy discount, like, certification, halal certification, clearly shown"
R02154,P0305,United States,Gochujang sauce,Local Brand D,3,I wish there was a milder version because the spice level is too strong.,too_spicy,neutral,6,Spiciness and taste localization,"level, wish, wish milder, spice, spice level, milder version, version spice, milder"
R02155,P0305,United States,Gochujang sauce,Local Brand D,2,"The product is good, but the packaging does not feel very strong.",packaging_issue,negative,3,Price sensitivity,"size, price, product good, portion, quite high, quite, price feels, high"
R02156,P0306,United States,Gochujang sauce,Korean Brand H,4,I like that it saves time and still tastes good.,convenience_positive,positive,5,General product experience,"tastes good, tastes, good, saves time, saves, time, time tastes, like saves"
R02157,P0306,United States,Gochujang sauce,Korean Brand H,4,"The product is good, but the packaging does not feel very strong.",packaging_issue,positive,3,Price sensitivity,"size, price, product good, portion, quite high, quite, price feels, high"
R02158,P0306,United States,Gochujang sauce,Korean Brand H,3,The serving size could be larger for the price.,portion_size,neutral,3,Price sensitivity,"size, price, product good, portion, quite high, quite, price feels, high"
R02159,P0306,United States,Gochujang sauce,Korean Brand H,3,The packaging could be improved because it was slightly damaged when delivered.,packaging_issue,neutral,3,Price sensitivity,"size, price, product good, portion, quite high, quite, price feels, high"
R02160,P0306,United States,Gochujang sauce,Korean Brand H,4,Easy to prepare and good for busy weekdays.,convenience_positive,positive,5,General product experience,"tastes good, tastes, good, saves time, saves, time, time tastes, like saves"
R02161,P0307,United States,Gochujang sauce,Private Label T,4,I like the rich seasoning and it feels close to real Korean-style food.,taste_authenticity_positive,positive,2,Taste authenticity,"real korean, style food, style, rich seasoning, rich, seasoning feels, real, seasoning"
R02162,P0307,United States,Gochujang sauce,Private Label T,5,The flavor tastes authentic and reminds me of Korean restaurant food.,taste_authenticity_positive,positive,0,Taste authenticity,"reminds, restaurant food, tastes authentic, restaurant, reminds korean, authentic reminds, korean restaurant, flavor tastes"
R02163,P0307,United States,Gochujang sauce,Private Label T,5,Very convenient for a quick meal after work.,convenience_positive,positive,1,Convenience and quick meal,"quick, works, works quick, satisfying, taste satisfying, satisfying works, quick korean, korean meal"
R02164,P0307,United States,Gochujang sauce,Private Label T,2,I wish there was a milder version because the spice level is too strong.,too_spicy,negative,6,Spiciness and taste localization,"level, wish, wish milder, spice, spice level, milder version, version spice, milder"
R02165,P0307,United States,Gochujang sauce,Private Label T,4,I like the rich seasoning and it feels close to real Korean-style food.,taste_authenticity_positive,positive,2,Taste authenticity,"real korean, style food, style, rich seasoning, rich, seasoning feels, real, seasoning"
R02166,P0307,United States,Gochujang sauce,Private Label T,3,"I like it, but I would only buy again if there is a discount.",price_sensitivity,neutral,7,Halal trust and certification,"buy, like buy, discount, buy discount, like, certification, halal certification, clearly shown"
R02167,P0307,United States,Gochujang sauce,Private Label T,4,I like the rich seasoning and it feels close to real Korean-style food.,taste_authenticity_positive,positive,2,Taste authenticity,"real korean, style food, style, rich seasoning, rich, seasoning feels, real, seasoning"
R02168,P0307,United States,Gochujang sauce,Private Label T,4,I like the rich seasoning and it feels close to real Korean-style food.,taste_authenticity_positive,positive,2,Taste authenticity,"real korean, style food, style, rich seasoning, rich, seasoning feels, real, seasoning"
R02169,P0307,United States,Gochujang sauce,Private Label T,2,The label information could be clearer and easier to read.,packaging_issue,negative,4,Halal trust and certification,"clear halal, clear, halal, looks, halal information, looks good, good clear, product looks"
R02170,P0308,United States,Gochujang sauce,Local Brand S,4,"It tastes good, but one pack is not enough for a full meal.",portion_size,positive,5,General product experience,"tastes good, tastes, good, saves time, saves, time, time tastes, like saves"
R02171,P0308,United States,Gochujang sauce,Local Brand S,5,Easy to prepare and good for busy weekdays.,convenience_positive,positive,5,General product experience,"tastes good, tastes, good, saves time, saves, time, time tastes, like saves"
R02172,P0308,United States,Gochujang sauce,Local Brand S,5,The taste is very satisfying and works well for a quick Korean meal at home.,taste_authenticity_positive,positive,1,Convenience and quick meal,"quick, works, works quick, satisfying, taste satisfying, satisfying works, quick korean, korean meal"
R02173,P0308,United States,Gochujang sauce,Local Brand S,2,I would buy this more often if the halal certification was clearly shown.,halal_concern,negative,7,Halal trust and certification,"buy, like buy, discount, buy discount, like, certification, halal certification, clearly shown"
R02174,P0308,United States,Gochujang sauce,Local Brand S,4,"The product is good, but the price feels quite high for the portion size.",price_sensitivity,positive,3,Price sensitivity,"size, price, product good, portion, quite high, quite, price feels, high"
R02175,P0308,United States,Gochujang sauce,Local Brand S,2,"The product is good, but the price feels quite high for the portion size.",price_sensitivity,negative,3,Price sensitivity,"size, price, product good, portion, quite high, quite, price feels, high"
R02176,P0308,United States,Gochujang sauce,Local Brand S,5,The taste is very satisfying and works well for a quick Korean meal at home.,taste_authenticity_positive,positive,1,Convenience and quick meal,"quick, works, works quick, satisfying, taste satisfying, satisfying works, quick korean, korean meal"
R02177,P0308,United States,Gochujang sauce,Local Brand S,5,The taste is very satisfying and works well for a quick Korean meal at home.,taste_authenticity_positive,positive,1,Convenience and quick meal,"quick, works, works quick, satisfying, taste satisfying, satisfying works, quick korean, korean meal"
R02178,P0309,United States,Gochujang sauce,Local Brand X,2,"The taste is nice, but I wish it had less sodium.",health_concern,negative,6,Spiciness and taste localization,"level, wish, wish milder, spice, spice level, milder version, version spice, milder"
R02179,P0309,United States,Gochujang sauce,Local Brand X,5,The flavor tastes authentic and reminds me of Korean restaurant food.,taste_authenticity_positive,positive,0,Taste authenticity,"reminds, restaurant food, tastes authentic, restaurant, reminds korean, authentic reminds, korean restaurant, flavor tastes"
R02180,P0309,United States,Gochujang sauce,Local Brand X,4,The flavor tastes authentic and reminds me of Korean restaurant food.,taste_authenticity_positive,positive,0,Taste authenticity,"reminds, restaurant food, tastes authentic, restaurant, reminds korean, authentic reminds, korean restaurant, flavor tastes"
R02181,P0309,United States,Gochujang sauce,Local Brand X,4,"It tastes good, but one pack is not enough for a full meal.",portion_size,positive,5,General product experience,"tastes good, tastes, good, saves time, saves, time, time tastes, like saves"
R02182,P0309,United States,Gochujang sauce,Local Brand X,4,"The taste is fine, but it feels expensive compared with local alternatives.",price_sensitivity,positive,3,Price sensitivity,"size, price, product good, portion, quite high, quite, price feels, high"
R02183,P0309,United States,Gochujang sauce,Local Brand X,2,"The product is good, but the packaging does not feel very strong.",packaging_issue,negative,3,Price sensitivity,"size, price, product good, portion, quite high, quite, price feels, high"
R02184,P0309,United States,Gochujang sauce,Local Brand X,3,"Good flavor, but it feels a bit heavy for frequent consumption.",health_concern,neutral,3,Price sensitivity,"size, price, product good, portion, quite high, quite, price feels, high"
R02185,P0309,United States,Gochujang sauce,Local Brand X,3,"The product tastes nice, but the heat level may be difficult for beginners.",too_spicy,neutral,6,Spiciness and taste localization,"level, wish, wish milder, spice, spice level, milder version, version spice, milder"
R02186,P0310,United States,Gochujang sauce,Private Label C,2,"It tastes good, but one pack is not enough for a full meal.",portion_size,negative,5,General product experience,"tastes good, tastes, good, saves time, saves, time, time tastes, like saves"
R02187,P0310,United States,Gochujang sauce,Private Label C,2,"The taste is nice, but I wish it had less sodium.",health_concern,negative,6,Spiciness and taste localization,"level, wish, wish milder, spice, spice level, milder version, version spice, milder"
R02188,P0310,United States,Gochujang sauce,Private Label C,5,The taste is very satisfying and works well for a quick Korean meal at home.,taste_authenticity_positive,positive,1,Convenience and quick meal,"quick, works, works quick, satisfying, taste satisfying, satisfying works, quick korean, korean meal"
R02189,P0310,United States,Gochujang sauce,Private Label C,2,"I like it, but I would only buy again if there is a discount.",price_sensitivity,negative,7,Halal trust and certification,"buy, like buy, discount, buy discount, like, certification, halal certification, clearly shown"
R02190,P0311,United States,Gochujang sauce,Japanese Brand V,4,I like the rich seasoning and it feels close to real Korean-style food.,taste_authenticity_positive,positive,2,Taste authenticity,"real korean, style food, style, rich seasoning, rich, seasoning feels, real, seasoning"
R02191,P0311,United States,Gochujang sauce,Japanese Brand V,4,"The product tastes nice, but the heat level may be difficult for beginners.",too_spicy,positive,6,Spiciness and taste localization,"level, wish, wish milder, spice, spice level, milder version, version spice, milder"
R02192,P0311,United States,Gochujang sauce,Japanese Brand V,4,"The taste is nice, but I wish it had less sodium.",health_concern,positive,6,Spiciness and taste localization,"level, wish, wish milder, spice, spice level, milder version, version spice, milder"
R02193,P0311,United States,Gochujang sauce,Japanese Brand V,5,The taste is very satisfying and works well for a quick Korean meal at home.,taste_authenticity_positive,positive,1,Convenience and quick meal,"quick, works, works quick, satisfying, taste satisfying, satisfying works, quick korean, korean meal"
R02194,P0312,United States,Gochujang sauce,Local Brand W,3,"The product tastes nice, but the heat level may be difficult for beginners.",too_spicy,neutral,6,Spiciness and taste localization,"level, wish, wish milder, spice, spice level, milder version, version spice, milder"
R02195,P0312,United States,Gochujang sauce,Local Brand W,4,Very convenient for a quick meal after work.,convenience_positive,positive,1,Convenience and quick meal,"quick, works, works quick, satisfying, taste satisfying, satisfying works, quick korean, korean meal"
R02196,P0312,United States,Gochujang sauce,Local Brand W,4,"It tastes good, but one pack is not enough for a full meal.",portion_size,positive,5,General product experience,"tastes good, tastes, good, saves time, saves, time, time tastes, like saves"
R02197,P0312,United States,Gochujang sauce,Local Brand W,4,I like the rich seasoning and it feels close to real Korean-style food.,taste_authenticity_positive,positive,2,Taste authenticity,"real korean, style food, style, rich seasoning, rich, seasoning feels, real, seasoning"
R02198,P0312,United States,Gochujang sauce,Local Brand W,3,"The flavor is good, but it is too spicy for my family.",too_spicy,neutral,5,General product experience,"tastes good, tastes, good, saves time, saves, time, time tastes, like saves"
R02199,P0313,United States,Frozen mandu,Korean Brand K,3,"I like it, but I would only buy again if there is a discount.",price_sensitivity,neutral,7,Halal trust and certification,"buy, like buy, discount, buy discount, like, certification, halal certification, clearly shown"
R02200,P0313,United States,Frozen mandu,Korean Brand K,3,"It tastes good, but one pack is not enough for a full meal.",portion_size,neutral,5,General product experience,"tastes good, tastes, good, saves time, saves, time, time tastes, like saves"
R02201,P0313,United States,Frozen mandu,Korean Brand K,4,I would buy this more often if the halal certification was clearly shown.,halal_concern,positive,7,Halal trust and certification,"buy, like buy, discount, buy discount, like, certification, halal certification, clearly shown"
R02202,P0313,United States,Frozen mandu,Korean Brand K,5,Very convenient for a quick meal after work.,convenience_positive,positive,1,Convenience and quick meal,"quick, works, works quick, satisfying, taste satisfying, satisfying works, quick korean, korean meal"
R02203,P0313,United States,Frozen mandu,Korean Brand K,5,Easy to prepare and good for busy weekdays.,convenience_positive,positive,5,General product experience,"tastes good, tastes, good, saves time, saves, time, time tastes, like saves"
R02204,P0313,United States,Frozen mandu,Korean Brand K,3,Clear halal labeling would make me more confident to purchase.,halal_concern,neutral,4,Halal trust and certification,"clear halal, clear, halal, looks, halal information, looks good, good clear, product looks"
R02205,P0313,United States,Frozen mandu,Korean Brand K,3,"I like it, but I would only buy again if there is a discount.",price_sensitivity,neutral,7,Halal trust and certification,"buy, like buy, discount, buy discount, like, certification, halal certification, clearly shown"
R02206,P0313,United States,Frozen mandu,Korean Brand K,3,"The product is good, but the price feels quite high for the portion size.",price_sensitivity,neutral,3,Price sensitivity,"size, price, product good, portion, quite high, quite, price feels, high"
R02207,P0313,United States,Frozen mandu,Korean Brand K,4,I like that it saves time and still tastes good.,convenience_positive,positive,5,General product experience,"tastes good, tastes, good, saves time, saves, time, time tastes, like saves"
R02208,P0313,United States,Frozen mandu,Korean Brand K,5,The taste is very satisfying and works well for a quick Korean meal at home.,taste_authenticity_positive,positive,1,Convenience and quick meal,"quick, works, works quick, satisfying, taste satisfying, satisfying works, quick korean, korean meal"
R02209,P0314,United States,Frozen mandu,Japanese Brand R,3,The serving size could be larger for the price.,portion_size,neutral,3,Price sensitivity,"size, price, product good, portion, quite high, quite, price feels, high"
R02210,P0314,United States,Frozen mandu,Japanese Brand R,3,"The taste is fine, but it feels expensive compared with local alternatives.",price_sensitivity,neutral,3,Price sensitivity,"size, price, product good, portion, quite high, quite, price feels, high"
R02211,P0314,United States,Frozen mandu,Japanese Brand R,4,Clear halal labeling would make me more confident to purchase.,halal_concern,positive,4,Halal trust and certification,"clear halal, clear, halal, looks, halal information, looks good, good clear, product looks"
R02212,P0314,United States,Frozen mandu,Japanese Brand R,5,I like that it saves time and still tastes good.,convenience_positive,positive,5,General product experience,"tastes good, tastes, good, saves time, saves, time, time tastes, like saves"
R02213,P0314,United States,Frozen mandu,Japanese Brand R,2,The serving size could be larger for the price.,portion_size,negative,3,Price sensitivity,"size, price, product good, portion, quite high, quite, price feels, high"
R02214,P0314,United States,Frozen mandu,Japanese Brand R,4,The flavor tastes authentic and reminds me of Korean restaurant food.,taste_authenticity_positive,positive,0,Taste authenticity,"reminds, restaurant food, tastes authentic, restaurant, reminds korean, authentic reminds, korean restaurant, flavor tastes"
R02215,P0314,United States,Frozen mandu,Japanese Brand R,4,The label information could be clearer and easier to read.,packaging_issue,positive,4,Halal trust and certification,"clear halal, clear, halal, looks, halal information, looks good, good clear, product looks"
R02216,P0314,United States,Frozen mandu,Japanese Brand R,2,"It tastes good, but one pack is not enough for a full meal.",portion_size,negative,5,General product experience,"tastes good, tastes, good, saves time, saves, time, time tastes, like saves"
R02217,P0315,United States,Frozen mandu,Korean Brand L,5,I like that it saves time and still tastes good.,convenience_positive,positive,5,General product experience,"tastes good, tastes, good, saves time, saves, time, time tastes, like saves"
R02218,P0315,United States,Frozen mandu,Korean Brand L,3,Clear halal labeling would make me more confident to purchase.,halal_concern,neutral,4,Halal trust and certification,"clear halal, clear, halal, looks, halal information, looks good, good clear, product looks"
R02219,P0315,United States,Frozen mandu,Korean Brand L,4,The serving size could be larger for the price.,portion_size,positive,3,Price sensitivity,"size, price, product good, portion, quite high, quite, price feels, high"
R02220,P0315,United States,Frozen mandu,Korean Brand L,4,I like that it saves time and still tastes good.,convenience_positive,positive,5,General product experience,"tastes good, tastes, good, saves time, saves, time, time tastes, like saves"
R02221,P0315,United States,Frozen mandu,Korean Brand L,2,Clear halal labeling would make me more confident to purchase.,halal_concern,negative,4,Halal trust and certification,"clear halal, clear, halal, looks, halal information, looks good, good clear, product looks"
R02222,P0315,United States,Frozen mandu,Korean Brand L,5,The flavor tastes authentic and reminds me of Korean restaurant food.,taste_authenticity_positive,positive,0,Taste authenticity,"reminds, restaurant food, tastes authentic, restaurant, reminds korean, authentic reminds, korean restaurant, flavor tastes"
R02223,P0315,United States,Frozen mandu,Korean Brand L,4,"I like it, but I would only buy again if there is a discount.",price_sensitivity,positive,7,Halal trust and certification,"buy, like buy, discount, buy discount, like, certification, halal certification, clearly shown"
R02224,P0316,United States,Frozen mandu,Korean Brand D,3,"The taste is fine, but it feels expensive compared with local alternatives.",price_sensitivity,neutral,3,Price sensitivity,"size, price, product good, portion, quite high, quite, price feels, high"
R02225,P0316,United States,Frozen mandu,Korean Brand D,5,I like that it saves time and still tastes good.,convenience_positive,positive,5,General product experience,"tastes good, tastes, good, saves time, saves, time, time tastes, like saves"
R02226,P0316,United States,Frozen mandu,Korean Brand D,2,"The product is good, but the price feels quite high for the portion size.",price_sensitivity,negative,3,Price sensitivity,"size, price, product good, portion, quite high, quite, price feels, high"
R02227,P0316,United States,Frozen mandu,Korean Brand D,3,"The product is good, but the packaging does not feel very strong.",packaging_issue,neutral,3,Price sensitivity,"size, price, product good, portion, quite high, quite, price feels, high"
R02228,P0316,United States,Frozen mandu,Korean Brand D,3,"It tastes good, but one pack is not enough for a full meal.",portion_size,neutral,5,General product experience,"tastes good, tastes, good, saves time, saves, time, time tastes, like saves"
R02229,P0316,United States,Frozen mandu,Korean Brand D,3,Clear halal labeling would make me more confident to purchase.,halal_concern,neutral,4,Halal trust and certification,"clear halal, clear, halal, looks, halal information, looks good, good clear, product looks"
R02230,P0316,United States,Frozen mandu,Korean Brand D,3,The serving size could be larger for the price.,portion_size,neutral,3,Price sensitivity,"size, price, product good, portion, quite high, quite, price feels, high"
R02231,P0316,United States,Frozen mandu,Korean Brand D,3,Clear halal labeling would make me more confident to purchase.,halal_concern,neutral,4,Halal trust and certification,"clear halal, clear, halal, looks, halal information, looks good, good clear, product looks"
R02232,P0317,United States,Frozen mandu,Local Brand E,2,"It tastes good, but one pack is not enough for a full meal.",portion_size,negative,5,General product experience,"tastes good, tastes, good, saves time, saves, time, time tastes, like saves"
R02233,P0317,United States,Frozen mandu,Local Brand E,5,The flavor tastes authentic and reminds me of Korean restaurant food.,taste_authenticity_positive,positive,0,Taste authenticity,"reminds, restaurant food, tastes authentic, restaurant, reminds korean, authentic reminds, korean restaurant, flavor tastes"
R02234,P0317,United States,Frozen mandu,Local Brand E,5,I like that it saves time and still tastes good.,convenience_positive,positive,5,General product experience,"tastes good, tastes, good, saves time, saves, time, time tastes, like saves"
R02235,P0317,United States,Frozen mandu,Local Brand E,4,The taste is very satisfying and works well for a quick Korean meal at home.,taste_authenticity_positive,positive,1,Convenience and quick meal,"quick, works, works quick, satisfying, taste satisfying, satisfying works, quick korean, korean meal"
R02236,P0317,United States,Frozen mandu,Local Brand E,3,The packaging could be improved because it was slightly damaged when delivered.,packaging_issue,neutral,3,Price sensitivity,"size, price, product good, portion, quite high, quite, price feels, high"
R02237,P0317,United States,Frozen mandu,Local Brand E,5,Very convenient for a quick meal after work.,convenience_positive,positive,1,Convenience and quick meal,"quick, works, works quick, satisfying, taste satisfying, satisfying works, quick korean, korean meal"
R02238,P0317,United States,Frozen mandu,Local Brand E,5,The taste is very satisfying and works well for a quick Korean meal at home.,taste_authenticity_positive,positive,1,Convenience and quick meal,"quick, works, works quick, satisfying, taste satisfying, satisfying works, quick korean, korean meal"
R02239,P0317,United States,Frozen mandu,Local Brand E,4,Very convenient for a quick meal after work.,convenience_positive,positive,1,Convenience and quick meal,"quick, works, works quick, satisfying, taste satisfying, satisfying works, quick korean, korean meal"
R02240,P0318,United States,Frozen mandu,Korean Brand P,5,The taste is very satisfying and works well for a quick Korean meal at home.,taste_authenticity_positive,positive,1,Convenience and quick meal,"quick, works, works quick, satisfying, taste satisfying, satisfying works, quick korean, korean meal"
R02241,P0318,United States,Frozen mandu,Korean Brand P,3,I wish there was a milder version because the spice level is too strong.,too_spicy,neutral,6,Spiciness and taste localization,"level, wish, wish milder, spice, spice level, milder version, version spice, milder"
R02242,P0318,United States,Frozen mandu,Korean Brand P,4,I like the rich seasoning and it feels close to real Korean-style food.,taste_authenticity_positive,positive,2,Taste authenticity,"real korean, style food, style, rich seasoning, rich, seasoning feels, real, seasoning"
R02243,P0318,United States,Frozen mandu,Korean Brand P,3,"The product is good, but the price feels quite high for the portion size.",price_sensitivity,neutral,3,Price sensitivity,"size, price, product good, portion, quite high, quite, price feels, high"
R02244,P0319,United States,Frozen mandu,Private Label L,3,"The product is good, but the price feels quite high for the portion size.",price_sensitivity,neutral,3,Price sensitivity,"size, price, product good, portion, quite high, quite, price feels, high"
R02245,P0319,United States,Frozen mandu,Private Label L,2,"I like it, but I would only buy again if there is a discount.",price_sensitivity,negative,7,Halal trust and certification,"buy, like buy, discount, buy discount, like, certification, halal certification, clearly shown"
R02246,P0319,United States,Frozen mandu,Private Label L,3,"It tastes good, but one pack is not enough for a full meal.",portion_size,neutral,5,General product experience,"tastes good, tastes, good, saves time, saves, time, time tastes, like saves"
R02247,P0319,United States,Frozen mandu,Private Label L,4,The flavor tastes authentic and reminds me of Korean restaurant food.,taste_authenticity_positive,positive,0,Taste authenticity,"reminds, restaurant food, tastes authentic, restaurant, reminds korean, authentic reminds, korean restaurant, flavor tastes"
R02248,P0319,United States,Frozen mandu,Private Label L,5,I like the rich seasoning and it feels close to real Korean-style food.,taste_authenticity_positive,positive,2,Taste authenticity,"real korean, style food, style, rich seasoning, rich, seasoning feels, real, seasoning"
R02249,P0319,United States,Frozen mandu,Private Label L,4,Easy to prepare and good for busy weekdays.,convenience_positive,positive,5,General product experience,"tastes good, tastes, good, saves time, saves, time, time tastes, like saves"
R02250,P0319,United States,Frozen mandu,Private Label L,4,Very convenient for a quick meal after work.,convenience_positive,positive,1,Convenience and quick meal,"quick, works, works quick, satisfying, taste satisfying, satisfying works, quick korean, korean meal"
R02251,P0319,United States,Frozen mandu,Private Label L,3,Clear halal labeling would make me more confident to purchase.,halal_concern,neutral,4,Halal trust and certification,"clear halal, clear, halal, looks, halal information, looks good, good clear, product looks"
R02252,P0319,United States,Frozen mandu,Private Label L,3,The packaging could be improved because it was slightly damaged when delivered.,packaging_issue,neutral,3,Price sensitivity,"size, price, product good, portion, quite high, quite, price feels, high"
R02253,P0320,United States,Frozen mandu,Local Brand K,5,I like that it saves time and still tastes good.,convenience_positive,positive,5,General product experience,"tastes good, tastes, good, saves time, saves, time, time tastes, like saves"
R02254,P0320,United States,Frozen mandu,Local Brand K,4,The serving size could be larger for the price.,portion_size,positive,3,Price sensitivity,"size, price, product good, portion, quite high, quite, price feels, high"
R02255,P0320,United States,Frozen mandu,Local Brand K,2,"The product looks good, but I could not find clear halal information.",halal_concern,negative,4,Halal trust and certification,"clear halal, clear, halal, looks, halal information, looks good, good clear, product looks"
R02256,P0320,United States,Frozen mandu,Local Brand K,3,"I like it, but I would only buy again if there is a discount.",price_sensitivity,neutral,7,Halal trust and certification,"buy, like buy, discount, buy discount, like, certification, halal certification, clearly shown"
R02257,P0320,United States,Frozen mandu,Local Brand K,4,The flavor tastes authentic and reminds me of Korean restaurant food.,taste_authenticity_positive,positive,0,Taste authenticity,"reminds, restaurant food, tastes authentic, restaurant, reminds korean, authentic reminds, korean restaurant, flavor tastes"
R02258,P0320,United States,Frozen mandu,Local Brand K,5,The flavor tastes authentic and reminds me of Korean restaurant food.,taste_authenticity_positive,positive,0,Taste authenticity,"reminds, restaurant food, tastes authentic, restaurant, reminds korean, authentic reminds, korean restaurant, flavor tastes"
R02259,P0320,United States,Frozen mandu,Local Brand K,2,I wish there was a milder version because the spice level is too strong.,too_spicy,negative,6,Spiciness and taste localization,"level, wish, wish milder, spice, spice level, milder version, version spice, milder"
R02260,P0320,United States,Frozen mandu,Local Brand K,5,I like the rich seasoning and it feels close to real Korean-style food.,taste_authenticity_positive,positive,2,Taste authenticity,"real korean, style food, style, rich seasoning, rich, seasoning feels, real, seasoning"
R02261,P0321,United States,Ready meal,Korean Brand H,4,"The taste is fine, but it feels expensive compared with local alternatives.",price_sensitivity,positive,3,Price sensitivity,"size, price, product good, portion, quite high, quite, price feels, high"
R02262,P0321,United States,Ready meal,Korean Brand H,4,I like the rich seasoning and it feels close to real Korean-style food.,taste_authenticity_positive,positive,2,Taste authenticity,"real korean, style food, style, rich seasoning, rich, seasoning feels, real, seasoning"
R02263,P0321,United States,Ready meal,Korean Brand H,5,Very convenient for a quick meal after work.,convenience_positive,positive,1,Convenience and quick meal,"quick, works, works quick, satisfying, taste satisfying, satisfying works, quick korean, korean meal"
R02264,P0321,United States,Ready meal,Korean Brand H,4,"I like it, but I would only buy again if there is a discount.",price_sensitivity,positive,7,Halal trust and certification,"buy, like buy, discount, buy discount, like, certification, halal certification, clearly shown"
R02265,P0321,United States,Ready meal,Korean Brand H,3,"The product looks good, but I could not find clear halal information.",halal_concern,neutral,4,Halal trust and certification,"clear halal, clear, halal, looks, halal information, looks good, good clear, product looks"
R02266,P0321,United States,Ready meal,Korean Brand H,5,I like the rich seasoning and it feels close to real Korean-style food.,taste_authenticity_positive,positive,2,Taste authenticity,"real korean, style food, style, rich seasoning, rich, seasoning feels, real, seasoning"
R02267,P0322,United States,Ready meal,Korean Brand W,3,"The flavor is good, but it is too spicy for my family.",too_spicy,neutral,5,General product experience,"tastes good, tastes, good, saves time, saves, time, time tastes, like saves"
R02268,P0322,United States,Ready meal,Korean Brand W,2,"The product is good, but the packaging does not feel very strong.",packaging_issue,negative,3,Price sensitivity,"size, price, product good, portion, quite high, quite, price feels, high"
R02269,P0322,United States,Ready meal,Korean Brand W,3,"The taste is fine, but it feels expensive compared with local alternatives.",price_sensitivity,neutral,3,Price sensitivity,"size, price, product good, portion, quite high, quite, price feels, high"
R02270,P0322,United States,Ready meal,Korean Brand W,3,Clear halal labeling would make me more confident to purchase.,halal_concern,neutral,4,Halal trust and certification,"clear halal, clear, halal, looks, halal information, looks good, good clear, product looks"
R02271,P0322,United States,Ready meal,Korean Brand W,2,"The product is good, but the price feels quite high for the portion size.",price_sensitivity,negative,3,Price sensitivity,"size, price, product good, portion, quite high, quite, price feels, high"
R02272,P0322,United States,Ready meal,Korean Brand W,2,"The product is good, but the price feels quite high for the portion size.",price_sensitivity,negative,3,Price sensitivity,"size, price, product good, portion, quite high, quite, price feels, high"
R02273,P0323,United States,Ready meal,Local Brand E,2,"I like it, but I would only buy again if there is a discount.",price_sensitivity,negative,7,Halal trust and certification,"buy, like buy, discount, buy discount, like, certification, halal certification, clearly shown"
R02274,P0323,United States,Ready meal,Local Brand E,3,"The product is good, but the packaging does not feel very strong.",packaging_issue,neutral,3,Price sensitivity,"size, price, product good, portion, quite high, quite, price feels, high"
R02275,P0323,United States,Ready meal,Local Brand E,4,Very convenient for a quick meal after work.,convenience_positive,positive,1,Convenience and quick meal,"quick, works, works quick, satisfying, taste satisfying, satisfying works, quick korean, korean meal"
R02276,P0323,United States,Ready meal,Local Brand E,3,The label information could be clearer and easier to read.,packaging_issue,neutral,4,Halal trust and certification,"clear halal, clear, halal, looks, halal information, looks good, good clear, product looks"
R02277,P0323,United States,Ready meal,Local Brand E,4,The taste is very satisfying and works well for a quick Korean meal at home.,taste_authenticity_positive,positive,1,Convenience and quick meal,"quick, works, works quick, satisfying, taste satisfying, satisfying works, quick korean, korean meal"
R02278,P0323,United States,Ready meal,Local Brand E,4,"The flavor is good, but it is too spicy for my family.",too_spicy,positive,5,General product experience,"tastes good, tastes, good, saves time, saves, time, time tastes, like saves"
R02279,P0324,United States,Ready meal,Private Label B,4,"The flavor is good, but it is too spicy for my family.",too_spicy,positive,5,General product experience,"tastes good, tastes, good, saves time, saves, time, time tastes, like saves"
R02280,P0324,United States,Ready meal,Private Label B,5,The taste is very satisfying and works well for a quick Korean meal at home.,taste_authenticity_positive,positive,1,Convenience and quick meal,"quick, works, works quick, satisfying, taste satisfying, satisfying works, quick korean, korean meal"
R02281,P0324,United States,Ready meal,Private Label B,3,The serving size could be larger for the price.,portion_size,neutral,3,Price sensitivity,"size, price, product good, portion, quite high, quite, price feels, high"
R02282,P0324,United States,Ready meal,Private Label B,5,The taste is very satisfying and works well for a quick Korean meal at home.,taste_authenticity_positive,positive,1,Convenience and quick meal,"quick, works, works quick, satisfying, taste satisfying, satisfying works, quick korean, korean meal"
R02283,P0324,United States,Ready meal,Private Label B,3,"I like it, but I would only buy again if there is a discount.",price_sensitivity,neutral,7,Halal trust and certification,"buy, like buy, discount, buy discount, like, certification, halal certification, clearly shown"
R02284,P0324,United States,Ready meal,Private Label B,3,Clear halal labeling would make me more confident to purchase.,halal_concern,neutral,4,Halal trust and certification,"clear halal, clear, halal, looks, halal information, looks good, good clear, product looks"
R02285,P0324,United States,Ready meal,Private Label B,3,"Good flavor, but it feels a bit heavy for frequent consumption.",health_concern,neutral,3,Price sensitivity,"size, price, product good, portion, quite high, quite, price feels, high"
R02286,P0324,United States,Ready meal,Private Label B,4,"The product is good, but the price feels quite high for the portion size.",price_sensitivity,positive,3,Price sensitivity,"size, price, product good, portion, quite high, quite, price feels, high"
R02287,P0324,United States,Ready meal,Private Label B,3,Clear halal labeling would make me more confident to purchase.,halal_concern,neutral,4,Halal trust and certification,"clear halal, clear, halal, looks, halal information, looks good, good clear, product looks"
R02288,P0325,United States,Ready meal,Local Brand Q,4,Clear halal labeling would make me more confident to purchase.,halal_concern,positive,4,Halal trust and certification,"clear halal, clear, halal, looks, halal information, looks good, good clear, product looks"
R02289,P0325,United States,Ready meal,Local Brand Q,5,Easy to prepare and good for busy weekdays.,convenience_positive,positive,5,General product experience,"tastes good, tastes, good, saves time, saves, time, time tastes, like saves"
R02290,P0325,United States,Ready meal,Local Brand Q,4,I like the rich seasoning and it feels close to real Korean-style food.,taste_authenticity_positive,positive,2,Taste authenticity,"real korean, style food, style, rich seasoning, rich, seasoning feels, real, seasoning"
R02291,P0325,United States,Ready meal,Local Brand Q,3,"The product is good, but the packaging does not feel very strong.",packaging_issue,neutral,3,Price sensitivity,"size, price, product good, portion, quite high, quite, price feels, high"
R02292,P0325,United States,Ready meal,Local Brand Q,4,Very convenient for a quick meal after work.,convenience_positive,positive,1,Convenience and quick meal,"quick, works, works quick, satisfying, taste satisfying, satisfying works, quick korean, korean meal"
R02293,P0325,United States,Ready meal,Local Brand Q,5,The flavor tastes authentic and reminds me of Korean restaurant food.,taste_authenticity_positive,positive,0,Taste authenticity,"reminds, restaurant food, tastes authentic, restaurant, reminds korean, authentic reminds, korean restaurant, flavor tastes"
R02294,P0325,United States,Ready meal,Local Brand Q,2,"I like it, but I would only buy again if there is a discount.",price_sensitivity,negative,7,Halal trust and certification,"buy, like buy, discount, buy discount, like, certification, halal certification, clearly shown"
R02295,P0325,United States,Ready meal,Local Brand Q,3,"The product looks good, but I could not find clear halal information.",halal_concern,neutral,4,Halal trust and certification,"clear halal, clear, halal, looks, halal information, looks good, good clear, product looks"
R02296,P0325,United States,Ready meal,Local Brand Q,3,Clear halal labeling would make me more confident to purchase.,halal_concern,neutral,4,Halal trust and certification,"clear halal, clear, halal, looks, halal information, looks good, good clear, product looks"
R02297,P0326,United States,Ready meal,Korean Brand L,4,I like that it saves time and still tastes good.,convenience_positive,positive,5,General product experience,"tastes good, tastes, good, saves time, saves, time, time tastes, like saves"
R02298,P0326,United States,Ready meal,Korean Brand L,3,"The taste is fine, but it feels expensive compared with local alternatives.",price_sensitivity,neutral,3,Price sensitivity,"size, price, product good, portion, quite high, quite, price feels, high"
R02299,P0326,United States,Ready meal,Korean Brand L,4,I like the rich seasoning and it feels close to real Korean-style food.,taste_authenticity_positive,positive,2,Taste authenticity,"real korean, style food, style, rich seasoning, rich, seasoning feels, real, seasoning"
R02300,P0326,United States,Ready meal,Korean Brand L,4,I like that it saves time and still tastes good.,convenience_positive,positive,5,General product experience,"tastes good, tastes, good, saves time, saves, time, time tastes, like saves"
R02301,P0327,United States,Ready meal,Korean Brand B,2,Clear halal labeling would make me more confident to purchase.,halal_concern,negative,4,Halal trust and certification,"clear halal, clear, halal, looks, halal information, looks good, good clear, product looks"
R02302,P0327,United States,Ready meal,Korean Brand B,5,Easy to prepare and good for busy weekdays.,convenience_positive,positive,5,General product experience,"tastes good, tastes, good, saves time, saves, time, time tastes, like saves"
R02303,P0327,United States,Ready meal,Korean Brand B,3,The serving size could be larger for the price.,portion_size,neutral,3,Price sensitivity,"size, price, product good, portion, quite high, quite, price feels, high"
R02304,P0327,United States,Ready meal,Korean Brand B,4,Easy to prepare and good for busy weekdays.,convenience_positive,positive,5,General product experience,"tastes good, tastes, good, saves time, saves, time, time tastes, like saves"
R02305,P0327,United States,Ready meal,Korean Brand B,3,I would buy this more often if the halal certification was clearly shown.,halal_concern,neutral,7,Halal trust and certification,"buy, like buy, discount, buy discount, like, certification, halal certification, clearly shown"
R02306,P0327,United States,Ready meal,Korean Brand B,3,"The product is good, but the price feels quite high for the portion size.",price_sensitivity,neutral,3,Price sensitivity,"size, price, product good, portion, quite high, quite, price feels, high"
R02307,P0327,United States,Ready meal,Korean Brand B,3,"The taste is fine, but it feels expensive compared with local alternatives.",price_sensitivity,neutral,3,Price sensitivity,"size, price, product good, portion, quite high, quite, price feels, high"
R02308,P0327,United States,Ready meal,Korean Brand B,4,Very convenient for a quick meal after work.,convenience_positive,positive,1,Convenience and quick meal,"quick, works, works quick, satisfying, taste satisfying, satisfying works, quick korean, korean meal"
R02309,P0327,United States,Ready meal,Korean Brand B,2,I would buy this more often if the halal certification was clearly shown.,halal_concern,negative,7,Halal trust and certification,"buy, like buy, discount, buy discount, like, certification, halal certification, clearly shown"
R02310,P0328,United States,Ready meal,Korean Brand S,4,Easy to prepare and good for busy weekdays.,convenience_positive,positive,5,General product experience,"tastes good, tastes, good, saves time, saves, time, time tastes, like saves"
R02311,P0328,United States,Ready meal,Korean Brand S,5,I like the rich seasoning and it feels close to real Korean-style food.,taste_authenticity_positive,positive,2,Taste authenticity,"real korean, style food, style, rich seasoning, rich, seasoning feels, real, seasoning"
R02312,P0328,United States,Ready meal,Korean Brand S,4,I like that it saves time and still tastes good.,convenience_positive,positive,5,General product experience,"tastes good, tastes, good, saves time, saves, time, time tastes, like saves"
R02313,P0328,United States,Ready meal,Korean Brand S,5,I like the rich seasoning and it feels close to real Korean-style food.,taste_authenticity_positive,positive,2,Taste authenticity,"real korean, style food, style, rich seasoning, rich, seasoning feels, real, seasoning"
R02314,P0329,United States,Seaweed snack,Local Brand V,5,The taste is very satisfying and works well for a quick Korean meal at home.,taste_authenticity_positive,positive,1,Convenience and quick meal,"quick, works, works quick, satisfying, taste satisfying, satisfying works, quick korean, korean meal"
R02315,P0329,United States,Seaweed snack,Local Brand V,4,"The taste is fine, but it feels expensive compared with local alternatives.",price_sensitivity,positive,3,Price sensitivity,"size, price, product good, portion, quite high, quite, price feels, high"
R02316,P0329,United States,Seaweed snack,Local Brand V,3,"The product looks good, but I could not find clear halal information.",halal_concern,neutral,4,Halal trust and certification,"clear halal, clear, halal, looks, halal information, looks good, good clear, product looks"
R02317,P0329,United States,Seaweed snack,Local Brand V,5,The taste is very satisfying and works well for a quick Korean meal at home.,taste_authenticity_positive,positive,1,Convenience and quick meal,"quick, works, works quick, satisfying, taste satisfying, satisfying works, quick korean, korean meal"
R02318,P0329,United States,Seaweed snack,Local Brand V,2,The packaging could be improved because it was slightly damaged when delivered.,packaging_issue,negative,3,Price sensitivity,"size, price, product good, portion, quite high, quite, price feels, high"
R02319,P0329,United States,Seaweed snack,Local Brand V,5,The flavor tastes authentic and reminds me of Korean restaurant food.,taste_authenticity_positive,positive,0,Taste authenticity,"reminds, restaurant food, tastes authentic, restaurant, reminds korean, authentic reminds, korean restaurant, flavor tastes"
R02320,P0329,United States,Seaweed snack,Local Brand V,3,"The flavor is good, but it is too spicy for my family.",too_spicy,neutral,5,General product experience,"tastes good, tastes, good, saves time, saves, time, time tastes, like saves"
R02321,P0330,United States,Seaweed snack,Korean Brand U,4,"I like it, but I would only buy again if there is a discount.",price_sensitivity,positive,7,Halal trust and certification,"buy, like buy, discount, buy discount, like, certification, halal certification, clearly shown"
R02322,P0330,United States,Seaweed snack,Korean Brand U,3,"The flavor is good, but it is too spicy for my family.",too_spicy,neutral,5,General product experience,"tastes good, tastes, good, saves time, saves, time, time tastes, like saves"
R02323,P0330,United States,Seaweed snack,Korean Brand U,3,The serving size could be larger for the price.,portion_size,neutral,3,Price sensitivity,"size, price, product good, portion, quite high, quite, price feels, high"
R02324,P0330,United States,Seaweed snack,Korean Brand U,5,I like that it saves time and still tastes good.,convenience_positive,positive,5,General product experience,"tastes good, tastes, good, saves time, saves, time, time tastes, like saves"
R02325,P0330,United States,Seaweed snack,Korean Brand U,2,The label information could be clearer and easier to read.,packaging_issue,negative,4,Halal trust and certification,"clear halal, clear, halal, looks, halal information, looks good, good clear, product looks"
R02326,P0330,United States,Seaweed snack,Korean Brand U,3,I would prefer a healthier version with cleaner ingredients.,health_concern,neutral,6,Spiciness and taste localization,"level, wish, wish milder, spice, spice level, milder version, version spice, milder"
R02327,P0330,United States,Seaweed snack,Korean Brand U,2,I would buy this more often if the halal certification was clearly shown.,halal_concern,negative,7,Halal trust and certification,"buy, like buy, discount, buy discount, like, certification, halal certification, clearly shown"
R02328,P0330,United States,Seaweed snack,Korean Brand U,5,I like the rich seasoning and it feels close to real Korean-style food.,taste_authenticity_positive,positive,2,Taste authenticity,"real korean, style food, style, rich seasoning, rich, seasoning feels, real, seasoning"
R02329,P0331,United States,Seaweed snack,Japanese Brand M,4,The serving size could be larger for the price.,portion_size,positive,3,Price sensitivity,"size, price, product good, portion, quite high, quite, price feels, high"
R02330,P0331,United States,Seaweed snack,Japanese Brand M,3,The portion is smaller than expected.,portion_size,neutral,3,Price sensitivity,"size, price, product good, portion, quite high, quite, price feels, high"
R02331,P0331,United States,Seaweed snack,Japanese Brand M,5,The flavor tastes authentic and reminds me of Korean restaurant food.,taste_authenticity_positive,positive,0,Taste authenticity,"reminds, restaurant food, tastes authentic, restaurant, reminds korean, authentic reminds, korean restaurant, flavor tastes"
R02332,P0331,United States,Seaweed snack,Japanese Brand M,4,"The flavor is good, but it is too spicy for my family.",too_spicy,positive,5,General product experience,"tastes good, tastes, good, saves time, saves, time, time tastes, like saves"
R02333,P0331,United States,Seaweed snack,Japanese Brand M,4,I would prefer a healthier version with cleaner ingredients.,health_concern,positive,6,Spiciness and taste localization,"level, wish, wish milder, spice, spice level, milder version, version spice, milder"
R02334,P0331,United States,Seaweed snack,Japanese Brand M,3,The portion is smaller than expected.,portion_size,neutral,3,Price sensitivity,"size, price, product good, portion, quite high, quite, price feels, high"
R02335,P0331,United States,Seaweed snack,Japanese Brand M,4,Easy to prepare and good for busy weekdays.,convenience_positive,positive,5,General product experience,"tastes good, tastes, good, saves time, saves, time, time tastes, like saves"
R02336,P0331,United States,Seaweed snack,Japanese Brand M,2,The packaging could be improved because it was slightly damaged when delivered.,packaging_issue,negative,3,Price sensitivity,"size, price, product good, portion, quite high, quite, price feels, high"
R02337,P0332,United States,Seaweed snack,Premium Import Brand Y,4,"The product tastes nice, but the heat level may be difficult for beginners.",too_spicy,positive,6,Spiciness and taste localization,"level, wish, wish milder, spice, spice level, milder version, version spice, milder"
R02338,P0332,United States,Seaweed snack,Premium Import Brand Y,2,"It tastes good, but one pack is not enough for a full meal.",portion_size,negative,5,General product experience,"tastes good, tastes, good, saves time, saves, time, time tastes, like saves"
R02339,P0332,United States,Seaweed snack,Premium Import Brand Y,5,The flavor tastes authentic and reminds me of Korean restaurant food.,taste_authenticity_positive,positive,0,Taste authenticity,"reminds, restaurant food, tastes authentic, restaurant, reminds korean, authentic reminds, korean restaurant, flavor tastes"
R02340,P0332,United States,Seaweed snack,Premium Import Brand Y,5,I like the rich seasoning and it feels close to real Korean-style food.,taste_authenticity_positive,positive,2,Taste authenticity,"real korean, style food, style, rich seasoning, rich, seasoning feels, real, seasoning"
R02341,P0332,United States,Seaweed snack,Premium Import Brand Y,5,The flavor tastes authentic and reminds me of Korean restaurant food.,taste_authenticity_positive,positive,0,Taste authenticity,"reminds, restaurant food, tastes authentic, restaurant, reminds korean, authentic reminds, korean restaurant, flavor tastes"
R02342,P0333,United States,Seaweed snack,Local Brand U,3,The serving size could be larger for the price.,portion_size,neutral,3,Price sensitivity,"size, price, product good, portion, quite high, quite, price feels, high"
R02343,P0333,United States,Seaweed snack,Local Brand U,4,"The taste is fine, but it feels expensive compared with local alternatives.",price_sensitivity,positive,3,Price sensitivity,"size, price, product good, portion, quite high, quite, price feels, high"
R02344,P0333,United States,Seaweed snack,Local Brand U,3,"The taste is fine, but it feels expensive compared with local alternatives.",price_sensitivity,neutral,3,Price sensitivity,"size, price, product good, portion, quite high, quite, price feels, high"
R02345,P0333,United States,Seaweed snack,Local Brand U,2,The packaging could be improved because it was slightly damaged when delivered.,packaging_issue,negative,3,Price sensitivity,"size, price, product good, portion, quite high, quite, price feels, high"
R02346,P0334,United States,Seaweed snack,Japanese Brand S,3,"The product is good, but the packaging does not feel very strong.",packaging_issue,neutral,3,Price sensitivity,"size, price, product good, portion, quite high, quite, price feels, high"
R02347,P0334,United States,Seaweed snack,Japanese Brand S,4,I like the rich seasoning and it feels close to real Korean-style food.,taste_authenticity_positive,positive,2,Taste authenticity,"real korean, style food, style, rich seasoning, rich, seasoning feels, real, seasoning"
R02348,P0334,United States,Seaweed snack,Japanese Brand S,3,"Good flavor, but it feels a bit heavy for frequent consumption.",health_concern,neutral,3,Price sensitivity,"size, price, product good, portion, quite high, quite, price feels, high"
R02349,P0334,United States,Seaweed snack,Japanese Brand S,5,The taste is very satisfying and works well for a quick Korean meal at home.,taste_authenticity_positive,positive,1,Convenience and quick meal,"quick, works, works quick, satisfying, taste satisfying, satisfying works, quick korean, korean meal"
R02350,P0334,United States,Seaweed snack,Japanese Brand S,4,The label information could be clearer and easier to read.,packaging_issue,positive,4,Halal trust and certification,"clear halal, clear, halal, looks, halal information, looks good, good clear, product looks"
R02351,P0334,United States,Seaweed snack,Japanese Brand S,4,The flavor tastes authentic and reminds me of Korean restaurant food.,taste_authenticity_positive,positive,0,Taste authenticity,"reminds, restaurant food, tastes authentic, restaurant, reminds korean, authentic reminds, korean restaurant, flavor tastes"
R02352,P0335,United States,Seaweed snack,Korean Brand U,3,I would prefer a healthier version with cleaner ingredients.,health_concern,neutral,6,Spiciness and taste localization,"level, wish, wish milder, spice, spice level, milder version, version spice, milder"
R02353,P0335,United States,Seaweed snack,Korean Brand U,4,"The taste is nice, but I wish it had less sodium.",health_concern,positive,6,Spiciness and taste localization,"level, wish, wish milder, spice, spice level, milder version, version spice, milder"
R02354,P0335,United States,Seaweed snack,Korean Brand U,4,The taste is very satisfying and works well for a quick Korean meal at home.,taste_authenticity_positive,positive,1,Convenience and quick meal,"quick, works, works quick, satisfying, taste satisfying, satisfying works, quick korean, korean meal"
R02355,P0335,United States,Seaweed snack,Korean Brand U,3,The serving size could be larger for the price.,portion_size,neutral,3,Price sensitivity,"size, price, product good, portion, quite high, quite, price feels, high"
R02356,P0336,United States,Seaweed snack,Korean Brand E,5,Very convenient for a quick meal after work.,convenience_positive,positive,1,Convenience and quick meal,"quick, works, works quick, satisfying, taste satisfying, satisfying works, quick korean, korean meal"
R02357,P0336,United States,Seaweed snack,Korean Brand E,4,Clear halal labeling would make me more confident to purchase.,halal_concern,positive,4,Halal trust and certification,"clear halal, clear, halal, looks, halal information, looks good, good clear, product looks"
R02358,P0336,United States,Seaweed snack,Korean Brand E,2,"I like it, but I would only buy again if there is a discount.",price_sensitivity,negative,7,Halal trust and certification,"buy, like buy, discount, buy discount, like, certification, halal certification, clearly shown"
R02359,P0336,United States,Seaweed snack,Korean Brand E,4,The serving size could be larger for the price.,portion_size,positive,3,Price sensitivity,"size, price, product good, portion, quite high, quite, price feels, high"
R02360,P0336,United States,Seaweed snack,Korean Brand E,4,Easy to prepare and good for busy weekdays.,convenience_positive,positive,5,General product experience,"tastes good, tastes, good, saves time, saves, time, time tastes, like saves"
R02361,P0337,Australia,Korean ramen,Korean Brand Z,2,The label information could be clearer and easier to read.,packaging_issue,negative,4,Halal trust and certification,"clear halal, clear, halal, looks, halal information, looks good, good clear, product looks"
R02362,P0337,Australia,Korean ramen,Korean Brand Z,3,I would buy this more often if the halal certification was clearly shown.,halal_concern,neutral,7,Halal trust and certification,"buy, like buy, discount, buy discount, like, certification, halal certification, clearly shown"
R02363,P0337,Australia,Korean ramen,Korean Brand Z,3,Clear halal labeling would make me more confident to purchase.,halal_concern,neutral,4,Halal trust and certification,"clear halal, clear, halal, looks, halal information, looks good, good clear, product looks"
R02364,P0337,Australia,Korean ramen,Korean Brand Z,5,The taste is very satisfying and works well for a quick Korean meal at home.,taste_authenticity_positive,positive,1,Convenience and quick meal,"quick, works, works quick, satisfying, taste satisfying, satisfying works, quick korean, korean meal"
R02365,P0337,Australia,Korean ramen,Korean Brand Z,5,The flavor tastes authentic and reminds me of Korean restaurant food.,taste_authenticity_positive,positive,0,Taste authenticity,"reminds, restaurant food, tastes authentic, restaurant, reminds korean, authentic reminds, korean restaurant, flavor tastes"
R02366,P0338,Australia,Korean ramen,Local Brand R,4,I like that it saves time and still tastes good.,convenience_positive,positive,5,General product experience,"tastes good, tastes, good, saves time, saves, time, time tastes, like saves"
R02367,P0338,Australia,Korean ramen,Local Brand R,3,"The product is good, but the price feels quite high for the portion size.",price_sensitivity,neutral,3,Price sensitivity,"size, price, product good, portion, quite high, quite, price feels, high"
R02368,P0338,Australia,Korean ramen,Local Brand R,5,The flavor tastes authentic and reminds me of Korean restaurant food.,taste_authenticity_positive,positive,0,Taste authenticity,"reminds, restaurant food, tastes authentic, restaurant, reminds korean, authentic reminds, korean restaurant, flavor tastes"
R02369,P0338,Australia,Korean ramen,Local Brand R,4,"The product is good, but the packaging does not feel very strong.",packaging_issue,positive,3,Price sensitivity,"size, price, product good, portion, quite high, quite, price feels, high"
R02370,P0338,Australia,Korean ramen,Local Brand R,3,The serving size could be larger for the price.,portion_size,neutral,3,Price sensitivity,"size, price, product good, portion, quite high, quite, price feels, high"
R02371,P0339,Australia,Korean ramen,Premium Import Brand L,3,Clear halal labeling would make me more confident to purchase.,halal_concern,neutral,4,Halal trust and certification,"clear halal, clear, halal, looks, halal information, looks good, good clear, product looks"
R02372,P0339,Australia,Korean ramen,Premium Import Brand L,3,"The taste is fine, but it feels expensive compared with local alternatives.",price_sensitivity,neutral,3,Price sensitivity,"size, price, product good, portion, quite high, quite, price feels, high"
R02373,P0339,Australia,Korean ramen,Premium Import Brand L,5,I like the rich seasoning and it feels close to real Korean-style food.,taste_authenticity_positive,positive,2,Taste authenticity,"real korean, style food, style, rich seasoning, rich, seasoning feels, real, seasoning"
R02374,P0339,Australia,Korean ramen,Premium Import Brand L,4,The serving size could be larger for the price.,portion_size,positive,3,Price sensitivity,"size, price, product good, portion, quite high, quite, price feels, high"
R02375,P0339,Australia,Korean ramen,Premium Import Brand L,2,"I like it, but I would only buy again if there is a discount.",price_sensitivity,negative,7,Halal trust and certification,"buy, like buy, discount, buy discount, like, certification, halal certification, clearly shown"
R02376,P0339,Australia,Korean ramen,Premium Import Brand L,3,I wish there was a milder version because the spice level is too strong.,too_spicy,neutral,6,Spiciness and taste localization,"level, wish, wish milder, spice, spice level, milder version, version spice, milder"
R02377,P0339,Australia,Korean ramen,Premium Import Brand L,3,"The product tastes nice, but the heat level may be difficult for beginners.",too_spicy,neutral,6,Spiciness and taste localization,"level, wish, wish milder, spice, spice level, milder version, version spice, milder"
R02378,P0339,Australia,Korean ramen,Premium Import Brand L,3,Clear halal labeling would make me more confident to purchase.,halal_concern,neutral,4,Halal trust and certification,"clear halal, clear, halal, looks, halal information, looks good, good clear, product looks"
R02379,P0340,Australia,Korean ramen,Local Brand J,3,"The product is good, but the price feels quite high for the portion size.",price_sensitivity,neutral,3,Price sensitivity,"size, price, product good, portion, quite high, quite, price feels, high"
R02380,P0340,Australia,Korean ramen,Local Brand J,3,I wish there was a milder version because the spice level is too strong.,too_spicy,neutral,6,Spiciness and taste localization,"level, wish, wish milder, spice, spice level, milder version, version spice, milder"
R02381,P0340,Australia,Korean ramen,Local Brand J,3,"The product is good, but the packaging does not feel very strong.",packaging_issue,neutral,3,Price sensitivity,"size, price, product good, portion, quite high, quite, price feels, high"
R02382,P0340,Australia,Korean ramen,Local Brand J,3,"It tastes good, but one pack is not enough for a full meal.",portion_size,neutral,5,General product experience,"tastes good, tastes, good, saves time, saves, time, time tastes, like saves"
R02383,P0340,Australia,Korean ramen,Local Brand J,2,"The product is good, but the packaging does not feel very strong.",packaging_issue,negative,3,Price sensitivity,"size, price, product good, portion, quite high, quite, price feels, high"
R02384,P0340,Australia,Korean ramen,Local Brand J,5,Easy to prepare and good for busy weekdays.,convenience_positive,positive,5,General product experience,"tastes good, tastes, good, saves time, saves, time, time tastes, like saves"
R02385,P0341,Australia,Korean ramen,Premium Import Brand Y,4,"The flavor is good, but it is too spicy for my family.",too_spicy,positive,5,General product experience,"tastes good, tastes, good, saves time, saves, time, time tastes, like saves"
R02386,P0341,Australia,Korean ramen,Premium Import Brand Y,3,I would buy this more often if the halal certification was clearly shown.,halal_concern,neutral,7,Halal trust and certification,"buy, like buy, discount, buy discount, like, certification, halal certification, clearly shown"
R02387,P0341,Australia,Korean ramen,Premium Import Brand Y,3,"The product looks good, but I could not find clear halal information.",halal_concern,neutral,4,Halal trust and certification,"clear halal, clear, halal, looks, halal information, looks good, good clear, product looks"
R02388,P0341,Australia,Korean ramen,Premium Import Brand Y,5,The taste is very satisfying and works well for a quick Korean meal at home.,taste_authenticity_positive,positive,1,Convenience and quick meal,"quick, works, works quick, satisfying, taste satisfying, satisfying works, quick korean, korean meal"
R02389,P0341,Australia,Korean ramen,Premium Import Brand Y,3,The serving size could be larger for the price.,portion_size,neutral,3,Price sensitivity,"size, price, product good, portion, quite high, quite, price feels, high"
R02390,P0341,Australia,Korean ramen,Premium Import Brand Y,3,"The product tastes nice, but the heat level may be difficult for beginners.",too_spicy,neutral,6,Spiciness and taste localization,"level, wish, wish milder, spice, spice level, milder version, version spice, milder"
R02391,P0341,Australia,Korean ramen,Premium Import Brand Y,2,"Good flavor, but it feels a bit heavy for frequent consumption.",health_concern,negative,3,Price sensitivity,"size, price, product good, portion, quite high, quite, price feels, high"
R02392,P0342,Australia,Korean ramen,Korean Brand J,2,"The product looks good, but I could not find clear halal information.",halal_concern,negative,4,Halal trust and certification,"clear halal, clear, halal, looks, halal information, looks good, good clear, product looks"
R02393,P0342,Australia,Korean ramen,Korean Brand J,5,I like that it saves time and still tastes good.,convenience_positive,positive,5,General product experience,"tastes good, tastes, good, saves time, saves, time, time tastes, like saves"
R02394,P0342,Australia,Korean ramen,Korean Brand J,3,"The product tastes nice, but the heat level may be difficult for beginners.",too_spicy,neutral,6,Spiciness and taste localization,"level, wish, wish milder, spice, spice level, milder version, version spice, milder"
R02395,P0342,Australia,Korean ramen,Korean Brand J,3,"It tastes good, but one pack is not enough for a full meal.",portion_size,neutral,5,General product experience,"tastes good, tastes, good, saves time, saves, time, time tastes, like saves"
R02396,P0342,Australia,Korean ramen,Korean Brand J,3,"The taste is fine, but it feels expensive compared with local alternatives.",price_sensitivity,neutral,3,Price sensitivity,"size, price, product good, portion, quite high, quite, price feels, high"
R02397,P0342,Australia,Korean ramen,Korean Brand J,5,The taste is very satisfying and works well for a quick Korean meal at home.,taste_authenticity_positive,positive,1,Convenience and quick meal,"quick, works, works quick, satisfying, taste satisfying, satisfying works, quick korean, korean meal"
R02398,P0343,Australia,Korean ramen,Local Brand M,2,"The product tastes nice, but the heat level may be difficult for beginners.",too_spicy,negative,6,Spiciness and taste localization,"level, wish, wish milder, spice, spice level, milder version, version spice, milder"
R02399,P0343,Australia,Korean ramen,Local Brand M,3,"The taste is fine, but it feels expensive compared with local alternatives.",price_sensitivity,neutral,3,Price sensitivity,"size, price, product good, portion, quite high, quite, price feels, high"
R02400,P0343,Australia,Korean ramen,Local Brand M,3,The packaging could be improved because it was slightly damaged when delivered.,packaging_issue,neutral,3,Price sensitivity,"size, price, product good, portion, quite high, quite, price feels, high"
R02401,P0343,Australia,Korean ramen,Local Brand M,4,Very convenient for a quick meal after work.,convenience_positive,positive,1,Convenience and quick meal,"quick, works, works quick, satisfying, taste satisfying, satisfying works, quick korean, korean meal"
R02402,P0343,Australia,Korean ramen,Local Brand M,4,Very convenient for a quick meal after work.,convenience_positive,positive,1,Convenience and quick meal,"quick, works, works quick, satisfying, taste satisfying, satisfying works, quick korean, korean meal"
R02403,P0343,Australia,Korean ramen,Local Brand M,3,"The taste is fine, but it feels expensive compared with local alternatives.",price_sensitivity,neutral,3,Price sensitivity,"size, price, product good, portion, quite high, quite, price feels, high"
R02404,P0343,Australia,Korean ramen,Local Brand M,3,Clear halal labeling would make me more confident to purchase.,halal_concern,neutral,4,Halal trust and certification,"clear halal, clear, halal, looks, halal information, looks good, good clear, product looks"
R02405,P0343,Australia,Korean ramen,Local Brand M,5,Easy to prepare and good for busy weekdays.,convenience_positive,positive,5,General product experience,"tastes good, tastes, good, saves time, saves, time, time tastes, like saves"
R02406,P0343,Australia,Korean ramen,Local Brand M,4,I like that it saves time and still tastes good.,convenience_positive,positive,5,General product experience,"tastes good, tastes, good, saves time, saves, time, time tastes, like saves"
R02407,P0343,Australia,Korean ramen,Local Brand M,5,Easy to prepare and good for busy weekdays.,convenience_positive,positive,5,General product experience,"tastes good, tastes, good, saves time, saves, time, time tastes, like saves"
R02408,P0344,Australia,Korean ramen,Korean Brand M,3,"The taste is fine, but it feels expensive compared with local alternatives.",price_sensitivity,neutral,3,Price sensitivity,"size, price, product good, portion, quite high, quite, price feels, high"
R02409,P0344,Australia,Korean ramen,Korean Brand M,5,Very convenient for a quick meal after work.,convenience_positive,positive,1,Convenience and quick meal,"quick, works, works quick, satisfying, taste satisfying, satisfying works, quick korean, korean meal"
R02410,P0344,Australia,Korean ramen,Korean Brand M,4,I like that it saves time and still tastes good.,convenience_positive,positive,5,General product experience,"tastes good, tastes, good, saves time, saves, time, time tastes, like saves"
R02411,P0344,Australia,Korean ramen,Korean Brand M,4,The taste is very satisfying and works well for a quick Korean meal at home.,taste_authenticity_positive,positive,1,Convenience and quick meal,"quick, works, works quick, satisfying, taste satisfying, satisfying works, quick korean, korean meal"
R02412,P0344,Australia,Korean ramen,Korean Brand M,5,Very convenient for a quick meal after work.,convenience_positive,positive,1,Convenience and quick meal,"quick, works, works quick, satisfying, taste satisfying, satisfying works, quick korean, korean meal"
R02413,P0344,Australia,Korean ramen,Korean Brand M,4,I like that it saves time and still tastes good.,convenience_positive,positive,5,General product experience,"tastes good, tastes, good, saves time, saves, time, time tastes, like saves"
R02414,P0345,Australia,Kimchi,Japanese Brand J,3,"The product tastes nice, but the heat level may be difficult for beginners.",too_spicy,neutral,6,Spiciness and taste localization,"level, wish, wish milder, spice, spice level, milder version, version spice, milder"
R02415,P0345,Australia,Kimchi,Japanese Brand J,5,The taste is very satisfying and works well for a quick Korean meal at home.,taste_authenticity_positive,positive,1,Convenience and quick meal,"quick, works, works quick, satisfying, taste satisfying, satisfying works, quick korean, korean meal"
R02416,P0345,Australia,Kimchi,Japanese Brand J,4,"The product tastes nice, but the heat level may be difficult for beginners.",too_spicy,positive,6,Spiciness and taste localization,"level, wish, wish milder, spice, spice level, milder version, version spice, milder"
R02417,P0345,Australia,Kimchi,Japanese Brand J,2,I wish there was a milder version because the spice level is too strong.,too_spicy,negative,6,Spiciness and taste localization,"level, wish, wish milder, spice, spice level, milder version, version spice, milder"
R02418,P0345,Australia,Kimchi,Japanese Brand J,2,The label information could be clearer and easier to read.,packaging_issue,negative,4,Halal trust and certification,"clear halal, clear, halal, looks, halal information, looks good, good clear, product looks"
R02419,P0345,Australia,Kimchi,Japanese Brand J,4,I would buy this more often if the halal certification was clearly shown.,halal_concern,positive,7,Halal trust and certification,"buy, like buy, discount, buy discount, like, certification, halal certification, clearly shown"
R02420,P0345,Australia,Kimchi,Japanese Brand J,2,"The product looks good, but I could not find clear halal information.",halal_concern,negative,4,Halal trust and certification,"clear halal, clear, halal, looks, halal information, looks good, good clear, product looks"
R02421,P0345,Australia,Kimchi,Japanese Brand J,3,The serving size could be larger for the price.,portion_size,neutral,3,Price sensitivity,"size, price, product good, portion, quite high, quite, price feels, high"
R02422,P0345,Australia,Kimchi,Japanese Brand J,4,Easy to prepare and good for busy weekdays.,convenience_positive,positive,5,General product experience,"tastes good, tastes, good, saves time, saves, time, time tastes, like saves"
R02423,P0346,Australia,Kimchi,Korean Brand H,4,I like that it saves time and still tastes good.,convenience_positive,positive,5,General product experience,"tastes good, tastes, good, saves time, saves, time, time tastes, like saves"
R02424,P0346,Australia,Kimchi,Korean Brand H,5,I like that it saves time and still tastes good.,convenience_positive,positive,5,General product experience,"tastes good, tastes, good, saves time, saves, time, time tastes, like saves"
R02425,P0346,Australia,Kimchi,Korean Brand H,3,"Good flavor, but it feels a bit heavy for frequent consumption.",health_concern,neutral,3,Price sensitivity,"size, price, product good, portion, quite high, quite, price feels, high"
R02426,P0346,Australia,Kimchi,Korean Brand H,3,"Good flavor, but it feels a bit heavy for frequent consumption.",health_concern,neutral,3,Price sensitivity,"size, price, product good, portion, quite high, quite, price feels, high"
R02427,P0346,Australia,Kimchi,Korean Brand H,2,"It tastes good, but one pack is not enough for a full meal.",portion_size,negative,5,General product experience,"tastes good, tastes, good, saves time, saves, time, time tastes, like saves"
R02428,P0346,Australia,Kimchi,Korean Brand H,5,The taste is very satisfying and works well for a quick Korean meal at home.,taste_authenticity_positive,positive,1,Convenience and quick meal,"quick, works, works quick, satisfying, taste satisfying, satisfying works, quick korean, korean meal"
R02429,P0346,Australia,Kimchi,Korean Brand H,3,"The taste is fine, but it feels expensive compared with local alternatives.",price_sensitivity,neutral,3,Price sensitivity,"size, price, product good, portion, quite high, quite, price feels, high"
R02430,P0346,Australia,Kimchi,Korean Brand H,5,The taste is very satisfying and works well for a quick Korean meal at home.,taste_authenticity_positive,positive,1,Convenience and quick meal,"quick, works, works quick, satisfying, taste satisfying, satisfying works, quick korean, korean meal"
R02431,P0346,Australia,Kimchi,Korean Brand H,5,I like the rich seasoning and it feels close to real Korean-style food.,taste_authenticity_positive,positive,2,Taste authenticity,"real korean, style food, style, rich seasoning, rich, seasoning feels, real, seasoning"
R02432,P0346,Australia,Kimchi,Korean Brand H,4,I like the rich seasoning and it feels close to real Korean-style food.,taste_authenticity_positive,positive,2,Taste authenticity,"real korean, style food, style, rich seasoning, rich, seasoning feels, real, seasoning"
R02433,P0347,Australia,Kimchi,Local Brand L,3,"The product is good, but the price feels quite high for the portion size.",price_sensitivity,neutral,3,Price sensitivity,"size, price, product good, portion, quite high, quite, price feels, high"
R02434,P0347,Australia,Kimchi,Local Brand L,2,"Good flavor, but it feels a bit heavy for frequent consumption.",health_concern,negative,3,Price sensitivity,"size, price, product good, portion, quite high, quite, price feels, high"
R02435,P0347,Australia,Kimchi,Local Brand L,4,The flavor tastes authentic and reminds me of Korean restaurant food.,taste_authenticity_positive,positive,0,Taste authenticity,"reminds, restaurant food, tastes authentic, restaurant, reminds korean, authentic reminds, korean restaurant, flavor tastes"
R02436,P0347,Australia,Kimchi,Local Brand L,4,The flavor tastes authentic and reminds me of Korean restaurant food.,taste_authenticity_positive,positive,0,Taste authenticity,"reminds, restaurant food, tastes authentic, restaurant, reminds korean, authentic reminds, korean restaurant, flavor tastes"
R02437,P0347,Australia,Kimchi,Local Brand L,3,"The product is good, but the packaging does not feel very strong.",packaging_issue,neutral,3,Price sensitivity,"size, price, product good, portion, quite high, quite, price feels, high"
R02438,P0348,Australia,Kimchi,Japanese Brand F,3,I would buy this more often if the halal certification was clearly shown.,halal_concern,neutral,7,Halal trust and certification,"buy, like buy, discount, buy discount, like, certification, halal certification, clearly shown"
R02439,P0348,Australia,Kimchi,Japanese Brand F,2,The portion is smaller than expected.,portion_size,negative,3,Price sensitivity,"size, price, product good, portion, quite high, quite, price feels, high"
R02440,P0348,Australia,Kimchi,Japanese Brand F,5,The taste is very satisfying and works well for a quick Korean meal at home.,taste_authenticity_positive,positive,1,Convenience and quick meal,"quick, works, works quick, satisfying, taste satisfying, satisfying works, quick korean, korean meal"
R02441,P0348,Australia,Kimchi,Japanese Brand F,5,The flavor tastes authentic and reminds me of Korean restaurant food.,taste_authenticity_positive,positive,0,Taste authenticity,"reminds, restaurant food, tastes authentic, restaurant, reminds korean, authentic reminds, korean restaurant, flavor tastes"
R02442,P0348,Australia,Kimchi,Japanese Brand F,3,The portion is smaller than expected.,portion_size,neutral,3,Price sensitivity,"size, price, product good, portion, quite high, quite, price feels, high"
R02443,P0348,Australia,Kimchi,Japanese Brand F,4,I would prefer a healthier version with cleaner ingredients.,health_concern,positive,6,Spiciness and taste localization,"level, wish, wish milder, spice, spice level, milder version, version spice, milder"
R02444,P0348,Australia,Kimchi,Japanese Brand F,2,The packaging could be improved because it was slightly damaged when delivered.,packaging_issue,negative,3,Price sensitivity,"size, price, product good, portion, quite high, quite, price feels, high"
R02445,P0348,Australia,Kimchi,Japanese Brand F,5,I like the rich seasoning and it feels close to real Korean-style food.,taste_authenticity_positive,positive,2,Taste authenticity,"real korean, style food, style, rich seasoning, rich, seasoning feels, real, seasoning"
R02446,P0349,Australia,Kimchi,Local Brand L,2,"Good flavor, but it feels a bit heavy for frequent consumption.",health_concern,negative,3,Price sensitivity,"size, price, product good, portion, quite high, quite, price feels, high"
R02447,P0349,Australia,Kimchi,Local Brand L,3,"I like it, but I would only buy again if there is a discount.",price_sensitivity,neutral,7,Halal trust and certification,"buy, like buy, discount, buy discount, like, certification, halal certification, clearly shown"
R02448,P0349,Australia,Kimchi,Local Brand L,2,The portion is smaller than expected.,portion_size,negative,3,Price sensitivity,"size, price, product good, portion, quite high, quite, price feels, high"
R02449,P0349,Australia,Kimchi,Local Brand L,3,"The product is good, but the price feels quite high for the portion size.",price_sensitivity,neutral,3,Price sensitivity,"size, price, product good, portion, quite high, quite, price feels, high"
R02450,P0349,Australia,Kimchi,Local Brand L,2,"Good flavor, but it feels a bit heavy for frequent consumption.",health_concern,negative,3,Price sensitivity,"size, price, product good, portion, quite high, quite, price feels, high"
R02451,P0350,Australia,Kimchi,Premium Import Brand H,5,I like the rich seasoning and it feels close to real Korean-style food.,taste_authenticity_positive,positive,2,Taste authenticity,"real korean, style food, style, rich seasoning, rich, seasoning feels, real, seasoning"
R02452,P0350,Australia,Kimchi,Premium Import Brand H,3,"The product is good, but the price feels quite high for the portion size.",price_sensitivity,neutral,3,Price sensitivity,"size, price, product good, portion, quite high, quite, price feels, high"
R02453,P0350,Australia,Kimchi,Premium Import Brand H,5,The taste is very satisfying and works well for a quick Korean meal at home.,taste_authenticity_positive,positive,1,Convenience and quick meal,"quick, works, works quick, satisfying, taste satisfying, satisfying works, quick korean, korean meal"
R02454,P0350,Australia,Kimchi,Premium Import Brand H,3,I would buy this more often if the halal certification was clearly shown.,halal_concern,neutral,7,Halal trust and certification,"buy, like buy, discount, buy discount, like, certification, halal certification, clearly shown"
R02455,P0350,Australia,Kimchi,Premium Import Brand H,5,I like the rich seasoning and it feels close to real Korean-style food.,taste_authenticity_positive,positive,2,Taste authenticity,"real korean, style food, style, rich seasoning, rich, seasoning feels, real, seasoning"
R02456,P0350,Australia,Kimchi,Premium Import Brand H,3,I would prefer a healthier version with cleaner ingredients.,health_concern,neutral,6,Spiciness and taste localization,"level, wish, wish milder, spice, spice level, milder version, version spice, milder"
R02457,P0350,Australia,Kimchi,Premium Import Brand H,4,The flavor tastes authentic and reminds me of Korean restaurant food.,taste_authenticity_positive,positive,0,Taste authenticity,"reminds, restaurant food, tastes authentic, restaurant, reminds korean, authentic reminds, korean restaurant, flavor tastes"
R02458,P0351,Australia,Kimchi,Korean Brand N,5,The taste is very satisfying and works well for a quick Korean meal at home.,taste_authenticity_positive,positive,1,Convenience and quick meal,"quick, works, works quick, satisfying, taste satisfying, satisfying works, quick korean, korean meal"
R02459,P0351,Australia,Kimchi,Korean Brand N,3,"The taste is fine, but it feels expensive compared with local alternatives.",price_sensitivity,neutral,3,Price sensitivity,"size, price, product good, portion, quite high, quite, price feels, high"
R02460,P0351,Australia,Kimchi,Korean Brand N,4,The taste is very satisfying and works well for a quick Korean meal at home.,taste_authenticity_positive,positive,1,Convenience and quick meal,"quick, works, works quick, satisfying, taste satisfying, satisfying works, quick korean, korean meal"
R02461,P0351,Australia,Kimchi,Korean Brand N,5,The taste is very satisfying and works well for a quick Korean meal at home.,taste_authenticity_positive,positive,1,Convenience and quick meal,"quick, works, works quick, satisfying, taste satisfying, satisfying works, quick korean, korean meal"
R02462,P0352,Australia,Kimchi,Premium Import Brand B,5,The flavor tastes authentic and reminds me of Korean restaurant food.,taste_authenticity_positive,positive,0,Taste authenticity,"reminds, restaurant food, tastes authentic, restaurant, reminds korean, authentic reminds, korean restaurant, flavor tastes"
R02463,P0352,Australia,Kimchi,Premium Import Brand B,2,The serving size could be larger for the price.,portion_size,negative,3,Price sensitivity,"size, price, product good, portion, quite high, quite, price feels, high"
R02464,P0352,Australia,Kimchi,Premium Import Brand B,4,The taste is very satisfying and works well for a quick Korean meal at home.,taste_authenticity_positive,positive,1,Convenience and quick meal,"quick, works, works quick, satisfying, taste satisfying, satisfying works, quick korean, korean meal"
R02465,P0352,Australia,Kimchi,Premium Import Brand B,4,"Good flavor, but it feels a bit heavy for frequent consumption.",health_concern,positive,3,Price sensitivity,"size, price, product good, portion, quite high, quite, price feels, high"
R02466,P0352,Australia,Kimchi,Premium Import Brand B,2,I would prefer a healthier version with cleaner ingredients.,health_concern,negative,6,Spiciness and taste localization,"level, wish, wish milder, spice, spice level, milder version, version spice, milder"
R02467,P0352,Australia,Kimchi,Premium Import Brand B,2,"The taste is nice, but I wish it had less sodium.",health_concern,negative,6,Spiciness and taste localization,"level, wish, wish milder, spice, spice level, milder version, version spice, milder"
R02468,P0353,Australia,Gochujang sauce,Local Brand K,3,"The product tastes nice, but the heat level may be difficult for beginners.",too_spicy,neutral,6,Spiciness and taste localization,"level, wish, wish milder, spice, spice level, milder version, version spice, milder"
R02469,P0353,Australia,Gochujang sauce,Local Brand K,3,"The taste is fine, but it feels expensive compared with local alternatives.",price_sensitivity,neutral,3,Price sensitivity,"size, price, product good, portion, quite high, quite, price feels, high"
R02470,P0353,Australia,Gochujang sauce,Local Brand K,3,I wish there was a milder version because the spice level is too strong.,too_spicy,neutral,6,Spiciness and taste localization,"level, wish, wish milder, spice, spice level, milder version, version spice, milder"
R02471,P0353,Australia,Gochujang sauce,Local Brand K,3,"The taste is fine, but it feels expensive compared with local alternatives.",price_sensitivity,neutral,3,Price sensitivity,"size, price, product good, portion, quite high, quite, price feels, high"
R02472,P0353,Australia,Gochujang sauce,Local Brand K,3,"Good flavor, but it feels a bit heavy for frequent consumption.",health_concern,neutral,3,Price sensitivity,"size, price, product good, portion, quite high, quite, price feels, high"
R02473,P0353,Australia,Gochujang sauce,Local Brand K,5,The flavor tastes authentic and reminds me of Korean restaurant food.,taste_authenticity_positive,positive,0,Taste authenticity,"reminds, restaurant food, tastes authentic, restaurant, reminds korean, authentic reminds, korean restaurant, flavor tastes"
R02474,P0353,Australia,Gochujang sauce,Local Brand K,2,"I like it, but I would only buy again if there is a discount.",price_sensitivity,negative,7,Halal trust and certification,"buy, like buy, discount, buy discount, like, certification, halal certification, clearly shown"
R02475,P0354,Australia,Gochujang sauce,Private Label Q,2,"The product is good, but the packaging does not feel very strong.",packaging_issue,negative,3,Price sensitivity,"size, price, product good, portion, quite high, quite, price feels, high"
R02476,P0354,Australia,Gochujang sauce,Private Label Q,3,"The product looks good, but I could not find clear halal information.",halal_concern,neutral,4,Halal trust and certification,"clear halal, clear, halal, looks, halal information, looks good, good clear, product looks"
R02477,P0354,Australia,Gochujang sauce,Private Label Q,4,The taste is very satisfying and works well for a quick Korean meal at home.,taste_authenticity_positive,positive,1,Convenience and quick meal,"quick, works, works quick, satisfying, taste satisfying, satisfying works, quick korean, korean meal"
R02478,P0354,Australia,Gochujang sauce,Private Label Q,3,"The product is good, but the packaging does not feel very strong.",packaging_issue,neutral,3,Price sensitivity,"size, price, product good, portion, quite high, quite, price feels, high"
R02479,P0354,Australia,Gochujang sauce,Private Label Q,5,The taste is very satisfying and works well for a quick Korean meal at home.,taste_authenticity_positive,positive,1,Convenience and quick meal,"quick, works, works quick, satisfying, taste satisfying, satisfying works, quick korean, korean meal"
R02480,P0354,Australia,Gochujang sauce,Private Label Q,5,The flavor tastes authentic and reminds me of Korean restaurant food.,taste_authenticity_positive,positive,0,Taste authenticity,"reminds, restaurant food, tastes authentic, restaurant, reminds korean, authentic reminds, korean restaurant, flavor tastes"
R02481,P0354,Australia,Gochujang sauce,Private Label Q,2,"The product is good, but the price feels quite high for the portion size.",price_sensitivity,negative,3,Price sensitivity,"size, price, product good, portion, quite high, quite, price feels, high"
R02482,P0355,Australia,Gochujang sauce,Private Label Q,3,The label information could be clearer and easier to read.,packaging_issue,neutral,4,Halal trust and certification,"clear halal, clear, halal, looks, halal information, looks good, good clear, product looks"
R02483,P0355,Australia,Gochujang sauce,Private Label Q,5,I like the rich seasoning and it feels close to real Korean-style food.,taste_authenticity_positive,positive,2,Taste authenticity,"real korean, style food, style, rich seasoning, rich, seasoning feels, real, seasoning"
R02484,P0355,Australia,Gochujang sauce,Private Label Q,4,The flavor tastes authentic and reminds me of Korean restaurant food.,taste_authenticity_positive,positive,0,Taste authenticity,"reminds, restaurant food, tastes authentic, restaurant, reminds korean, authentic reminds, korean restaurant, flavor tastes"
R02485,P0355,Australia,Gochujang sauce,Private Label Q,3,"The taste is fine, but it feels expensive compared with local alternatives.",price_sensitivity,neutral,3,Price sensitivity,"size, price, product good, portion, quite high, quite, price feels, high"
R02486,P0355,Australia,Gochujang sauce,Private Label Q,2,"It tastes good, but one pack is not enough for a full meal.",portion_size,negative,5,General product experience,"tastes good, tastes, good, saves time, saves, time, time tastes, like saves"
R02487,P0355,Australia,Gochujang sauce,Private Label Q,2,"The product is good, but the price feels quite high for the portion size.",price_sensitivity,negative,3,Price sensitivity,"size, price, product good, portion, quite high, quite, price feels, high"
R02488,P0356,Australia,Gochujang sauce,Japanese Brand K,5,I like that it saves time and still tastes good.,convenience_positive,positive,5,General product experience,"tastes good, tastes, good, saves time, saves, time, time tastes, like saves"
R02489,P0356,Australia,Gochujang sauce,Japanese Brand K,3,The label information could be clearer and easier to read.,packaging_issue,neutral,4,Halal trust and certification,"clear halal, clear, halal, looks, halal information, looks good, good clear, product looks"
R02490,P0356,Australia,Gochujang sauce,Japanese Brand K,2,"Good flavor, but it feels a bit heavy for frequent consumption.",health_concern,negative,3,Price sensitivity,"size, price, product good, portion, quite high, quite, price feels, high"
R02491,P0356,Australia,Gochujang sauce,Japanese Brand K,3,"The product tastes nice, but the heat level may be difficult for beginners.",too_spicy,neutral,6,Spiciness and taste localization,"level, wish, wish milder, spice, spice level, milder version, version spice, milder"
R02492,P0356,Australia,Gochujang sauce,Japanese Brand K,4,I like the rich seasoning and it feels close to real Korean-style food.,taste_authenticity_positive,positive,2,Taste authenticity,"real korean, style food, style, rich seasoning, rich, seasoning feels, real, seasoning"
R02493,P0357,Australia,Gochujang sauce,Korean Brand P,3,"The taste is fine, but it feels expensive compared with local alternatives.",price_sensitivity,neutral,3,Price sensitivity,"size, price, product good, portion, quite high, quite, price feels, high"
R02494,P0357,Australia,Gochujang sauce,Korean Brand P,4,The taste is very satisfying and works well for a quick Korean meal at home.,taste_authenticity_positive,positive,1,Convenience and quick meal,"quick, works, works quick, satisfying, taste satisfying, satisfying works, quick korean, korean meal"
R02495,P0357,Australia,Gochujang sauce,Korean Brand P,3,"Good flavor, but it feels a bit heavy for frequent consumption.",health_concern,neutral,3,Price sensitivity,"size, price, product good, portion, quite high, quite, price feels, high"
R02496,P0357,Australia,Gochujang sauce,Korean Brand P,4,The taste is very satisfying and works well for a quick Korean meal at home.,taste_authenticity_positive,positive,1,Convenience and quick meal,"quick, works, works quick, satisfying, taste satisfying, satisfying works, quick korean, korean meal"
R02497,P0357,Australia,Gochujang sauce,Korean Brand P,3,The packaging could be improved because it was slightly damaged when delivered.,packaging_issue,neutral,3,Price sensitivity,"size, price, product good, portion, quite high, quite, price feels, high"
R02498,P0357,Australia,Gochujang sauce,Korean Brand P,3,"The product tastes nice, but the heat level may be difficult for beginners.",too_spicy,neutral,6,Spiciness and taste localization,"level, wish, wish milder, spice, spice level, milder version, version spice, milder"
R02499,P0357,Australia,Gochujang sauce,Korean Brand P,5,The flavor tastes authentic and reminds me of Korean restaurant food.,taste_authenticity_positive,positive,0,Taste authenticity,"reminds, restaurant food, tastes authentic, restaurant, reminds korean, authentic reminds, korean restaurant, flavor tastes"
R02500,P0357,Australia,Gochujang sauce,Korean Brand P,2,I would prefer a healthier version with cleaner ingredients.,health_concern,negative,6,Spiciness and taste localization,"level, wish, wish milder, spice, spice level, milder version, version spice, milder"
R02501,P0357,Australia,Gochujang sauce,Korean Brand P,3,"It tastes good, but one pack is not enough for a full meal.",portion_size,neutral,5,General product experience,"tastes good, tastes, good, saves time, saves, time, time tastes, like saves"
R02502,P0358,Australia,Gochujang sauce,Korean Brand E,3,"The flavor is good, but it is too spicy for my family.",too_spicy,neutral,5,General product experience,"tastes good, tastes, good, saves time, saves, time, time tastes, like saves"
R02503,P0358,Australia,Gochujang sauce,Korean Brand E,3,"The product tastes nice, but the heat level may be difficult for beginners.",too_spicy,neutral,6,Spiciness and taste localization,"level, wish, wish milder, spice, spice level, milder version, version spice, milder"
R02504,P0358,Australia,Gochujang sauce,Korean Brand E,4,Very convenient for a quick meal after work.,convenience_positive,positive,1,Convenience and quick meal,"quick, works, works quick, satisfying, taste satisfying, satisfying works, quick korean, korean meal"
R02505,P0358,Australia,Gochujang sauce,Korean Brand E,4,The flavor tastes authentic and reminds me of Korean restaurant food.,taste_authenticity_positive,positive,0,Taste authenticity,"reminds, restaurant food, tastes authentic, restaurant, reminds korean, authentic reminds, korean restaurant, flavor tastes"
R02506,P0358,Australia,Gochujang sauce,Korean Brand E,3,The packaging could be improved because it was slightly damaged when delivered.,packaging_issue,neutral,3,Price sensitivity,"size, price, product good, portion, quite high, quite, price feels, high"
R02507,P0358,Australia,Gochujang sauce,Korean Brand E,5,The taste is very satisfying and works well for a quick Korean meal at home.,taste_authenticity_positive,positive,1,Convenience and quick meal,"quick, works, works quick, satisfying, taste satisfying, satisfying works, quick korean, korean meal"
R02508,P0358,Australia,Gochujang sauce,Korean Brand E,5,The taste is very satisfying and works well for a quick Korean meal at home.,taste_authenticity_positive,positive,1,Convenience and quick meal,"quick, works, works quick, satisfying, taste satisfying, satisfying works, quick korean, korean meal"
R02509,P0358,Australia,Gochujang sauce,Korean Brand E,3,"The product is good, but the price feels quite high for the portion size.",price_sensitivity,neutral,3,Price sensitivity,"size, price, product good, portion, quite high, quite, price feels, high"
R02510,P0358,Australia,Gochujang sauce,Korean Brand E,5,I like the rich seasoning and it feels close to real Korean-style food.,taste_authenticity_positive,positive,2,Taste authenticity,"real korean, style food, style, rich seasoning, rich, seasoning feels, real, seasoning"
R02511,P0358,Australia,Gochujang sauce,Korean Brand E,2,The packaging could be improved because it was slightly damaged when delivered.,packaging_issue,negative,3,Price sensitivity,"size, price, product good, portion, quite high, quite, price feels, high"
R02512,P0359,Australia,Gochujang sauce,Premium Import Brand H,4,"I like it, but I would only buy again if there is a discount.",price_sensitivity,positive,7,Halal trust and certification,"buy, like buy, discount, buy discount, like, certification, halal certification, clearly shown"
R02513,P0359,Australia,Gochujang sauce,Premium Import Brand H,5,Easy to prepare and good for busy weekdays.,convenience_positive,positive,5,General product experience,"tastes good, tastes, good, saves time, saves, time, time tastes, like saves"
R02514,P0359,Australia,Gochujang sauce,Premium Import Brand H,4,I like that it saves time and still tastes good.,convenience_positive,positive,5,General product experience,"tastes good, tastes, good, saves time, saves, time, time tastes, like saves"
R02515,P0359,Australia,Gochujang sauce,Premium Import Brand H,5,I like the rich seasoning and it feels close to real Korean-style food.,taste_authenticity_positive,positive,2,Taste authenticity,"real korean, style food, style, rich seasoning, rich, seasoning feels, real, seasoning"
R02516,P0359,Australia,Gochujang sauce,Premium Import Brand H,3,I would buy this more often if the halal certification was clearly shown.,halal_concern,neutral,7,Halal trust and certification,"buy, like buy, discount, buy discount, like, certification, halal certification, clearly shown"
R02517,P0359,Australia,Gochujang sauce,Premium Import Brand H,4,I would buy this more often if the halal certification was clearly shown.,halal_concern,positive,7,Halal trust and certification,"buy, like buy, discount, buy discount, like, certification, halal certification, clearly shown"
R02518,P0359,Australia,Gochujang sauce,Premium Import Brand H,4,Clear halal labeling would make me more confident to purchase.,halal_concern,positive,4,Halal trust and certification,"clear halal, clear, halal, looks, halal information, looks good, good clear, product looks"
R02519,P0359,Australia,Gochujang sauce,Premium Import Brand H,2,"The product looks good, but I could not find clear halal information.",halal_concern,negative,4,Halal trust and certification,"clear halal, clear, halal, looks, halal information, looks good, good clear, product looks"
R02520,P0360,Australia,Gochujang sauce,Premium Import Brand U,5,The flavor tastes authentic and reminds me of Korean restaurant food.,taste_authenticity_positive,positive,0,Taste authenticity,"reminds, restaurant food, tastes authentic, restaurant, reminds korean, authentic reminds, korean restaurant, flavor tastes"
R02521,P0360,Australia,Gochujang sauce,Premium Import Brand U,3,"I like it, but I would only buy again if there is a discount.",price_sensitivity,neutral,7,Halal trust and certification,"buy, like buy, discount, buy discount, like, certification, halal certification, clearly shown"
R02522,P0360,Australia,Gochujang sauce,Premium Import Brand U,4,"It tastes good, but one pack is not enough for a full meal.",portion_size,positive,5,General product experience,"tastes good, tastes, good, saves time, saves, time, time tastes, like saves"
R02523,P0360,Australia,Gochujang sauce,Premium Import Brand U,3,"Good flavor, but it feels a bit heavy for frequent consumption.",health_concern,neutral,3,Price sensitivity,"size, price, product good, portion, quite high, quite, price feels, high"
R02524,P0360,Australia,Gochujang sauce,Premium Import Brand U,2,"The flavor is good, but it is too spicy for my family.",too_spicy,negative,5,General product experience,"tastes good, tastes, good, saves time, saves, time, time tastes, like saves"
R02525,P0360,Australia,Gochujang sauce,Premium Import Brand U,3,"The flavor is good, but it is too spicy for my family.",too_spicy,neutral,5,General product experience,"tastes good, tastes, good, saves time, saves, time, time tastes, like saves"
R02526,P0360,Australia,Gochujang sauce,Premium Import Brand U,4,"The flavor is good, but it is too spicy for my family.",too_spicy,positive,5,General product experience,"tastes good, tastes, good, saves time, saves, time, time tastes, like saves"
R02527,P0360,Australia,Gochujang sauce,Premium Import Brand U,3,I wish there was a milder version because the spice level is too strong.,too_spicy,neutral,6,Spiciness and taste localization,"level, wish, wish milder, spice, spice level, milder version, version spice, milder"
R02528,P0361,Australia,Frozen mandu,Japanese Brand X,5,I like that it saves time and still tastes good.,convenience_positive,positive,5,General product experience,"tastes good, tastes, good, saves time, saves, time, time tastes, like saves"
R02529,P0361,Australia,Frozen mandu,Japanese Brand X,3,I would buy this more often if the halal certification was clearly shown.,halal_concern,neutral,7,Halal trust and certification,"buy, like buy, discount, buy discount, like, certification, halal certification, clearly shown"
R02530,P0361,Australia,Frozen mandu,Japanese Brand X,3,"The product tastes nice, but the heat level may be difficult for beginners.",too_spicy,neutral,6,Spiciness and taste localization,"level, wish, wish milder, spice, spice level, milder version, version spice, milder"
R02531,P0361,Australia,Frozen mandu,Japanese Brand X,2,"The product tastes nice, but the heat level may be difficult for beginners.",too_spicy,negative,6,Spiciness and taste localization,"level, wish, wish milder, spice, spice level, milder version, version spice, milder"
R02532,P0361,Australia,Frozen mandu,Japanese Brand X,3,The serving size could be larger for the price.,portion_size,neutral,3,Price sensitivity,"size, price, product good, portion, quite high, quite, price feels, high"
R02533,P0361,Australia,Frozen mandu,Japanese Brand X,4,Easy to prepare and good for busy weekdays.,convenience_positive,positive,5,General product experience,"tastes good, tastes, good, saves time, saves, time, time tastes, like saves"
R02534,P0361,Australia,Frozen mandu,Japanese Brand X,2,"It tastes good, but one pack is not enough for a full meal.",portion_size,negative,5,General product experience,"tastes good, tastes, good, saves time, saves, time, time tastes, like saves"
R02535,P0361,Australia,Frozen mandu,Japanese Brand X,4,The taste is very satisfying and works well for a quick Korean meal at home.,taste_authenticity_positive,positive,1,Convenience and quick meal,"quick, works, works quick, satisfying, taste satisfying, satisfying works, quick korean, korean meal"
R02536,P0362,Australia,Frozen mandu,Korean Brand Y,3,"The taste is fine, but it feels expensive compared with local alternatives.",price_sensitivity,neutral,3,Price sensitivity,"size, price, product good, portion, quite high, quite, price feels, high"
R02537,P0362,Australia,Frozen mandu,Korean Brand Y,3,"I like it, but I would only buy again if there is a discount.",price_sensitivity,neutral,7,Halal trust and certification,"buy, like buy, discount, buy discount, like, certification, halal certification, clearly shown"
R02538,P0362,Australia,Frozen mandu,Korean Brand Y,4,"The product is good, but the price feels quite high for the portion size.",price_sensitivity,positive,3,Price sensitivity,"size, price, product good, portion, quite high, quite, price feels, high"
R02539,P0362,Australia,Frozen mandu,Korean Brand Y,4,The serving size could be larger for the price.,portion_size,positive,3,Price sensitivity,"size, price, product good, portion, quite high, quite, price feels, high"
R02540,P0363,Australia,Frozen mandu,Local Brand V,3,"I like it, but I would only buy again if there is a discount.",price_sensitivity,neutral,7,Halal trust and certification,"buy, like buy, discount, buy discount, like, certification, halal certification, clearly shown"
R02541,P0363,Australia,Frozen mandu,Local Brand V,4,The serving size could be larger for the price.,portion_size,positive,3,Price sensitivity,"size, price, product good, portion, quite high, quite, price feels, high"
R02542,P0363,Australia,Frozen mandu,Local Brand V,4,The flavor tastes authentic and reminds me of Korean restaurant food.,taste_authenticity_positive,positive,0,Taste authenticity,"reminds, restaurant food, tastes authentic, restaurant, reminds korean, authentic reminds, korean restaurant, flavor tastes"
R02543,P0363,Australia,Frozen mandu,Local Brand V,4,Very convenient for a quick meal after work.,convenience_positive,positive,1,Convenience and quick meal,"quick, works, works quick, satisfying, taste satisfying, satisfying works, quick korean, korean meal"
R02544,P0363,Australia,Frozen mandu,Local Brand V,3,The label information could be clearer and easier to read.,packaging_issue,neutral,4,Halal trust and certification,"clear halal, clear, halal, looks, halal information, looks good, good clear, product looks"
R02545,P0363,Australia,Frozen mandu,Local Brand V,2,I would buy this more often if the halal certification was clearly shown.,halal_concern,negative,7,Halal trust and certification,"buy, like buy, discount, buy discount, like, certification, halal certification, clearly shown"
R02546,P0363,Australia,Frozen mandu,Local Brand V,5,The taste is very satisfying and works well for a quick Korean meal at home.,taste_authenticity_positive,positive,1,Convenience and quick meal,"quick, works, works quick, satisfying, taste satisfying, satisfying works, quick korean, korean meal"
R02547,P0363,Australia,Frozen mandu,Local Brand V,5,Very convenient for a quick meal after work.,convenience_positive,positive,1,Convenience and quick meal,"quick, works, works quick, satisfying, taste satisfying, satisfying works, quick korean, korean meal"
R02548,P0363,Australia,Frozen mandu,Local Brand V,3,"I like it, but I would only buy again if there is a discount.",price_sensitivity,neutral,7,Halal trust and certification,"buy, like buy, discount, buy discount, like, certification, halal certification, clearly shown"
R02549,P0363,Australia,Frozen mandu,Local Brand V,5,I like that it saves time and still tastes good.,convenience_positive,positive,5,General product experience,"tastes good, tastes, good, saves time, saves, time, time tastes, like saves"
R02550,P0364,Australia,Frozen mandu,Premium Import Brand Z,4,The serving size could be larger for the price.,portion_size,positive,3,Price sensitivity,"size, price, product good, portion, quite high, quite, price feels, high"
R02551,P0364,Australia,Frozen mandu,Premium Import Brand Z,3,"The product looks good, but I could not find clear halal information.",halal_concern,neutral,4,Halal trust and certification,"clear halal, clear, halal, looks, halal information, looks good, good clear, product looks"
R02552,P0364,Australia,Frozen mandu,Premium Import Brand Z,3,"The product is good, but the price feels quite high for the portion size.",price_sensitivity,neutral,3,Price sensitivity,"size, price, product good, portion, quite high, quite, price feels, high"
R02553,P0364,Australia,Frozen mandu,Premium Import Brand Z,4,"The product looks good, but I could not find clear halal information.",halal_concern,positive,4,Halal trust and certification,"clear halal, clear, halal, looks, halal information, looks good, good clear, product looks"
R02554,P0364,Australia,Frozen mandu,Premium Import Brand Z,3,"The product is good, but the price feels quite high for the portion size.",price_sensitivity,neutral,3,Price sensitivity,"size, price, product good, portion, quite high, quite, price feels, high"
R02555,P0364,Australia,Frozen mandu,Premium Import Brand Z,4,The packaging could be improved because it was slightly damaged when delivered.,packaging_issue,positive,3,Price sensitivity,"size, price, product good, portion, quite high, quite, price feels, high"
R02556,P0364,Australia,Frozen mandu,Premium Import Brand Z,5,I like that it saves time and still tastes good.,convenience_positive,positive,5,General product experience,"tastes good, tastes, good, saves time, saves, time, time tastes, like saves"
R02557,P0364,Australia,Frozen mandu,Premium Import Brand Z,3,"The product looks good, but I could not find clear halal information.",halal_concern,neutral,4,Halal trust and certification,"clear halal, clear, halal, looks, halal information, looks good, good clear, product looks"
R02558,P0365,Australia,Frozen mandu,Japanese Brand X,3,"The product is good, but the packaging does not feel very strong.",packaging_issue,neutral,3,Price sensitivity,"size, price, product good, portion, quite high, quite, price feels, high"
R02559,P0365,Australia,Frozen mandu,Japanese Brand X,4,I like the rich seasoning and it feels close to real Korean-style food.,taste_authenticity_positive,positive,2,Taste authenticity,"real korean, style food, style, rich seasoning, rich, seasoning feels, real, seasoning"
R02560,P0365,Australia,Frozen mandu,Japanese Brand X,5,I like the rich seasoning and it feels close to real Korean-style food.,taste_authenticity_positive,positive,2,Taste authenticity,"real korean, style food, style, rich seasoning, rich, seasoning feels, real, seasoning"
R02561,P0365,Australia,Frozen mandu,Japanese Brand X,3,I would buy this more often if the halal certification was clearly shown.,halal_concern,neutral,7,Halal trust and certification,"buy, like buy, discount, buy discount, like, certification, halal certification, clearly shown"
R02562,P0366,Australia,Frozen mandu,Japanese Brand S,5,The taste is very satisfying and works well for a quick Korean meal at home.,taste_authenticity_positive,positive,1,Convenience and quick meal,"quick, works, works quick, satisfying, taste satisfying, satisfying works, quick korean, korean meal"
R02563,P0366,Australia,Frozen mandu,Japanese Brand S,3,Clear halal labeling would make me more confident to purchase.,halal_concern,neutral,4,Halal trust and certification,"clear halal, clear, halal, looks, halal information, looks good, good clear, product looks"
R02564,P0366,Australia,Frozen mandu,Japanese Brand S,5,Easy to prepare and good for busy weekdays.,convenience_positive,positive,5,General product experience,"tastes good, tastes, good, saves time, saves, time, time tastes, like saves"
R02565,P0366,Australia,Frozen mandu,Japanese Brand S,3,"The taste is fine, but it feels expensive compared with local alternatives.",price_sensitivity,neutral,3,Price sensitivity,"size, price, product good, portion, quite high, quite, price feels, high"
R02566,P0366,Australia,Frozen mandu,Japanese Brand S,5,I like that it saves time and still tastes good.,convenience_positive,positive,5,General product experience,"tastes good, tastes, good, saves time, saves, time, time tastes, like saves"
R02567,P0366,Australia,Frozen mandu,Japanese Brand S,5,The flavor tastes authentic and reminds me of Korean restaurant food.,taste_authenticity_positive,positive,0,Taste authenticity,"reminds, restaurant food, tastes authentic, restaurant, reminds korean, authentic reminds, korean restaurant, flavor tastes"
R02568,P0366,Australia,Frozen mandu,Japanese Brand S,2,The packaging could be improved because it was slightly damaged when delivered.,packaging_issue,negative,3,Price sensitivity,"size, price, product good, portion, quite high, quite, price feels, high"
R02569,P0366,Australia,Frozen mandu,Japanese Brand S,3,The serving size could be larger for the price.,portion_size,neutral,3,Price sensitivity,"size, price, product good, portion, quite high, quite, price feels, high"
R02570,P0366,Australia,Frozen mandu,Japanese Brand S,5,Easy to prepare and good for busy weekdays.,convenience_positive,positive,5,General product experience,"tastes good, tastes, good, saves time, saves, time, time tastes, like saves"
R02571,P0366,Australia,Frozen mandu,Japanese Brand S,3,I wish there was a milder version because the spice level is too strong.,too_spicy,neutral,6,Spiciness and taste localization,"level, wish, wish milder, spice, spice level, milder version, version spice, milder"
R02572,P0367,Australia,Frozen mandu,Korean Brand T,3,The portion is smaller than expected.,portion_size,neutral,3,Price sensitivity,"size, price, product good, portion, quite high, quite, price feels, high"
R02573,P0367,Australia,Frozen mandu,Korean Brand T,3,Clear halal labeling would make me more confident to purchase.,halal_concern,neutral,4,Halal trust and certification,"clear halal, clear, halal, looks, halal information, looks good, good clear, product looks"
R02574,P0367,Australia,Frozen mandu,Korean Brand T,2,The label information could be clearer and easier to read.,packaging_issue,negative,4,Halal trust and certification,"clear halal, clear, halal, looks, halal information, looks good, good clear, product looks"
R02575,P0367,Australia,Frozen mandu,Korean Brand T,3,Clear halal labeling would make me more confident to purchase.,halal_concern,neutral,4,Halal trust and certification,"clear halal, clear, halal, looks, halal information, looks good, good clear, product looks"
R02576,P0367,Australia,Frozen mandu,Korean Brand T,5,Very convenient for a quick meal after work.,convenience_positive,positive,1,Convenience and quick meal,"quick, works, works quick, satisfying, taste satisfying, satisfying works, quick korean, korean meal"
R02577,P0367,Australia,Frozen mandu,Korean Brand T,5,The flavor tastes authentic and reminds me of Korean restaurant food.,taste_authenticity_positive,positive,0,Taste authenticity,"reminds, restaurant food, tastes authentic, restaurant, reminds korean, authentic reminds, korean restaurant, flavor tastes"
R02578,P0368,Australia,Frozen mandu,Korean Brand D,5,The taste is very satisfying and works well for a quick Korean meal at home.,taste_authenticity_positive,positive,1,Convenience and quick meal,"quick, works, works quick, satisfying, taste satisfying, satisfying works, quick korean, korean meal"
R02579,P0368,Australia,Frozen mandu,Korean Brand D,3,"The product is good, but the packaging does not feel very strong.",packaging_issue,neutral,3,Price sensitivity,"size, price, product good, portion, quite high, quite, price feels, high"
R02580,P0368,Australia,Frozen mandu,Korean Brand D,3,I wish there was a milder version because the spice level is too strong.,too_spicy,neutral,6,Spiciness and taste localization,"level, wish, wish milder, spice, spice level, milder version, version spice, milder"
R02581,P0368,Australia,Frozen mandu,Korean Brand D,5,The flavor tastes authentic and reminds me of Korean restaurant food.,taste_authenticity_positive,positive,0,Taste authenticity,"reminds, restaurant food, tastes authentic, restaurant, reminds korean, authentic reminds, korean restaurant, flavor tastes"
R02582,P0368,Australia,Frozen mandu,Korean Brand D,3,"It tastes good, but one pack is not enough for a full meal.",portion_size,neutral,5,General product experience,"tastes good, tastes, good, saves time, saves, time, time tastes, like saves"
R02583,P0368,Australia,Frozen mandu,Korean Brand D,3,"The product looks good, but I could not find clear halal information.",halal_concern,neutral,4,Halal trust and certification,"clear halal, clear, halal, looks, halal information, looks good, good clear, product looks"
R02584,P0368,Australia,Frozen mandu,Korean Brand D,3,Clear halal labeling would make me more confident to purchase.,halal_concern,neutral,4,Halal trust and certification,"clear halal, clear, halal, looks, halal information, looks good, good clear, product looks"
R02585,P0368,Australia,Frozen mandu,Korean Brand D,3,Clear halal labeling would make me more confident to purchase.,halal_concern,neutral,4,Halal trust and certification,"clear halal, clear, halal, looks, halal information, looks good, good clear, product looks"
R02586,P0368,Australia,Frozen mandu,Korean Brand D,2,"I like it, but I would only buy again if there is a discount.",price_sensitivity,negative,7,Halal trust and certification,"buy, like buy, discount, buy discount, like, certification, halal certification, clearly shown"
R02587,P0369,Australia,Ready meal,Korean Brand Q,2,The portion is smaller than expected.,portion_size,negative,3,Price sensitivity,"size, price, product good, portion, quite high, quite, price feels, high"
R02588,P0369,Australia,Ready meal,Korean Brand Q,5,The taste is very satisfying and works well for a quick Korean meal at home.,taste_authenticity_positive,positive,1,Convenience and quick meal,"quick, works, works quick, satisfying, taste satisfying, satisfying works, quick korean, korean meal"
R02589,P0369,Australia,Ready meal,Korean Brand Q,4,"The product looks good, but I could not find clear halal information.",halal_concern,positive,4,Halal trust and certification,"clear halal, clear, halal, looks, halal information, looks good, good clear, product looks"
R02590,P0369,Australia,Ready meal,Korean Brand Q,5,The taste is very satisfying and works well for a quick Korean meal at home.,taste_authenticity_positive,positive,1,Convenience and quick meal,"quick, works, works quick, satisfying, taste satisfying, satisfying works, quick korean, korean meal"
R02591,P0369,Australia,Ready meal,Korean Brand Q,2,"The product tastes nice, but the heat level may be difficult for beginners.",too_spicy,negative,6,Spiciness and taste localization,"level, wish, wish milder, spice, spice level, milder version, version spice, milder"
R02592,P0369,Australia,Ready meal,Korean Brand Q,3,I would prefer a healthier version with cleaner ingredients.,health_concern,neutral,6,Spiciness and taste localization,"level, wish, wish milder, spice, spice level, milder version, version spice, milder"
R02593,P0369,Australia,Ready meal,Korean Brand Q,2,"The product looks good, but I could not find clear halal information.",halal_concern,negative,4,Halal trust and certification,"clear halal, clear, halal, looks, halal information, looks good, good clear, product looks"
R02594,P0369,Australia,Ready meal,Korean Brand Q,4,The packaging could be improved because it was slightly damaged when delivered.,packaging_issue,positive,3,Price sensitivity,"size, price, product good, portion, quite high, quite, price feels, high"
R02595,P0370,Australia,Ready meal,Local Brand X,5,Easy to prepare and good for busy weekdays.,convenience_positive,positive,5,General product experience,"tastes good, tastes, good, saves time, saves, time, time tastes, like saves"
R02596,P0370,Australia,Ready meal,Local Brand X,5,I like that it saves time and still tastes good.,convenience_positive,positive,5,General product experience,"tastes good, tastes, good, saves time, saves, time, time tastes, like saves"
R02597,P0370,Australia,Ready meal,Local Brand X,5,Very convenient for a quick meal after work.,convenience_positive,positive,1,Convenience and quick meal,"quick, works, works quick, satisfying, taste satisfying, satisfying works, quick korean, korean meal"
R02598,P0370,Australia,Ready meal,Local Brand X,4,I wish there was a milder version because the spice level is too strong.,too_spicy,positive,6,Spiciness and taste localization,"level, wish, wish milder, spice, spice level, milder version, version spice, milder"
R02599,P0370,Australia,Ready meal,Local Brand X,5,I like that it saves time and still tastes good.,convenience_positive,positive,5,General product experience,"tastes good, tastes, good, saves time, saves, time, time tastes, like saves"
R02600,P0371,Australia,Ready meal,Korean Brand G,2,I would buy this more often if the halal certification was clearly shown.,halal_concern,negative,7,Halal trust and certification,"buy, like buy, discount, buy discount, like, certification, halal certification, clearly shown"
R02601,P0371,Australia,Ready meal,Korean Brand G,5,Very convenient for a quick meal after work.,convenience_positive,positive,1,Convenience and quick meal,"quick, works, works quick, satisfying, taste satisfying, satisfying works, quick korean, korean meal"
R02602,P0371,Australia,Ready meal,Korean Brand G,5,The flavor tastes authentic and reminds me of Korean restaurant food.,taste_authenticity_positive,positive,0,Taste authenticity,"reminds, restaurant food, tastes authentic, restaurant, reminds korean, authentic reminds, korean restaurant, flavor tastes"
R02603,P0371,Australia,Ready meal,Korean Brand G,5,The taste is very satisfying and works well for a quick Korean meal at home.,taste_authenticity_positive,positive,1,Convenience and quick meal,"quick, works, works quick, satisfying, taste satisfying, satisfying works, quick korean, korean meal"
R02604,P0371,Australia,Ready meal,Korean Brand G,3,"The taste is fine, but it feels expensive compared with local alternatives.",price_sensitivity,neutral,3,Price sensitivity,"size, price, product good, portion, quite high, quite, price feels, high"
R02605,P0371,Australia,Ready meal,Korean Brand G,2,"The product is good, but the price feels quite high for the portion size.",price_sensitivity,negative,3,Price sensitivity,"size, price, product good, portion, quite high, quite, price feels, high"
R02606,P0371,Australia,Ready meal,Korean Brand G,2,"The taste is fine, but it feels expensive compared with local alternatives.",price_sensitivity,negative,3,Price sensitivity,"size, price, product good, portion, quite high, quite, price feels, high"
R02607,P0372,Australia,Ready meal,Local Brand B,3,The portion is smaller than expected.,portion_size,neutral,3,Price sensitivity,"size, price, product good, portion, quite high, quite, price feels, high"
R02608,P0372,Australia,Ready meal,Local Brand B,4,"The product is good, but the price feels quite high for the portion size.",price_sensitivity,positive,3,Price sensitivity,"size, price, product good, portion, quite high, quite, price feels, high"
R02609,P0372,Australia,Ready meal,Local Brand B,2,Clear halal labeling would make me more confident to purchase.,halal_concern,negative,4,Halal trust and certification,"clear halal, clear, halal, looks, halal information, looks good, good clear, product looks"
R02610,P0372,Australia,Ready meal,Local Brand B,3,"The taste is fine, but it feels expensive compared with local alternatives.",price_sensitivity,neutral,3,Price sensitivity,"size, price, product good, portion, quite high, quite, price feels, high"
R02611,P0372,Australia,Ready meal,Local Brand B,4,The flavor tastes authentic and reminds me of Korean restaurant food.,taste_authenticity_positive,positive,0,Taste authenticity,"reminds, restaurant food, tastes authentic, restaurant, reminds korean, authentic reminds, korean restaurant, flavor tastes"
R02612,P0372,Australia,Ready meal,Local Brand B,3,The serving size could be larger for the price.,portion_size,neutral,3,Price sensitivity,"size, price, product good, portion, quite high, quite, price feels, high"
R02613,P0373,Australia,Ready meal,Korean Brand W,2,"I like it, but I would only buy again if there is a discount.",price_sensitivity,negative,7,Halal trust and certification,"buy, like buy, discount, buy discount, like, certification, halal certification, clearly shown"
R02614,P0373,Australia,Ready meal,Korean Brand W,5,Very convenient for a quick meal after work.,convenience_positive,positive,1,Convenience and quick meal,"quick, works, works quick, satisfying, taste satisfying, satisfying works, quick korean, korean meal"
R02615,P0373,Australia,Ready meal,Korean Brand W,5,The flavor tastes authentic and reminds me of Korean restaurant food.,taste_authenticity_positive,positive,0,Taste authenticity,"reminds, restaurant food, tastes authentic, restaurant, reminds korean, authentic reminds, korean restaurant, flavor tastes"
R02616,P0373,Australia,Ready meal,Korean Brand W,4,Clear halal labeling would make me more confident to purchase.,halal_concern,positive,4,Halal trust and certification,"clear halal, clear, halal, looks, halal information, looks good, good clear, product looks"
R02617,P0373,Australia,Ready meal,Korean Brand W,5,The taste is very satisfying and works well for a quick Korean meal at home.,taste_authenticity_positive,positive,1,Convenience and quick meal,"quick, works, works quick, satisfying, taste satisfying, satisfying works, quick korean, korean meal"
R02618,P0374,Australia,Ready meal,Premium Import Brand N,5,I like that it saves time and still tastes good.,convenience_positive,positive,5,General product experience,"tastes good, tastes, good, saves time, saves, time, time tastes, like saves"
R02619,P0374,Australia,Ready meal,Premium Import Brand N,5,Easy to prepare and good for busy weekdays.,convenience_positive,positive,5,General product experience,"tastes good, tastes, good, saves time, saves, time, time tastes, like saves"
R02620,P0374,Australia,Ready meal,Premium Import Brand N,3,Clear halal labeling would make me more confident to purchase.,halal_concern,neutral,4,Halal trust and certification,"clear halal, clear, halal, looks, halal information, looks good, good clear, product looks"
R02621,P0374,Australia,Ready meal,Premium Import Brand N,2,I would buy this more often if the halal certification was clearly shown.,halal_concern,negative,7,Halal trust and certification,"buy, like buy, discount, buy discount, like, certification, halal certification, clearly shown"
R02622,P0374,Australia,Ready meal,Premium Import Brand N,4,The label information could be clearer and easier to read.,packaging_issue,positive,4,Halal trust and certification,"clear halal, clear, halal, looks, halal information, looks good, good clear, product looks"
R02623,P0374,Australia,Ready meal,Premium Import Brand N,3,The serving size could be larger for the price.,portion_size,neutral,3,Price sensitivity,"size, price, product good, portion, quite high, quite, price feels, high"
R02624,P0375,Australia,Ready meal,Japanese Brand T,5,The flavor tastes authentic and reminds me of Korean restaurant food.,taste_authenticity_positive,positive,0,Taste authenticity,"reminds, restaurant food, tastes authentic, restaurant, reminds korean, authentic reminds, korean restaurant, flavor tastes"
R02625,P0375,Australia,Ready meal,Japanese Brand T,5,Very convenient for a quick meal after work.,convenience_positive,positive,1,Convenience and quick meal,"quick, works, works quick, satisfying, taste satisfying, satisfying works, quick korean, korean meal"
R02626,P0375,Australia,Ready meal,Japanese Brand T,4,Easy to prepare and good for busy weekdays.,convenience_positive,positive,5,General product experience,"tastes good, tastes, good, saves time, saves, time, time tastes, like saves"
R02627,P0375,Australia,Ready meal,Japanese Brand T,4,"The taste is fine, but it feels expensive compared with local alternatives.",price_sensitivity,positive,3,Price sensitivity,"size, price, product good, portion, quite high, quite, price feels, high"
R02628,P0376,Australia,Ready meal,Japanese Brand A,3,"It tastes good, but one pack is not enough for a full meal.",portion_size,neutral,5,General product experience,"tastes good, tastes, good, saves time, saves, time, time tastes, like saves"
R02629,P0376,Australia,Ready meal,Japanese Brand A,4,I would buy this more often if the halal certification was clearly shown.,halal_concern,positive,7,Halal trust and certification,"buy, like buy, discount, buy discount, like, certification, halal certification, clearly shown"
R02630,P0376,Australia,Ready meal,Japanese Brand A,4,The flavor tastes authentic and reminds me of Korean restaurant food.,taste_authenticity_positive,positive,0,Taste authenticity,"reminds, restaurant food, tastes authentic, restaurant, reminds korean, authentic reminds, korean restaurant, flavor tastes"
R02631,P0376,Australia,Ready meal,Japanese Brand A,5,Very convenient for a quick meal after work.,convenience_positive,positive,1,Convenience and quick meal,"quick, works, works quick, satisfying, taste satisfying, satisfying works, quick korean, korean meal"
R02632,P0376,Australia,Ready meal,Japanese Brand A,3,The packaging could be improved because it was slightly damaged when delivered.,packaging_issue,neutral,3,Price sensitivity,"size, price, product good, portion, quite high, quite, price feels, high"
R02633,P0377,Australia,Seaweed snack,Japanese Brand N,3,The portion is smaller than expected.,portion_size,neutral,3,Price sensitivity,"size, price, product good, portion, quite high, quite, price feels, high"
R02634,P0377,Australia,Seaweed snack,Japanese Brand N,5,I like the rich seasoning and it feels close to real Korean-style food.,taste_authenticity_positive,positive,2,Taste authenticity,"real korean, style food, style, rich seasoning, rich, seasoning feels, real, seasoning"
R02635,P0377,Australia,Seaweed snack,Japanese Brand N,3,Clear halal labeling would make me more confident to purchase.,halal_concern,neutral,4,Halal trust and certification,"clear halal, clear, halal, looks, halal information, looks good, good clear, product looks"
R02636,P0377,Australia,Seaweed snack,Japanese Brand N,2,I would buy this more often if the halal certification was clearly shown.,halal_concern,negative,7,Halal trust and certification,"buy, like buy, discount, buy discount, like, certification, halal certification, clearly shown"
R02637,P0377,Australia,Seaweed snack,Japanese Brand N,5,I like that it saves time and still tastes good.,convenience_positive,positive,5,General product experience,"tastes good, tastes, good, saves time, saves, time, time tastes, like saves"
R02638,P0377,Australia,Seaweed snack,Japanese Brand N,5,The flavor tastes authentic and reminds me of Korean restaurant food.,taste_authenticity_positive,positive,0,Taste authenticity,"reminds, restaurant food, tastes authentic, restaurant, reminds korean, authentic reminds, korean restaurant, flavor tastes"
R02639,P0377,Australia,Seaweed snack,Japanese Brand N,5,Easy to prepare and good for busy weekdays.,convenience_positive,positive,5,General product experience,"tastes good, tastes, good, saves time, saves, time, time tastes, like saves"
R02640,P0377,Australia,Seaweed snack,Japanese Brand N,3,I wish there was a milder version because the spice level is too strong.,too_spicy,neutral,6,Spiciness and taste localization,"level, wish, wish milder, spice, spice level, milder version, version spice, milder"
R02641,P0378,Australia,Seaweed snack,Local Brand Z,3,"The product looks good, but I could not find clear halal information.",halal_concern,neutral,4,Halal trust and certification,"clear halal, clear, halal, looks, halal information, looks good, good clear, product looks"
R02642,P0378,Australia,Seaweed snack,Local Brand Z,2,"I like it, but I would only buy again if there is a discount.",price_sensitivity,negative,7,Halal trust and certification,"buy, like buy, discount, buy discount, like, certification, halal certification, clearly shown"
R02643,P0378,Australia,Seaweed snack,Local Brand Z,5,The taste is very satisfying and works well for a quick Korean meal at home.,taste_authenticity_positive,positive,1,Convenience and quick meal,"quick, works, works quick, satisfying, taste satisfying, satisfying works, quick korean, korean meal"
R02644,P0378,Australia,Seaweed snack,Local Brand Z,5,Easy to prepare and good for busy weekdays.,convenience_positive,positive,5,General product experience,"tastes good, tastes, good, saves time, saves, time, time tastes, like saves"
R02645,P0378,Australia,Seaweed snack,Local Brand Z,4,Easy to prepare and good for busy weekdays.,convenience_positive,positive,5,General product experience,"tastes good, tastes, good, saves time, saves, time, time tastes, like saves"
R02646,P0378,Australia,Seaweed snack,Local Brand Z,2,"I like it, but I would only buy again if there is a discount.",price_sensitivity,negative,7,Halal trust and certification,"buy, like buy, discount, buy discount, like, certification, halal certification, clearly shown"
R02647,P0378,Australia,Seaweed snack,Local Brand Z,2,"The product is good, but the price feels quite high for the portion size.",price_sensitivity,negative,3,Price sensitivity,"size, price, product good, portion, quite high, quite, price feels, high"
R02648,P0378,Australia,Seaweed snack,Local Brand Z,2,I would prefer a healthier version with cleaner ingredients.,health_concern,negative,6,Spiciness and taste localization,"level, wish, wish milder, spice, spice level, milder version, version spice, milder"
R02649,P0379,Australia,Seaweed snack,Private Label H,5,The taste is very satisfying and works well for a quick Korean meal at home.,taste_authenticity_positive,positive,1,Convenience and quick meal,"quick, works, works quick, satisfying, taste satisfying, satisfying works, quick korean, korean meal"
R02650,P0379,Australia,Seaweed snack,Private Label H,5,The flavor tastes authentic and reminds me of Korean restaurant food.,taste_authenticity_positive,positive,0,Taste authenticity,"reminds, restaurant food, tastes authentic, restaurant, reminds korean, authentic reminds, korean restaurant, flavor tastes"
R02651,P0379,Australia,Seaweed snack,Private Label H,4,The taste is very satisfying and works well for a quick Korean meal at home.,taste_authenticity_positive,positive,1,Convenience and quick meal,"quick, works, works quick, satisfying, taste satisfying, satisfying works, quick korean, korean meal"
R02652,P0379,Australia,Seaweed snack,Private Label H,4,The portion is smaller than expected.,portion_size,positive,3,Price sensitivity,"size, price, product good, portion, quite high, quite, price feels, high"
R02653,P0379,Australia,Seaweed snack,Private Label H,5,The taste is very satisfying and works well for a quick Korean meal at home.,taste_authenticity_positive,positive,1,Convenience and quick meal,"quick, works, works quick, satisfying, taste satisfying, satisfying works, quick korean, korean meal"
R02654,P0380,Australia,Seaweed snack,Korean Brand X,3,"Good flavor, but it feels a bit heavy for frequent consumption.",health_concern,neutral,3,Price sensitivity,"size, price, product good, portion, quite high, quite, price feels, high"
R02655,P0380,Australia,Seaweed snack,Korean Brand X,2,The serving size could be larger for the price.,portion_size,negative,3,Price sensitivity,"size, price, product good, portion, quite high, quite, price feels, high"
R02656,P0380,Australia,Seaweed snack,Korean Brand X,5,The flavor tastes authentic and reminds me of Korean restaurant food.,taste_authenticity_positive,positive,0,Taste authenticity,"reminds, restaurant food, tastes authentic, restaurant, reminds korean, authentic reminds, korean restaurant, flavor tastes"
R02657,P0380,Australia,Seaweed snack,Korean Brand X,5,The taste is very satisfying and works well for a quick Korean meal at home.,taste_authenticity_positive,positive,1,Convenience and quick meal,"quick, works, works quick, satisfying, taste satisfying, satisfying works, quick korean, korean meal"
R02658,P0381,Australia,Seaweed snack,Korean Brand H,3,The serving size could be larger for the price.,portion_size,neutral,3,Price sensitivity,"size, price, product good, portion, quite high, quite, price feels, high"
R02659,P0381,Australia,Seaweed snack,Korean Brand H,2,The portion is smaller than expected.,portion_size,negative,3,Price sensitivity,"size, price, product good, portion, quite high, quite, price feels, high"
R02660,P0381,Australia,Seaweed snack,Korean Brand H,2,The label information could be clearer and easier to read.,packaging_issue,negative,4,Halal trust and certification,"clear halal, clear, halal, looks, halal information, looks good, good clear, product looks"
R02661,P0381,Australia,Seaweed snack,Korean Brand H,5,Very convenient for a quick meal after work.,convenience_positive,positive,1,Convenience and quick meal,"quick, works, works quick, satisfying, taste satisfying, satisfying works, quick korean, korean meal"
R02662,P0381,Australia,Seaweed snack,Korean Brand H,3,"I like it, but I would only buy again if there is a discount.",price_sensitivity,neutral,7,Halal trust and certification,"buy, like buy, discount, buy discount, like, certification, halal certification, clearly shown"
R02663,P0381,Australia,Seaweed snack,Korean Brand H,4,The taste is very satisfying and works well for a quick Korean meal at home.,taste_authenticity_positive,positive,1,Convenience and quick meal,"quick, works, works quick, satisfying, taste satisfying, satisfying works, quick korean, korean meal"
R02664,P0381,Australia,Seaweed snack,Korean Brand H,2,"The taste is nice, but I wish it had less sodium.",health_concern,negative,6,Spiciness and taste localization,"level, wish, wish milder, spice, spice level, milder version, version spice, milder"
R02665,P0381,Australia,Seaweed snack,Korean Brand H,4,"I like it, but I would only buy again if there is a discount.",price_sensitivity,positive,7,Halal trust and certification,"buy, like buy, discount, buy discount, like, certification, halal certification, clearly shown"
R02666,P0382,Australia,Seaweed snack,Japanese Brand S,2,"The taste is fine, but it feels expensive compared with local alternatives.",price_sensitivity,negative,3,Price sensitivity,"size, price, product good, portion, quite high, quite, price feels, high"
R02667,P0382,Australia,Seaweed snack,Japanese Brand S,3,"The product looks good, but I could not find clear halal information.",halal_concern,neutral,4,Halal trust and certification,"clear halal, clear, halal, looks, halal information, looks good, good clear, product looks"
R02668,P0382,Australia,Seaweed snack,Japanese Brand S,5,I like that it saves time and still tastes good.,convenience_positive,positive,5,General product experience,"tastes good, tastes, good, saves time, saves, time, time tastes, like saves"
R02669,P0382,Australia,Seaweed snack,Japanese Brand S,5,The flavor tastes authentic and reminds me of Korean restaurant food.,taste_authenticity_positive,positive,0,Taste authenticity,"reminds, restaurant food, tastes authentic, restaurant, reminds korean, authentic reminds, korean restaurant, flavor tastes"
R02670,P0382,Australia,Seaweed snack,Japanese Brand S,5,I like the rich seasoning and it feels close to real Korean-style food.,taste_authenticity_positive,positive,2,Taste authenticity,"real korean, style food, style, rich seasoning, rich, seasoning feels, real, seasoning"
R02671,P0382,Australia,Seaweed snack,Japanese Brand S,3,"The product looks good, but I could not find clear halal information.",halal_concern,neutral,4,Halal trust and certification,"clear halal, clear, halal, looks, halal information, looks good, good clear, product looks"
R02672,P0382,Australia,Seaweed snack,Japanese Brand S,3,"The product is good, but the packaging does not feel very strong.",packaging_issue,neutral,3,Price sensitivity,"size, price, product good, portion, quite high, quite, price feels, high"
R02673,P0382,Australia,Seaweed snack,Japanese Brand S,2,"I like it, but I would only buy again if there is a discount.",price_sensitivity,negative,7,Halal trust and certification,"buy, like buy, discount, buy discount, like, certification, halal certification, clearly shown"
R02674,P0382,Australia,Seaweed snack,Japanese Brand S,3,Clear halal labeling would make me more confident to purchase.,halal_concern,neutral,4,Halal trust and certification,"clear halal, clear, halal, looks, halal information, looks good, good clear, product looks"
R02675,P0382,Australia,Seaweed snack,Japanese Brand S,2,I would buy this more often if the halal certification was clearly shown.,halal_concern,negative,7,Halal trust and certification,"buy, like buy, discount, buy discount, like, certification, halal certification, clearly shown"
R02676,P0383,Australia,Seaweed snack,Private Label U,2,"I like it, but I would only buy again if there is a discount.",price_sensitivity,negative,7,Halal trust and certification,"buy, like buy, discount, buy discount, like, certification, halal certification, clearly shown"
R02677,P0383,Australia,Seaweed snack,Private Label U,4,"The product is good, but the price feels quite high for the portion size.",price_sensitivity,positive,3,Price sensitivity,"size, price, product good, portion, quite high, quite, price feels, high"
R02678,P0383,Australia,Seaweed snack,Private Label U,5,I like that it saves time and still tastes good.,convenience_positive,positive,5,General product experience,"tastes good, tastes, good, saves time, saves, time, time tastes, like saves"
R02679,P0383,Australia,Seaweed snack,Private Label U,2,"The product is good, but the price feels quite high for the portion size.",price_sensitivity,negative,3,Price sensitivity,"size, price, product good, portion, quite high, quite, price feels, high"
R02680,P0383,Australia,Seaweed snack,Private Label U,4,Very convenient for a quick meal after work.,convenience_positive,positive,1,Convenience and quick meal,"quick, works, works quick, satisfying, taste satisfying, satisfying works, quick korean, korean meal"
R02681,P0383,Australia,Seaweed snack,Private Label U,3,"Good flavor, but it feels a bit heavy for frequent consumption.",health_concern,neutral,3,Price sensitivity,"size, price, product good, portion, quite high, quite, price feels, high"
R02682,P0383,Australia,Seaweed snack,Private Label U,4,"I like it, but I would only buy again if there is a discount.",price_sensitivity,positive,7,Halal trust and certification,"buy, like buy, discount, buy discount, like, certification, halal certification, clearly shown"
R02683,P0383,Australia,Seaweed snack,Private Label U,5,The taste is very satisfying and works well for a quick Korean meal at home.,taste_authenticity_positive,positive,1,Convenience and quick meal,"quick, works, works quick, satisfying, taste satisfying, satisfying works, quick korean, korean meal"
R02684,P0384,Australia,Seaweed snack,Korean Brand S,4,I wish there was a milder version because the spice level is too strong.,too_spicy,positive,6,Spiciness and taste localization,"level, wish, wish milder, spice, spice level, milder version, version spice, milder"
R02685,P0384,Australia,Seaweed snack,Korean Brand S,4,The label information could be clearer and easier to read.,packaging_issue,positive,4,Halal trust and certification,"clear halal, clear, halal, looks, halal information, looks good, good clear, product looks"
R02686,P0384,Australia,Seaweed snack,Korean Brand S,4,The flavor tastes authentic and reminds me of Korean restaurant food.,taste_authenticity_positive,positive,0,Taste authenticity,"reminds, restaurant food, tastes authentic, restaurant, reminds korean, authentic reminds, korean restaurant, flavor tastes"
R02687,P0384,Australia,Seaweed snack,Korean Brand S,5,Easy to prepare and good for busy weekdays.,convenience_positive,positive,5,General product experience,"tastes good, tastes, good, saves time, saves, time, time tastes, like saves"
R02688,P0384,Australia,Seaweed snack,Korean Brand S,4,The taste is very satisfying and works well for a quick Korean meal at home.,taste_authenticity_positive,positive,1,Convenience and quick meal,"quick, works, works quick, satisfying, taste satisfying, satisfying works, quick korean, korean meal"
R02689,P0384,Australia,Seaweed snack,Korean Brand S,5,I like that it saves time and still tastes good.,convenience_positive,positive,5,General product experience,"tastes good, tastes, good, saves time, saves, time, time tastes, like saves"
