review_id,product_id,country,platform,category,anonymous_brand,product_name,rating,review_text,theme_seed,data_type
R00001,P0001,Indonesia,Shopee ID,Korean ramen,Korean Brand E,Spicy Ramen - single pack,4,Easy to prepare and good for busy weekdays.,convenience_positive,synthetic_review_corpus
R00002,P0001,Indonesia,Shopee ID,Korean ramen,Korean Brand E,Spicy Ramen - single pack,3,"The product looks good, but I could not find clear halal information.",halal_concern,synthetic_review_corpus
R00003,P0001,Indonesia,Shopee ID,Korean ramen,Korean Brand E,Spicy Ramen - single pack,5,Easy to prepare and good for busy weekdays.,convenience_positive,synthetic_review_corpus
R00004,P0001,Indonesia,Shopee ID,Korean ramen,Korean Brand E,Spicy Ramen - single pack,2,I would buy this more often if the halal certification was clearly shown.,halal_concern,synthetic_review_corpus
R00005,P0001,Indonesia,Shopee ID,Korean ramen,Korean Brand E,Spicy Ramen - single pack,3,"Good flavor, but it feels a bit heavy for frequent consumption.",health_concern,synthetic_review_corpus
R00006,P0001,Indonesia,Shopee ID,Korean ramen,Korean Brand E,Spicy Ramen - single pack,4,"The product tastes nice, but the heat level may be difficult for beginners.",too_spicy,synthetic_review_corpus
R00007,P0001,Indonesia,Shopee ID,Korean ramen,Korean Brand E,Spicy Ramen - single pack,4,"The product tastes nice, but the heat level may be difficult for beginners.",too_spicy,synthetic_review_corpus
R00008,P0001,Indonesia,Shopee ID,Korean ramen,Korean Brand E,Spicy Ramen - single pack,5,The flavor tastes authentic and reminds me of Korean restaurant food.,taste_authenticity_positive,synthetic_review_corpus
R00009,P0001,Indonesia,Shopee ID,Korean ramen,Korean Brand E,Spicy Ramen - single pack,2,The serving size could be larger for the price.,portion_size,synthetic_review_corpus
R00010,P0002,Indonesia,Shopee ID,Korean ramen,Local Brand G,Mild Ramen - single pack,5,The taste is very satisfying and works well for a quick Korean meal at home.,taste_authenticity_positive,synthetic_review_corpus
R00011,P0002,Indonesia,Shopee ID,Korean ramen,Local Brand G,Mild Ramen - single pack,4,I wish there was a milder version because the spice level is too strong.,too_spicy,synthetic_review_corpus
R00012,P0002,Indonesia,Shopee ID,Korean ramen,Local Brand G,Mild Ramen - single pack,4,The taste is very satisfying and works well for a quick Korean meal at home.,taste_authenticity_positive,synthetic_review_corpus
R00013,P0002,Indonesia,Shopee ID,Korean ramen,Local Brand G,Mild Ramen - single pack,3,"The product looks good, but I could not find clear halal information.",halal_concern,synthetic_review_corpus
R00014,P0002,Indonesia,Shopee ID,Korean ramen,Local Brand G,Mild Ramen - single pack,5,The flavor tastes authentic and reminds me of Korean restaurant food.,taste_authenticity_positive,synthetic_review_corpus
R00015,P0002,Indonesia,Shopee ID,Korean ramen,Local Brand G,Mild Ramen - single pack,4,Easy to prepare and good for busy weekdays.,convenience_positive,synthetic_review_corpus
R00016,P0002,Indonesia,Shopee ID,Korean ramen,Local Brand G,Mild Ramen - single pack,4,"The product tastes nice, but the heat level may be difficult for beginners.",too_spicy,synthetic_review_corpus
R00017,P0002,Indonesia,Shopee ID,Korean ramen,Local Brand G,Mild Ramen - single pack,3,The label information could be clearer and easier to read.,packaging_issue,synthetic_review_corpus
R00018,P0002,Indonesia,Shopee ID,Korean ramen,Local Brand G,Mild Ramen - single pack,3,"The product looks good, but I could not find clear halal information.",halal_concern,synthetic_review_corpus
R00019,P0003,Indonesia,Shopee ID,Korean ramen,Local Brand T,Cheese Ramen - cup noodle,4,The serving size could be larger for the price.,portion_size,synthetic_review_corpus
R00020,P0003,Indonesia,Shopee ID,Korean ramen,Local Brand T,Cheese Ramen - cup noodle,3,"The product looks good, but I could not find clear halal information.",halal_concern,synthetic_review_corpus
R00021,P0003,Indonesia,Shopee ID,Korean ramen,Local Brand T,Cheese Ramen - cup noodle,5,The taste is very satisfying and works well for a quick Korean meal at home.,taste_authenticity_positive,synthetic_review_corpus
R00022,P0003,Indonesia,Shopee ID,Korean ramen,Local Brand T,Cheese Ramen - cup noodle,2,"It tastes good, but one pack is not enough for a full meal.",portion_size,synthetic_review_corpus
R00023,P0003,Indonesia,Shopee ID,Korean ramen,Local Brand T,Cheese Ramen - cup noodle,5,I like the rich seasoning and it feels close to real Korean-style food.,taste_authenticity_positive,synthetic_review_corpus
R00024,P0003,Indonesia,Shopee ID,Korean ramen,Local Brand T,Cheese Ramen - cup noodle,4,The packaging could be improved because it was slightly damaged when delivered.,packaging_issue,synthetic_review_corpus
R00025,P0003,Indonesia,Shopee ID,Korean ramen,Local Brand T,Cheese Ramen - cup noodle,5,Easy to prepare and good for busy weekdays.,convenience_positive,synthetic_review_corpus
R00026,P0004,Indonesia,Shopee ID,Korean ramen,Local Brand F,Cheese Ramen - single pack,2,"The product looks good, but I could not find clear halal information.",halal_concern,synthetic_review_corpus
R00027,P0004,Indonesia,Shopee ID,Korean ramen,Local Brand F,Cheese Ramen - single pack,5,Very convenient for a quick meal after work.,convenience_positive,synthetic_review_corpus
R00028,P0004,Indonesia,Shopee ID,Korean ramen,Local Brand F,Cheese Ramen - single pack,4,The taste is very satisfying and works well for a quick Korean meal at home.,taste_authenticity_positive,synthetic_review_corpus
R00029,P0004,Indonesia,Shopee ID,Korean ramen,Local Brand F,Cheese Ramen - single pack,4,I like the rich seasoning and it feels close to real Korean-style food.,taste_authenticity_positive,synthetic_review_corpus
R00030,P0004,Indonesia,Shopee ID,Korean ramen,Local Brand F,Cheese Ramen - single pack,5,Very convenient for a quick meal after work.,convenience_positive,synthetic_review_corpus
R00031,P0004,Indonesia,Shopee ID,Korean ramen,Local Brand F,Cheese Ramen - single pack,3,I would buy this more often if the halal certification was clearly shown.,halal_concern,synthetic_review_corpus
R00032,P0004,Indonesia,Shopee ID,Korean ramen,Local Brand F,Cheese Ramen - single pack,2,"The product is good, but the packaging does not feel very strong.",packaging_issue,synthetic_review_corpus
R00033,P0004,Indonesia,Shopee ID,Korean ramen,Local Brand F,Cheese Ramen - single pack,4,"The product tastes nice, but the heat level may be difficult for beginners.",too_spicy,synthetic_review_corpus
R00034,P0005,Indonesia,Tokopedia,Korean ramen,Korean Brand D,Spicy Ramen - multi-pack,4,The packaging could be improved because it was slightly damaged when delivered.,packaging_issue,synthetic_review_corpus
R00035,P0005,Indonesia,Tokopedia,Korean ramen,Korean Brand D,Spicy Ramen - multi-pack,3,"The product is good, but the packaging does not feel very strong.",packaging_issue,synthetic_review_corpus
R00036,P0005,Indonesia,Tokopedia,Korean ramen,Korean Brand D,Spicy Ramen - multi-pack,3,The portion is smaller than expected.,portion_size,synthetic_review_corpus
R00037,P0005,Indonesia,Tokopedia,Korean ramen,Korean Brand D,Spicy Ramen - multi-pack,4,The taste is very satisfying and works well for a quick Korean meal at home.,taste_authenticity_positive,synthetic_review_corpus
R00038,P0005,Indonesia,Tokopedia,Korean ramen,Korean Brand D,Spicy Ramen - multi-pack,3,I wish there was a milder version because the spice level is too strong.,too_spicy,synthetic_review_corpus
R00039,P0005,Indonesia,Tokopedia,Korean ramen,Korean Brand D,Spicy Ramen - multi-pack,4,I like the rich seasoning and it feels close to real Korean-style food.,taste_authenticity_positive,synthetic_review_corpus
R00040,P0006,Indonesia,Tokopedia,Korean ramen,Korean Brand J,Spicy Ramen - cup noodle,3,"The taste is fine, but it feels expensive compared with local alternatives.",price_sensitivity,synthetic_review_corpus
R00041,P0006,Indonesia,Tokopedia,Korean ramen,Korean Brand J,Spicy Ramen - cup noodle,3,"The taste is fine, but it feels expensive compared with local alternatives.",price_sensitivity,synthetic_review_corpus
R00042,P0006,Indonesia,Tokopedia,Korean ramen,Korean Brand J,Spicy Ramen - cup noodle,3,"The product is good, but the price feels quite high for the portion size.",price_sensitivity,synthetic_review_corpus
R00043,P0006,Indonesia,Tokopedia,Korean ramen,Korean Brand J,Spicy Ramen - cup noodle,3,"I like it, but I would only buy again if there is a discount.",price_sensitivity,synthetic_review_corpus
R00044,P0006,Indonesia,Tokopedia,Korean ramen,Korean Brand J,Spicy Ramen - cup noodle,4,The portion is smaller than expected.,portion_size,synthetic_review_corpus
R00045,P0006,Indonesia,Tokopedia,Korean ramen,Korean Brand J,Spicy Ramen - cup noodle,5,I like the rich seasoning and it feels close to real Korean-style food.,taste_authenticity_positive,synthetic_review_corpus
R00046,P0006,Indonesia,Tokopedia,Korean ramen,Korean Brand J,Spicy Ramen - cup noodle,3,I would buy this more often if the halal certification was clearly shown.,halal_concern,synthetic_review_corpus
R00047,P0007,Indonesia,Tokopedia,Korean ramen,Local Brand C,Kimchi Ramen - multi-pack,3,"The product looks good, but I could not find clear halal information.",halal_concern,synthetic_review_corpus
R00048,P0007,Indonesia,Tokopedia,Korean ramen,Local Brand C,Kimchi Ramen - multi-pack,3,The serving size could be larger for the price.,portion_size,synthetic_review_corpus
R00049,P0007,Indonesia,Tokopedia,Korean ramen,Local Brand C,Kimchi Ramen - multi-pack,5,Very convenient for a quick meal after work.,convenience_positive,synthetic_review_corpus
R00050,P0007,Indonesia,Tokopedia,Korean ramen,Local Brand C,Kimchi Ramen - multi-pack,5,I like the rich seasoning and it feels close to real Korean-style food.,taste_authenticity_positive,synthetic_review_corpus
R00051,P0007,Indonesia,Tokopedia,Korean ramen,Local Brand C,Kimchi Ramen - multi-pack,4,I like the rich seasoning and it feels close to real Korean-style food.,taste_authenticity_positive,synthetic_review_corpus
R00052,P0007,Indonesia,Tokopedia,Korean ramen,Local Brand C,Kimchi Ramen - multi-pack,4,The portion is smaller than expected.,portion_size,synthetic_review_corpus
R00053,P0007,Indonesia,Tokopedia,Korean ramen,Local Brand C,Kimchi Ramen - multi-pack,3,"The taste is fine, but it feels expensive compared with local alternatives.",price_sensitivity,synthetic_review_corpus
R00054,P0007,Indonesia,Tokopedia,Korean ramen,Local Brand C,Kimchi Ramen - multi-pack,2,"Good flavor, but it feels a bit heavy for frequent consumption.",health_concern,synthetic_review_corpus
R00055,P0007,Indonesia,Tokopedia,Korean ramen,Local Brand C,Kimchi Ramen - multi-pack,3,"The flavor is good, but it is too spicy for my family.",too_spicy,synthetic_review_corpus
R00056,P0007,Indonesia,Tokopedia,Korean ramen,Local Brand C,Kimchi Ramen - multi-pack,3,"The product is good, but the price feels quite high for the portion size.",price_sensitivity,synthetic_review_corpus
R00057,P0008,Indonesia,Tokopedia,Korean ramen,Local Brand X,Mild Ramen - single pack,3,"The product looks good, but I could not find clear halal information.",halal_concern,synthetic_review_corpus
R00058,P0008,Indonesia,Tokopedia,Korean ramen,Local Brand X,Mild Ramen - single pack,4,I wish there was a milder version because the spice level is too strong.,too_spicy,synthetic_review_corpus
R00059,P0008,Indonesia,Tokopedia,Korean ramen,Local Brand X,Mild Ramen - single pack,4,"Good flavor, but it feels a bit heavy for frequent consumption.",health_concern,synthetic_review_corpus
R00060,P0008,Indonesia,Tokopedia,Korean ramen,Local Brand X,Mild Ramen - single pack,5,The taste is very satisfying and works well for a quick Korean meal at home.,taste_authenticity_positive,synthetic_review_corpus
R00061,P0008,Indonesia,Tokopedia,Korean ramen,Local Brand X,Mild Ramen - single pack,4,The taste is very satisfying and works well for a quick Korean meal at home.,taste_authenticity_positive,synthetic_review_corpus
R00062,P0008,Indonesia,Tokopedia,Korean ramen,Local Brand X,Mild Ramen - single pack,5,The flavor tastes authentic and reminds me of Korean restaurant food.,taste_authenticity_positive,synthetic_review_corpus
R00063,P0008,Indonesia,Tokopedia,Korean ramen,Local Brand X,Mild Ramen - single pack,2,I would buy this more often if the halal certification was clearly shown.,halal_concern,synthetic_review_corpus
R00064,P0008,Indonesia,Tokopedia,Korean ramen,Local Brand X,Mild Ramen - single pack,3,"The product is good, but the price feels quite high for the portion size.",price_sensitivity,synthetic_review_corpus
R00065,P0009,Indonesia,Tokopedia,Kimchi,Premium Import Brand N,Original Kimchi - jar,5,The taste is very satisfying and works well for a quick Korean meal at home.,taste_authenticity_positive,synthetic_review_corpus
R00066,P0009,Indonesia,Tokopedia,Kimchi,Premium Import Brand N,Original Kimchi - jar,4,The serving size could be larger for the price.,portion_size,synthetic_review_corpus
R00067,P0009,Indonesia,Tokopedia,Kimchi,Premium Import Brand N,Original Kimchi - jar,3,"The taste is fine, but it feels expensive compared with local alternatives.",price_sensitivity,synthetic_review_corpus
R00068,P0009,Indonesia,Tokopedia,Kimchi,Premium Import Brand N,Original Kimchi - jar,3,Clear halal labeling would make me more confident to purchase.,halal_concern,synthetic_review_corpus
R00069,P0009,Indonesia,Tokopedia,Kimchi,Premium Import Brand N,Original Kimchi - jar,3,The packaging could be improved because it was slightly damaged when delivered.,packaging_issue,synthetic_review_corpus
R00070,P0010,Indonesia,Tokopedia,Kimchi,Local Brand M,Fresh Kimchi - pouch,2,"The product is good, but the packaging does not feel very strong.",packaging_issue,synthetic_review_corpus
R00071,P0010,Indonesia,Tokopedia,Kimchi,Local Brand M,Fresh Kimchi - pouch,4,The packaging could be improved because it was slightly damaged when delivered.,packaging_issue,synthetic_review_corpus
R00072,P0010,Indonesia,Tokopedia,Kimchi,Local Brand M,Fresh Kimchi - pouch,4,"The product is good, but the packaging does not feel very strong.",packaging_issue,synthetic_review_corpus
R00073,P0010,Indonesia,Tokopedia,Kimchi,Local Brand M,Fresh Kimchi - pouch,2,"The product looks good, but I could not find clear halal information.",halal_concern,synthetic_review_corpus
R00074,P0010,Indonesia,Tokopedia,Kimchi,Local Brand M,Fresh Kimchi - pouch,2,"The taste is nice, but I wish it had less sodium.",health_concern,synthetic_review_corpus
R00075,P0010,Indonesia,Tokopedia,Kimchi,Local Brand M,Fresh Kimchi - pouch,2,The portion is smaller than expected.,portion_size,synthetic_review_corpus
R00076,P0011,Indonesia,Tokopedia,Kimchi,Japanese Brand V,Fresh Kimchi - jar,3,I would buy this more often if the halal certification was clearly shown.,halal_concern,synthetic_review_corpus
R00077,P0011,Indonesia,Tokopedia,Kimchi,Japanese Brand V,Fresh Kimchi - jar,2,"The taste is fine, but it feels expensive compared with local alternatives.",price_sensitivity,synthetic_review_corpus
R00078,P0011,Indonesia,Tokopedia,Kimchi,Japanese Brand V,Fresh Kimchi - jar,4,"The product is good, but the price feels quite high for the portion size.",price_sensitivity,synthetic_review_corpus
R00079,P0011,Indonesia,Tokopedia,Kimchi,Japanese Brand V,Fresh Kimchi - jar,2,Clear halal labeling would make me more confident to purchase.,halal_concern,synthetic_review_corpus
R00080,P0012,Indonesia,Shopee ID,Kimchi,Korean Brand Y,Fresh Kimchi - fresh pack,3,"The product looks good, but I could not find clear halal information.",halal_concern,synthetic_review_corpus
R00081,P0012,Indonesia,Shopee ID,Kimchi,Korean Brand Y,Fresh Kimchi - fresh pack,5,Very convenient for a quick meal after work.,convenience_positive,synthetic_review_corpus
R00082,P0012,Indonesia,Shopee ID,Kimchi,Korean Brand Y,Fresh Kimchi - fresh pack,3,"The taste is fine, but it feels expensive compared with local alternatives.",price_sensitivity,synthetic_review_corpus
R00083,P0012,Indonesia,Shopee ID,Kimchi,Korean Brand Y,Fresh Kimchi - fresh pack,3,"The product tastes nice, but the heat level may be difficult for beginners.",too_spicy,synthetic_review_corpus
R00084,P0013,Indonesia,Tokopedia,Kimchi,Private Label B,Original Kimchi - jar,2,The label information could be clearer and easier to read.,packaging_issue,synthetic_review_corpus
R00085,P0013,Indonesia,Tokopedia,Kimchi,Private Label B,Original Kimchi - jar,3,"The product is good, but the price feels quite high for the portion size.",price_sensitivity,synthetic_review_corpus
R00086,P0013,Indonesia,Tokopedia,Kimchi,Private Label B,Original Kimchi - jar,4,"The product is good, but the packaging does not feel very strong.",packaging_issue,synthetic_review_corpus
R00087,P0013,Indonesia,Tokopedia,Kimchi,Private Label B,Original Kimchi - jar,5,The flavor tastes authentic and reminds me of Korean restaurant food.,taste_authenticity_positive,synthetic_review_corpus
R00088,P0013,Indonesia,Tokopedia,Kimchi,Private Label B,Original Kimchi - jar,5,The taste is very satisfying and works well for a quick Korean meal at home.,taste_authenticity_positive,synthetic_review_corpus
R00089,P0014,Indonesia,Tokopedia,Kimchi,Korean Brand Y,Original Kimchi - fresh pack,3,"The product looks good, but I could not find clear halal information.",halal_concern,synthetic_review_corpus
R00090,P0014,Indonesia,Tokopedia,Kimchi,Korean Brand Y,Original Kimchi - fresh pack,2,"I like it, but I would only buy again if there is a discount.",price_sensitivity,synthetic_review_corpus
R00091,P0014,Indonesia,Tokopedia,Kimchi,Korean Brand Y,Original Kimchi - fresh pack,2,"I like it, but I would only buy again if there is a discount.",price_sensitivity,synthetic_review_corpus
R00092,P0014,Indonesia,Tokopedia,Kimchi,Korean Brand Y,Original Kimchi - fresh pack,3,I would prefer a healthier version with cleaner ingredients.,health_concern,synthetic_review_corpus
R00093,P0014,Indonesia,Tokopedia,Kimchi,Korean Brand Y,Original Kimchi - fresh pack,4,The taste is very satisfying and works well for a quick Korean meal at home.,taste_authenticity_positive,synthetic_review_corpus
R00094,P0014,Indonesia,Tokopedia,Kimchi,Korean Brand Y,Original Kimchi - fresh pack,3,The label information could be clearer and easier to read.,packaging_issue,synthetic_review_corpus
R00095,P0014,Indonesia,Tokopedia,Kimchi,Korean Brand Y,Original Kimchi - fresh pack,2,I wish there was a milder version because the spice level is too strong.,too_spicy,synthetic_review_corpus
R00096,P0014,Indonesia,Tokopedia,Kimchi,Korean Brand Y,Original Kimchi - fresh pack,3,"I like it, but I would only buy again if there is a discount.",price_sensitivity,synthetic_review_corpus
R00097,P0014,Indonesia,Tokopedia,Kimchi,Korean Brand Y,Original Kimchi - fresh pack,3,"The product looks good, but I could not find clear halal information.",halal_concern,synthetic_review_corpus
R00098,P0015,Indonesia,Shopee ID,Kimchi,Japanese Brand Q,Fresh Kimchi - fresh pack,5,Easy to prepare and good for busy weekdays.,convenience_positive,synthetic_review_corpus
R00099,P0015,Indonesia,Shopee ID,Kimchi,Japanese Brand Q,Fresh Kimchi - fresh pack,2,The serving size could be larger for the price.,portion_size,synthetic_review_corpus
R00100,P0015,Indonesia,Shopee ID,Kimchi,Japanese Brand Q,Fresh Kimchi - fresh pack,5,I like the rich seasoning and it feels close to real Korean-style food.,taste_authenticity_positive,synthetic_review_corpus
R00101,P0015,Indonesia,Shopee ID,Kimchi,Japanese Brand Q,Fresh Kimchi - fresh pack,5,I like the rich seasoning and it feels close to real Korean-style food.,taste_authenticity_positive,synthetic_review_corpus
R00102,P0015,Indonesia,Shopee ID,Kimchi,Japanese Brand Q,Fresh Kimchi - fresh pack,2,The portion is smaller than expected.,portion_size,synthetic_review_corpus
R00103,P0016,Indonesia,Tokopedia,Kimchi,Korean Brand J,Mild Kimchi - fresh pack,4,The taste is very satisfying and works well for a quick Korean meal at home.,taste_authenticity_positive,synthetic_review_corpus
R00104,P0016,Indonesia,Tokopedia,Kimchi,Korean Brand J,Mild Kimchi - fresh pack,2,"I like it, but I would only buy again if there is a discount.",price_sensitivity,synthetic_review_corpus
R00105,P0016,Indonesia,Tokopedia,Kimchi,Korean Brand J,Mild Kimchi - fresh pack,5,I like the rich seasoning and it feels close to real Korean-style food.,taste_authenticity_positive,synthetic_review_corpus
R00106,P0016,Indonesia,Tokopedia,Kimchi,Korean Brand J,Mild Kimchi - fresh pack,3,"The product is good, but the price feels quite high for the portion size.",price_sensitivity,synthetic_review_corpus
R00107,P0016,Indonesia,Tokopedia,Kimchi,Korean Brand J,Mild Kimchi - fresh pack,2,I would prefer a healthier version with cleaner ingredients.,health_concern,synthetic_review_corpus
R00108,P0017,Indonesia,Tokopedia,Gochujang sauce,Korean Brand S,Korean Chili Sauce - tube,3,I wish there was a milder version because the spice level is too strong.,too_spicy,synthetic_review_corpus
R00109,P0017,Indonesia,Tokopedia,Gochujang sauce,Korean Brand S,Korean Chili Sauce - tube,4,"I like it, but I would only buy again if there is a discount.",price_sensitivity,synthetic_review_corpus
R00110,P0017,Indonesia,Tokopedia,Gochujang sauce,Korean Brand S,Korean Chili Sauce - tube,2,The packaging could be improved because it was slightly damaged when delivered.,packaging_issue,synthetic_review_corpus
R00111,P0017,Indonesia,Tokopedia,Gochujang sauce,Korean Brand S,Korean Chili Sauce - tube,2,The label information could be clearer and easier to read.,packaging_issue,synthetic_review_corpus
R00112,P0017,Indonesia,Tokopedia,Gochujang sauce,Korean Brand S,Korean Chili Sauce - tube,5,The flavor tastes authentic and reminds me of Korean restaurant food.,taste_authenticity_positive,synthetic_review_corpus
R00113,P0018,Indonesia,Shopee ID,Gochujang sauce,Japanese Brand W,Gochujang Sauce - tube,2,The label information could be clearer and easier to read.,packaging_issue,synthetic_review_corpus
R00114,P0018,Indonesia,Shopee ID,Gochujang sauce,Japanese Brand W,Gochujang Sauce - tube,3,The packaging could be improved because it was slightly damaged when delivered.,packaging_issue,synthetic_review_corpus
R00115,P0018,Indonesia,Shopee ID,Gochujang sauce,Japanese Brand W,Gochujang Sauce - tube,4,I would buy this more often if the halal certification was clearly shown.,halal_concern,synthetic_review_corpus
R00116,P0018,Indonesia,Shopee ID,Gochujang sauce,Japanese Brand W,Gochujang Sauce - tube,3,"I like it, but I would only buy again if there is a discount.",price_sensitivity,synthetic_review_corpus
R00117,P0018,Indonesia,Shopee ID,Gochujang sauce,Japanese Brand W,Gochujang Sauce - tube,2,"The product tastes nice, but the heat level may be difficult for beginners.",too_spicy,synthetic_review_corpus
R00118,P0018,Indonesia,Shopee ID,Gochujang sauce,Japanese Brand W,Gochujang Sauce - tube,4,The taste is very satisfying and works well for a quick Korean meal at home.,taste_authenticity_positive,synthetic_review_corpus
R00119,P0018,Indonesia,Shopee ID,Gochujang sauce,Japanese Brand W,Gochujang Sauce - tube,4,"The product tastes nice, but the heat level may be difficult for beginners.",too_spicy,synthetic_review_corpus
R00120,P0018,Indonesia,Shopee ID,Gochujang sauce,Japanese Brand W,Gochujang Sauce - tube,3,The label information could be clearer and easier to read.,packaging_issue,synthetic_review_corpus
R00121,P0018,Indonesia,Shopee ID,Gochujang sauce,Japanese Brand W,Gochujang Sauce - tube,2,"The product is good, but the packaging does not feel very strong.",packaging_issue,synthetic_review_corpus
R00122,P0019,Indonesia,Tokopedia,Gochujang sauce,Local Brand Q,Sweet Spicy Sauce - squeeze bottle,5,I like the rich seasoning and it feels close to real Korean-style food.,taste_authenticity_positive,synthetic_review_corpus
R00123,P0019,Indonesia,Tokopedia,Gochujang sauce,Local Brand Q,Sweet Spicy Sauce - squeeze bottle,5,The flavor tastes authentic and reminds me of Korean restaurant food.,taste_authenticity_positive,synthetic_review_corpus
R00124,P0019,Indonesia,Tokopedia,Gochujang sauce,Local Brand Q,Sweet Spicy Sauce - squeeze bottle,3,I would buy this more often if the halal certification was clearly shown.,halal_concern,synthetic_review_corpus
R00125,P0019,Indonesia,Tokopedia,Gochujang sauce,Local Brand Q,Sweet Spicy Sauce - squeeze bottle,4,I wish there was a milder version because the spice level is too strong.,too_spicy,synthetic_review_corpus
R00126,P0019,Indonesia,Tokopedia,Gochujang sauce,Local Brand Q,Sweet Spicy Sauce - squeeze bottle,3,"The product is good, but the price feels quite high for the portion size.",price_sensitivity,synthetic_review_corpus
R00127,P0019,Indonesia,Tokopedia,Gochujang sauce,Local Brand Q,Sweet Spicy Sauce - squeeze bottle,5,I like the rich seasoning and it feels close to real Korean-style food.,taste_authenticity_positive,synthetic_review_corpus
R00128,P0020,Indonesia,Tokopedia,Gochujang sauce,Premium Import Brand X,Sweet Spicy Sauce - tube,2,The label information could be clearer and easier to read.,packaging_issue,synthetic_review_corpus
R00129,P0020,Indonesia,Tokopedia,Gochujang sauce,Premium Import Brand X,Sweet Spicy Sauce - tube,4,"The taste is nice, but I wish it had less sodium.",health_concern,synthetic_review_corpus
R00130,P0020,Indonesia,Tokopedia,Gochujang sauce,Premium Import Brand X,Sweet Spicy Sauce - tube,3,"The product looks good, but I could not find clear halal information.",halal_concern,synthetic_review_corpus
R00131,P0020,Indonesia,Tokopedia,Gochujang sauce,Premium Import Brand X,Sweet Spicy Sauce - tube,4,I like that it saves time and still tastes good.,convenience_positive,synthetic_review_corpus
R00132,P0020,Indonesia,Tokopedia,Gochujang sauce,Premium Import Brand X,Sweet Spicy Sauce - tube,2,Clear halal labeling would make me more confident to purchase.,halal_concern,synthetic_review_corpus
R00133,P0020,Indonesia,Tokopedia,Gochujang sauce,Premium Import Brand X,Sweet Spicy Sauce - tube,3,Clear halal labeling would make me more confident to purchase.,halal_concern,synthetic_review_corpus
R00134,P0020,Indonesia,Tokopedia,Gochujang sauce,Premium Import Brand X,Sweet Spicy Sauce - tube,5,Easy to prepare and good for busy weekdays.,convenience_positive,synthetic_review_corpus
R00135,P0020,Indonesia,Tokopedia,Gochujang sauce,Premium Import Brand X,Sweet Spicy Sauce - tube,5,I like the rich seasoning and it feels close to real Korean-style food.,taste_authenticity_positive,synthetic_review_corpus
R00136,P0021,Indonesia,Shopee ID,Gochujang sauce,Japanese Brand W,Korean Chili Sauce - jar,4,"It tastes good, but one pack is not enough for a full meal.",portion_size,synthetic_review_corpus
R00137,P0021,Indonesia,Shopee ID,Gochujang sauce,Japanese Brand W,Korean Chili Sauce - jar,3,The label information could be clearer and easier to read.,packaging_issue,synthetic_review_corpus
R00138,P0021,Indonesia,Shopee ID,Gochujang sauce,Japanese Brand W,Korean Chili Sauce - jar,2,"The product tastes nice, but the heat level may be difficult for beginners.",too_spicy,synthetic_review_corpus
R00139,P0021,Indonesia,Shopee ID,Gochujang sauce,Japanese Brand W,Korean Chili Sauce - jar,3,Clear halal labeling would make me more confident to purchase.,halal_concern,synthetic_review_corpus
R00140,P0021,Indonesia,Shopee ID,Gochujang sauce,Japanese Brand W,Korean Chili Sauce - jar,3,"It tastes good, but one pack is not enough for a full meal.",portion_size,synthetic_review_corpus
R00141,P0021,Indonesia,Shopee ID,Gochujang sauce,Japanese Brand W,Korean Chili Sauce - jar,4,"The product is good, but the packaging does not feel very strong.",packaging_issue,synthetic_review_corpus
R00142,P0021,Indonesia,Shopee ID,Gochujang sauce,Japanese Brand W,Korean Chili Sauce - jar,3,"The taste is nice, but I wish it had less sodium.",health_concern,synthetic_review_corpus
R00143,P0022,Indonesia,Shopee ID,Gochujang sauce,Korean Brand Z,Sweet Spicy Sauce - tube,3,The label information could be clearer and easier to read.,packaging_issue,synthetic_review_corpus
R00144,P0022,Indonesia,Shopee ID,Gochujang sauce,Korean Brand Z,Sweet Spicy Sauce - tube,3,"The product looks good, but I could not find clear halal information.",halal_concern,synthetic_review_corpus
R00145,P0022,Indonesia,Shopee ID,Gochujang sauce,Korean Brand Z,Sweet Spicy Sauce - tube,2,"The taste is nice, but I wish it had less sodium.",health_concern,synthetic_review_corpus
R00146,P0022,Indonesia,Shopee ID,Gochujang sauce,Korean Brand Z,Sweet Spicy Sauce - tube,5,The flavor tastes authentic and reminds me of Korean restaurant food.,taste_authenticity_positive,synthetic_review_corpus
R00147,P0022,Indonesia,Shopee ID,Gochujang sauce,Korean Brand Z,Sweet Spicy Sauce - tube,2,"The product tastes nice, but the heat level may be difficult for beginners.",too_spicy,synthetic_review_corpus
R00148,P0022,Indonesia,Shopee ID,Gochujang sauce,Korean Brand Z,Sweet Spicy Sauce - tube,3,"The product tastes nice, but the heat level may be difficult for beginners.",too_spicy,synthetic_review_corpus
R00149,P0023,Indonesia,Tokopedia,Gochujang sauce,Premium Import Brand D,Sweet Spicy Sauce - squeeze bottle,3,"It tastes good, but one pack is not enough for a full meal.",portion_size,synthetic_review_corpus
R00150,P0023,Indonesia,Tokopedia,Gochujang sauce,Premium Import Brand D,Sweet Spicy Sauce - squeeze bottle,2,"The taste is nice, but I wish it had less sodium.",health_concern,synthetic_review_corpus
R00151,P0023,Indonesia,Tokopedia,Gochujang sauce,Premium Import Brand D,Sweet Spicy Sauce - squeeze bottle,3,"The taste is fine, but it feels expensive compared with local alternatives.",price_sensitivity,synthetic_review_corpus
R00152,P0023,Indonesia,Tokopedia,Gochujang sauce,Premium Import Brand D,Sweet Spicy Sauce - squeeze bottle,3,Clear halal labeling would make me more confident to purchase.,halal_concern,synthetic_review_corpus
R00153,P0023,Indonesia,Tokopedia,Gochujang sauce,Premium Import Brand D,Sweet Spicy Sauce - squeeze bottle,4,The flavor tastes authentic and reminds me of Korean restaurant food.,taste_authenticity_positive,synthetic_review_corpus
R00154,P0023,Indonesia,Tokopedia,Gochujang sauce,Premium Import Brand D,Sweet Spicy Sauce - squeeze bottle,4,"The product tastes nice, but the heat level may be difficult for beginners.",too_spicy,synthetic_review_corpus
R00155,P0023,Indonesia,Tokopedia,Gochujang sauce,Premium Import Brand D,Sweet Spicy Sauce - squeeze bottle,2,"The flavor is good, but it is too spicy for my family.",too_spicy,synthetic_review_corpus
R00156,P0023,Indonesia,Tokopedia,Gochujang sauce,Premium Import Brand D,Sweet Spicy Sauce - squeeze bottle,2,"The taste is nice, but I wish it had less sodium.",health_concern,synthetic_review_corpus
R00157,P0024,Indonesia,Tokopedia,Gochujang sauce,Private Label E,Korean Chili Sauce - tube,5,The taste is very satisfying and works well for a quick Korean meal at home.,taste_authenticity_positive,synthetic_review_corpus
R00158,P0024,Indonesia,Tokopedia,Gochujang sauce,Private Label E,Korean Chili Sauce - tube,4,The flavor tastes authentic and reminds me of Korean restaurant food.,taste_authenticity_positive,synthetic_review_corpus
R00159,P0024,Indonesia,Tokopedia,Gochujang sauce,Private Label E,Korean Chili Sauce - tube,4,The flavor tastes authentic and reminds me of Korean restaurant food.,taste_authenticity_positive,synthetic_review_corpus
R00160,P0024,Indonesia,Tokopedia,Gochujang sauce,Private Label E,Korean Chili Sauce - tube,2,"The product is good, but the packaging does not feel very strong.",packaging_issue,synthetic_review_corpus
R00161,P0024,Indonesia,Tokopedia,Gochujang sauce,Private Label E,Korean Chili Sauce - tube,5,The flavor tastes authentic and reminds me of Korean restaurant food.,taste_authenticity_positive,synthetic_review_corpus
R00162,P0024,Indonesia,Tokopedia,Gochujang sauce,Private Label E,Korean Chili Sauce - tube,5,I like that it saves time and still tastes good.,convenience_positive,synthetic_review_corpus
R00163,P0025,Indonesia,Shopee ID,Frozen mandu,Local Brand A,Vegetable Mandu - value pack,3,I would buy this more often if the halal certification was clearly shown.,halal_concern,synthetic_review_corpus
R00164,P0025,Indonesia,Shopee ID,Frozen mandu,Local Brand A,Vegetable Mandu - value pack,5,The flavor tastes authentic and reminds me of Korean restaurant food.,taste_authenticity_positive,synthetic_review_corpus
R00165,P0025,Indonesia,Shopee ID,Frozen mandu,Local Brand A,Vegetable Mandu - value pack,5,The taste is very satisfying and works well for a quick Korean meal at home.,taste_authenticity_positive,synthetic_review_corpus
R00166,P0025,Indonesia,Shopee ID,Frozen mandu,Local Brand A,Vegetable Mandu - value pack,2,"The product is good, but the price feels quite high for the portion size.",price_sensitivity,synthetic_review_corpus
R00167,P0026,Indonesia,Tokopedia,Frozen mandu,Korean Brand H,Pork Mandu - family pack,3,The packaging could be improved because it was slightly damaged when delivered.,packaging_issue,synthetic_review_corpus
R00168,P0026,Indonesia,Tokopedia,Frozen mandu,Korean Brand H,Pork Mandu - family pack,3,The packaging could be improved because it was slightly damaged when delivered.,packaging_issue,synthetic_review_corpus
R00169,P0026,Indonesia,Tokopedia,Frozen mandu,Korean Brand H,Pork Mandu - family pack,4,The taste is very satisfying and works well for a quick Korean meal at home.,taste_authenticity_positive,synthetic_review_corpus
R00170,P0026,Indonesia,Tokopedia,Frozen mandu,Korean Brand H,Pork Mandu - family pack,3,"The product looks good, but I could not find clear halal information.",halal_concern,synthetic_review_corpus
R00171,P0026,Indonesia,Tokopedia,Frozen mandu,Korean Brand H,Pork Mandu - family pack,5,I like the rich seasoning and it feels close to real Korean-style food.,taste_authenticity_positive,synthetic_review_corpus
R00172,P0026,Indonesia,Tokopedia,Frozen mandu,Korean Brand H,Pork Mandu - family pack,3,"The flavor is good, but it is too spicy for my family.",too_spicy,synthetic_review_corpus
R00173,P0027,Indonesia,Shopee ID,Frozen mandu,Private Label Z,Kimchi Mandu - frozen bag,5,The taste is very satisfying and works well for a quick Korean meal at home.,taste_authenticity_positive,synthetic_review_corpus
R00174,P0027,Indonesia,Shopee ID,Frozen mandu,Private Label Z,Kimchi Mandu - frozen bag,2,"The taste is fine, but it feels expensive compared with local alternatives.",price_sensitivity,synthetic_review_corpus
R00175,P0027,Indonesia,Shopee ID,Frozen mandu,Private Label Z,Kimchi Mandu - frozen bag,4,"The taste is fine, but it feels expensive compared with local alternatives.",price_sensitivity,synthetic_review_corpus
R00176,P0027,Indonesia,Shopee ID,Frozen mandu,Private Label Z,Kimchi Mandu - frozen bag,5,I like that it saves time and still tastes good.,convenience_positive,synthetic_review_corpus
R00177,P0027,Indonesia,Shopee ID,Frozen mandu,Private Label Z,Kimchi Mandu - frozen bag,4,Easy to prepare and good for busy weekdays.,convenience_positive,synthetic_review_corpus
R00178,P0028,Indonesia,Shopee ID,Frozen mandu,Premium Import Brand E,Kimchi Mandu - frozen bag,3,Clear halal labeling would make me more confident to purchase.,halal_concern,synthetic_review_corpus
R00179,P0028,Indonesia,Shopee ID,Frozen mandu,Premium Import Brand E,Kimchi Mandu - frozen bag,2,I wish there was a milder version because the spice level is too strong.,too_spicy,synthetic_review_corpus
R00180,P0028,Indonesia,Shopee ID,Frozen mandu,Premium Import Brand E,Kimchi Mandu - frozen bag,3,"The flavor is good, but it is too spicy for my family.",too_spicy,synthetic_review_corpus
R00181,P0028,Indonesia,Shopee ID,Frozen mandu,Premium Import Brand E,Kimchi Mandu - frozen bag,2,I would buy this more often if the halal certification was clearly shown.,halal_concern,synthetic_review_corpus
R00182,P0028,Indonesia,Shopee ID,Frozen mandu,Premium Import Brand E,Kimchi Mandu - frozen bag,4,Clear halal labeling would make me more confident to purchase.,halal_concern,synthetic_review_corpus
R00183,P0028,Indonesia,Shopee ID,Frozen mandu,Premium Import Brand E,Kimchi Mandu - frozen bag,4,The serving size could be larger for the price.,portion_size,synthetic_review_corpus
R00184,P0028,Indonesia,Shopee ID,Frozen mandu,Premium Import Brand E,Kimchi Mandu - frozen bag,3,"The product is good, but the packaging does not feel very strong.",packaging_issue,synthetic_review_corpus
R00185,P0028,Indonesia,Shopee ID,Frozen mandu,Premium Import Brand E,Kimchi Mandu - frozen bag,3,The portion is smaller than expected.,portion_size,synthetic_review_corpus
R00186,P0029,Indonesia,Shopee ID,Frozen mandu,Korean Brand G,Chicken Mandu - family pack,4,I would buy this more often if the halal certification was clearly shown.,halal_concern,synthetic_review_corpus
R00187,P0029,Indonesia,Shopee ID,Frozen mandu,Korean Brand G,Chicken Mandu - family pack,3,The label information could be clearer and easier to read.,packaging_issue,synthetic_review_corpus
R00188,P0029,Indonesia,Shopee ID,Frozen mandu,Korean Brand G,Chicken Mandu - family pack,5,The taste is very satisfying and works well for a quick Korean meal at home.,taste_authenticity_positive,synthetic_review_corpus
R00189,P0029,Indonesia,Shopee ID,Frozen mandu,Korean Brand G,Chicken Mandu - family pack,3,I wish there was a milder version because the spice level is too strong.,too_spicy,synthetic_review_corpus
R00190,P0029,Indonesia,Shopee ID,Frozen mandu,Korean Brand G,Chicken Mandu - family pack,2,"The taste is fine, but it feels expensive compared with local alternatives.",price_sensitivity,synthetic_review_corpus
R00191,P0029,Indonesia,Shopee ID,Frozen mandu,Korean Brand G,Chicken Mandu - family pack,2,"The product is good, but the packaging does not feel very strong.",packaging_issue,synthetic_review_corpus
R00192,P0029,Indonesia,Shopee ID,Frozen mandu,Korean Brand G,Chicken Mandu - family pack,3,I would buy this more often if the halal certification was clearly shown.,halal_concern,synthetic_review_corpus
R00193,P0029,Indonesia,Shopee ID,Frozen mandu,Korean Brand G,Chicken Mandu - family pack,5,The taste is very satisfying and works well for a quick Korean meal at home.,taste_authenticity_positive,synthetic_review_corpus
R00194,P0029,Indonesia,Shopee ID,Frozen mandu,Korean Brand G,Chicken Mandu - family pack,4,The taste is very satisfying and works well for a quick Korean meal at home.,taste_authenticity_positive,synthetic_review_corpus
R00195,P0030,Indonesia,Tokopedia,Frozen mandu,Korean Brand Q,Kimchi Mandu - family pack,5,I like that it saves time and still tastes good.,convenience_positive,synthetic_review_corpus
R00196,P0030,Indonesia,Tokopedia,Frozen mandu,Korean Brand Q,Kimchi Mandu - family pack,3,"It tastes good, but one pack is not enough for a full meal.",portion_size,synthetic_review_corpus
R00197,P0030,Indonesia,Tokopedia,Frozen mandu,Korean Brand Q,Kimchi Mandu - family pack,4,Very convenient for a quick meal after work.,convenience_positive,synthetic_review_corpus
R00198,P0030,Indonesia,Tokopedia,Frozen mandu,Korean Brand Q,Kimchi Mandu - family pack,5,Very convenient for a quick meal after work.,convenience_positive,synthetic_review_corpus
R00199,P0030,Indonesia,Tokopedia,Frozen mandu,Korean Brand Q,Kimchi Mandu - family pack,5,The flavor tastes authentic and reminds me of Korean restaurant food.,taste_authenticity_positive,synthetic_review_corpus
R00200,P0030,Indonesia,Tokopedia,Frozen mandu,Korean Brand Q,Kimchi Mandu - family pack,3,Clear halal labeling would make me more confident to purchase.,halal_concern,synthetic_review_corpus
R00201,P0030,Indonesia,Tokopedia,Frozen mandu,Korean Brand Q,Kimchi Mandu - family pack,5,Very convenient for a quick meal after work.,convenience_positive,synthetic_review_corpus
R00202,P0030,Indonesia,Tokopedia,Frozen mandu,Korean Brand Q,Kimchi Mandu - family pack,3,The portion is smaller than expected.,portion_size,synthetic_review_corpus
R00203,P0030,Indonesia,Tokopedia,Frozen mandu,Korean Brand Q,Kimchi Mandu - family pack,5,Very convenient for a quick meal after work.,convenience_positive,synthetic_review_corpus
R00204,P0031,Indonesia,Shopee ID,Frozen mandu,Korean Brand U,Chicken Mandu - frozen bag,3,Clear halal labeling would make me more confident to purchase.,halal_concern,synthetic_review_corpus
R00205,P0031,Indonesia,Shopee ID,Frozen mandu,Korean Brand U,Chicken Mandu - frozen bag,3,"The taste is fine, but it feels expensive compared with local alternatives.",price_sensitivity,synthetic_review_corpus
R00206,P0031,Indonesia,Shopee ID,Frozen mandu,Korean Brand U,Chicken Mandu - frozen bag,2,"The product looks good, but I could not find clear halal information.",halal_concern,synthetic_review_corpus
R00207,P0031,Indonesia,Shopee ID,Frozen mandu,Korean Brand U,Chicken Mandu - frozen bag,5,I like the rich seasoning and it feels close to real Korean-style food.,taste_authenticity_positive,synthetic_review_corpus
R00208,P0032,Indonesia,Shopee ID,Frozen mandu,Korean Brand H,Pork Mandu - frozen bag,4,I like the rich seasoning and it feels close to real Korean-style food.,taste_authenticity_positive,synthetic_review_corpus
R00209,P0032,Indonesia,Shopee ID,Frozen mandu,Korean Brand H,Pork Mandu - frozen bag,5,I like the rich seasoning and it feels close to real Korean-style food.,taste_authenticity_positive,synthetic_review_corpus
R00210,P0032,Indonesia,Shopee ID,Frozen mandu,Korean Brand H,Pork Mandu - frozen bag,4,Very convenient for a quick meal after work.,convenience_positive,synthetic_review_corpus
R00211,P0032,Indonesia,Shopee ID,Frozen mandu,Korean Brand H,Pork Mandu - frozen bag,3,"It tastes good, but one pack is not enough for a full meal.",portion_size,synthetic_review_corpus
R00212,P0032,Indonesia,Shopee ID,Frozen mandu,Korean Brand H,Pork Mandu - frozen bag,2,I would prefer a healthier version with cleaner ingredients.,health_concern,synthetic_review_corpus
R00213,P0032,Indonesia,Shopee ID,Frozen mandu,Korean Brand H,Pork Mandu - frozen bag,3,"It tastes good, but one pack is not enough for a full meal.",portion_size,synthetic_review_corpus
R00214,P0032,Indonesia,Shopee ID,Frozen mandu,Korean Brand H,Pork Mandu - frozen bag,3,Clear halal labeling would make me more confident to purchase.,halal_concern,synthetic_review_corpus
R00215,P0032,Indonesia,Shopee ID,Frozen mandu,Korean Brand H,Pork Mandu - frozen bag,5,The flavor tastes authentic and reminds me of Korean restaurant food.,taste_authenticity_positive,synthetic_review_corpus
R00216,P0033,Indonesia,Shopee ID,Ready meal,Private Label J,Bulgogi Meal - microwave bowl,2,"The taste is fine, but it feels expensive compared with local alternatives.",price_sensitivity,synthetic_review_corpus
R00217,P0033,Indonesia,Shopee ID,Ready meal,Private Label J,Bulgogi Meal - microwave bowl,3,I would buy this more often if the halal certification was clearly shown.,halal_concern,synthetic_review_corpus
R00218,P0033,Indonesia,Shopee ID,Ready meal,Private Label J,Bulgogi Meal - microwave bowl,5,Easy to prepare and good for busy weekdays.,convenience_positive,synthetic_review_corpus
R00219,P0033,Indonesia,Shopee ID,Ready meal,Private Label J,Bulgogi Meal - microwave bowl,3,"The product tastes nice, but the heat level may be difficult for beginners.",too_spicy,synthetic_review_corpus
R00220,P0033,Indonesia,Shopee ID,Ready meal,Private Label J,Bulgogi Meal - microwave bowl,4,The portion is smaller than expected.,portion_size,synthetic_review_corpus
R00221,P0033,Indonesia,Shopee ID,Ready meal,Private Label J,Bulgogi Meal - microwave bowl,3,"The product tastes nice, but the heat level may be difficult for beginners.",too_spicy,synthetic_review_corpus
R00222,P0034,Indonesia,Shopee ID,Ready meal,Local Brand U,Bulgogi Meal - frozen tray,5,The taste is very satisfying and works well for a quick Korean meal at home.,taste_authenticity_positive,synthetic_review_corpus
R00223,P0034,Indonesia,Shopee ID,Ready meal,Local Brand U,Bulgogi Meal - frozen tray,4,Very convenient for a quick meal after work.,convenience_positive,synthetic_review_corpus
R00224,P0034,Indonesia,Shopee ID,Ready meal,Local Brand U,Bulgogi Meal - frozen tray,4,I would buy this more often if the halal certification was clearly shown.,halal_concern,synthetic_review_corpus
R00225,P0034,Indonesia,Shopee ID,Ready meal,Local Brand U,Bulgogi Meal - frozen tray,5,I like the rich seasoning and it feels close to real Korean-style food.,taste_authenticity_positive,synthetic_review_corpus
R00226,P0034,Indonesia,Shopee ID,Ready meal,Local Brand U,Bulgogi Meal - frozen tray,3,"It tastes good, but one pack is not enough for a full meal.",portion_size,synthetic_review_corpus
R00227,P0034,Indonesia,Shopee ID,Ready meal,Local Brand U,Bulgogi Meal - frozen tray,4,I like the rich seasoning and it feels close to real Korean-style food.,taste_authenticity_positive,synthetic_review_corpus
R00228,P0034,Indonesia,Shopee ID,Ready meal,Local Brand U,Bulgogi Meal - frozen tray,4,Clear halal labeling would make me more confident to purchase.,halal_concern,synthetic_review_corpus
R00229,P0034,Indonesia,Shopee ID,Ready meal,Local Brand U,Bulgogi Meal - frozen tray,5,Easy to prepare and good for busy weekdays.,convenience_positive,synthetic_review_corpus
R00230,P0035,Indonesia,Shopee ID,Ready meal,Private Label D,Bibimbap Bowl - microwave bowl,4,Very convenient for a quick meal after work.,convenience_positive,synthetic_review_corpus
R00231,P0035,Indonesia,Shopee ID,Ready meal,Private Label D,Bibimbap Bowl - microwave bowl,3,"The taste is fine, but it feels expensive compared with local alternatives.",price_sensitivity,synthetic_review_corpus
R00232,P0035,Indonesia,Shopee ID,Ready meal,Private Label D,Bibimbap Bowl - microwave bowl,4,The flavor tastes authentic and reminds me of Korean restaurant food.,taste_authenticity_positive,synthetic_review_corpus
R00233,P0035,Indonesia,Shopee ID,Ready meal,Private Label D,Bibimbap Bowl - microwave bowl,3,The serving size could be larger for the price.,portion_size,synthetic_review_corpus
R00234,P0035,Indonesia,Shopee ID,Ready meal,Private Label D,Bibimbap Bowl - microwave bowl,3,The portion is smaller than expected.,portion_size,synthetic_review_corpus
R00235,P0035,Indonesia,Shopee ID,Ready meal,Private Label D,Bibimbap Bowl - microwave bowl,2,I would buy this more often if the halal certification was clearly shown.,halal_concern,synthetic_review_corpus
R00236,P0035,Indonesia,Shopee ID,Ready meal,Private Label D,Bibimbap Bowl - microwave bowl,4,"It tastes good, but one pack is not enough for a full meal.",portion_size,synthetic_review_corpus
R00237,P0035,Indonesia,Shopee ID,Ready meal,Private Label D,Bibimbap Bowl - microwave bowl,3,"The product is good, but the packaging does not feel very strong.",packaging_issue,synthetic_review_corpus
R00238,P0035,Indonesia,Shopee ID,Ready meal,Private Label D,Bibimbap Bowl - microwave bowl,4,"The taste is fine, but it feels expensive compared with local alternatives.",price_sensitivity,synthetic_review_corpus
R00239,P0035,Indonesia,Shopee ID,Ready meal,Private Label D,Bibimbap Bowl - microwave bowl,3,"The product looks good, but I could not find clear halal information.",halal_concern,synthetic_review_corpus
R00240,P0036,Indonesia,Tokopedia,Ready meal,Korean Brand B,Bibimbap Bowl - frozen tray,5,I like that it saves time and still tastes good.,convenience_positive,synthetic_review_corpus
R00241,P0036,Indonesia,Tokopedia,Ready meal,Korean Brand B,Bibimbap Bowl - frozen tray,5,The flavor tastes authentic and reminds me of Korean restaurant food.,taste_authenticity_positive,synthetic_review_corpus
R00242,P0036,Indonesia,Tokopedia,Ready meal,Korean Brand B,Bibimbap Bowl - frozen tray,2,"The taste is fine, but it feels expensive compared with local alternatives.",price_sensitivity,synthetic_review_corpus
R00243,P0036,Indonesia,Tokopedia,Ready meal,Korean Brand B,Bibimbap Bowl - frozen tray,3,The portion is smaller than expected.,portion_size,synthetic_review_corpus
R00244,P0036,Indonesia,Tokopedia,Ready meal,Korean Brand B,Bibimbap Bowl - frozen tray,3,"The product is good, but the price feels quite high for the portion size.",price_sensitivity,synthetic_review_corpus
R00245,P0037,Indonesia,Shopee ID,Ready meal,Korean Brand H,Tteokbokki Meal - microwave bowl,3,"The product is good, but the price feels quite high for the portion size.",price_sensitivity,synthetic_review_corpus
R00246,P0037,Indonesia,Shopee ID,Ready meal,Korean Brand H,Tteokbokki Meal - microwave bowl,4,The taste is very satisfying and works well for a quick Korean meal at home.,taste_authenticity_positive,synthetic_review_corpus
R00247,P0037,Indonesia,Shopee ID,Ready meal,Korean Brand H,Tteokbokki Meal - microwave bowl,4,Clear halal labeling would make me more confident to purchase.,halal_concern,synthetic_review_corpus
R00248,P0037,Indonesia,Shopee ID,Ready meal,Korean Brand H,Tteokbokki Meal - microwave bowl,4,Easy to prepare and good for busy weekdays.,convenience_positive,synthetic_review_corpus
R00249,P0037,Indonesia,Shopee ID,Ready meal,Korean Brand H,Tteokbokki Meal - microwave bowl,5,Easy to prepare and good for busy weekdays.,convenience_positive,synthetic_review_corpus
R00250,P0037,Indonesia,Shopee ID,Ready meal,Korean Brand H,Tteokbokki Meal - microwave bowl,5,Very convenient for a quick meal after work.,convenience_positive,synthetic_review_corpus
R00251,P0037,Indonesia,Shopee ID,Ready meal,Korean Brand H,Tteokbokki Meal - microwave bowl,3,The portion is smaller than expected.,portion_size,synthetic_review_corpus
R00252,P0037,Indonesia,Shopee ID,Ready meal,Korean Brand H,Tteokbokki Meal - microwave bowl,4,The taste is very satisfying and works well for a quick Korean meal at home.,taste_authenticity_positive,synthetic_review_corpus
R00253,P0037,Indonesia,Shopee ID,Ready meal,Korean Brand H,Tteokbokki Meal - microwave bowl,3,I wish there was a milder version because the spice level is too strong.,too_spicy,synthetic_review_corpus
R00254,P0037,Indonesia,Shopee ID,Ready meal,Korean Brand H,Tteokbokki Meal - microwave bowl,3,Clear halal labeling would make me more confident to purchase.,halal_concern,synthetic_review_corpus
R00255,P0038,Indonesia,Shopee ID,Ready meal,Local Brand J,Bulgogi Meal - microwave bowl,4,Clear halal labeling would make me more confident to purchase.,halal_concern,synthetic_review_corpus
R00256,P0038,Indonesia,Shopee ID,Ready meal,Local Brand J,Bulgogi Meal - microwave bowl,3,"The product tastes nice, but the heat level may be difficult for beginners.",too_spicy,synthetic_review_corpus
R00257,P0038,Indonesia,Shopee ID,Ready meal,Local Brand J,Bulgogi Meal - microwave bowl,3,I would buy this more often if the halal certification was clearly shown.,halal_concern,synthetic_review_corpus
R00258,P0038,Indonesia,Shopee ID,Ready meal,Local Brand J,Bulgogi Meal - microwave bowl,4,I would buy this more often if the halal certification was clearly shown.,halal_concern,synthetic_review_corpus
R00259,P0038,Indonesia,Shopee ID,Ready meal,Local Brand J,Bulgogi Meal - microwave bowl,3,I wish there was a milder version because the spice level is too strong.,too_spicy,synthetic_review_corpus
R00260,P0039,Indonesia,Shopee ID,Ready meal,Private Label D,Bibimbap Bowl - frozen tray,5,The flavor tastes authentic and reminds me of Korean restaurant food.,taste_authenticity_positive,synthetic_review_corpus
R00261,P0039,Indonesia,Shopee ID,Ready meal,Private Label D,Bibimbap Bowl - frozen tray,5,Very convenient for a quick meal after work.,convenience_positive,synthetic_review_corpus
R00262,P0039,Indonesia,Shopee ID,Ready meal,Private Label D,Bibimbap Bowl - frozen tray,5,The taste is very satisfying and works well for a quick Korean meal at home.,taste_authenticity_positive,synthetic_review_corpus
R00263,P0039,Indonesia,Shopee ID,Ready meal,Private Label D,Bibimbap Bowl - frozen tray,3,I would buy this more often if the halal certification was clearly shown.,halal_concern,synthetic_review_corpus
R00264,P0039,Indonesia,Shopee ID,Ready meal,Private Label D,Bibimbap Bowl - frozen tray,3,Clear halal labeling would make me more confident to purchase.,halal_concern,synthetic_review_corpus
R00265,P0039,Indonesia,Shopee ID,Ready meal,Private Label D,Bibimbap Bowl - frozen tray,4,"I like it, but I would only buy again if there is a discount.",price_sensitivity,synthetic_review_corpus
R00266,P0039,Indonesia,Shopee ID,Ready meal,Private Label D,Bibimbap Bowl - frozen tray,3,"The product is good, but the price feels quite high for the portion size.",price_sensitivity,synthetic_review_corpus
R00267,P0039,Indonesia,Shopee ID,Ready meal,Private Label D,Bibimbap Bowl - frozen tray,5,Easy to prepare and good for busy weekdays.,convenience_positive,synthetic_review_corpus
R00268,P0039,Indonesia,Shopee ID,Ready meal,Private Label D,Bibimbap Bowl - frozen tray,4,The flavor tastes authentic and reminds me of Korean restaurant food.,taste_authenticity_positive,synthetic_review_corpus
R00269,P0039,Indonesia,Shopee ID,Ready meal,Private Label D,Bibimbap Bowl - frozen tray,5,The taste is very satisfying and works well for a quick Korean meal at home.,taste_authenticity_positive,synthetic_review_corpus
R00270,P0040,Indonesia,Shopee ID,Ready meal,Premium Import Brand F,Bulgogi Meal - microwave bowl,5,The flavor tastes authentic and reminds me of Korean restaurant food.,taste_authenticity_positive,synthetic_review_corpus
R00271,P0040,Indonesia,Shopee ID,Ready meal,Premium Import Brand F,Bulgogi Meal - microwave bowl,4,"The taste is fine, but it feels expensive compared with local alternatives.",price_sensitivity,synthetic_review_corpus
R00272,P0040,Indonesia,Shopee ID,Ready meal,Premium Import Brand F,Bulgogi Meal - microwave bowl,4,"I like it, but I would only buy again if there is a discount.",price_sensitivity,synthetic_review_corpus
R00273,P0040,Indonesia,Shopee ID,Ready meal,Premium Import Brand F,Bulgogi Meal - microwave bowl,3,"Good flavor, but it feels a bit heavy for frequent consumption.",health_concern,synthetic_review_corpus
R00274,P0040,Indonesia,Shopee ID,Ready meal,Premium Import Brand F,Bulgogi Meal - microwave bowl,5,I like that it saves time and still tastes good.,convenience_positive,synthetic_review_corpus
R00275,P0040,Indonesia,Shopee ID,Ready meal,Premium Import Brand F,Bulgogi Meal - microwave bowl,2,"The product is good, but the packaging does not feel very strong.",packaging_issue,synthetic_review_corpus
R00276,P0041,Indonesia,Tokopedia,Seaweed snack,Local Brand F,Seaweed Snack - snack pack,4,I like the rich seasoning and it feels close to real Korean-style food.,taste_authenticity_positive,synthetic_review_corpus
R00277,P0041,Indonesia,Tokopedia,Seaweed snack,Local Brand F,Seaweed Snack - snack pack,2,The serving size could be larger for the price.,portion_size,synthetic_review_corpus
R00278,P0041,Indonesia,Tokopedia,Seaweed snack,Local Brand F,Seaweed Snack - snack pack,5,The flavor tastes authentic and reminds me of Korean restaurant food.,taste_authenticity_positive,synthetic_review_corpus
R00279,P0041,Indonesia,Tokopedia,Seaweed snack,Local Brand F,Seaweed Snack - snack pack,4,"Good flavor, but it feels a bit heavy for frequent consumption.",health_concern,synthetic_review_corpus
R00280,P0041,Indonesia,Tokopedia,Seaweed snack,Local Brand F,Seaweed Snack - snack pack,4,I like that it saves time and still tastes good.,convenience_positive,synthetic_review_corpus
R00281,P0041,Indonesia,Tokopedia,Seaweed snack,Local Brand F,Seaweed Snack - snack pack,2,"The taste is nice, but I wish it had less sodium.",health_concern,synthetic_review_corpus
R00282,P0041,Indonesia,Tokopedia,Seaweed snack,Local Brand F,Seaweed Snack - snack pack,4,"Good flavor, but it feels a bit heavy for frequent consumption.",health_concern,synthetic_review_corpus
R00283,P0041,Indonesia,Tokopedia,Seaweed snack,Local Brand F,Seaweed Snack - snack pack,4,Clear halal labeling would make me more confident to purchase.,halal_concern,synthetic_review_corpus
R00284,P0041,Indonesia,Tokopedia,Seaweed snack,Local Brand F,Seaweed Snack - snack pack,3,"The product is good, but the packaging does not feel very strong.",packaging_issue,synthetic_review_corpus
R00285,P0041,Indonesia,Tokopedia,Seaweed snack,Local Brand F,Seaweed Snack - snack pack,3,The portion is smaller than expected.,portion_size,synthetic_review_corpus
R00286,P0042,Indonesia,Shopee ID,Seaweed snack,Premium Import Brand K,Seaweed Snack - multi-pack,2,"The flavor is good, but it is too spicy for my family.",too_spicy,synthetic_review_corpus
R00287,P0042,Indonesia,Shopee ID,Seaweed snack,Premium Import Brand K,Seaweed Snack - multi-pack,5,I like the rich seasoning and it feels close to real Korean-style food.,taste_authenticity_positive,synthetic_review_corpus
R00288,P0042,Indonesia,Shopee ID,Seaweed snack,Premium Import Brand K,Seaweed Snack - multi-pack,3,I would buy this more often if the halal certification was clearly shown.,halal_concern,synthetic_review_corpus
R00289,P0042,Indonesia,Shopee ID,Seaweed snack,Premium Import Brand K,Seaweed Snack - multi-pack,3,I would buy this more often if the halal certification was clearly shown.,halal_concern,synthetic_review_corpus
R00290,P0042,Indonesia,Shopee ID,Seaweed snack,Premium Import Brand K,Seaweed Snack - multi-pack,4,I would prefer a healthier version with cleaner ingredients.,health_concern,synthetic_review_corpus
R00291,P0042,Indonesia,Shopee ID,Seaweed snack,Premium Import Brand K,Seaweed Snack - multi-pack,4,The serving size could be larger for the price.,portion_size,synthetic_review_corpus
R00292,P0042,Indonesia,Shopee ID,Seaweed snack,Premium Import Brand K,Seaweed Snack - multi-pack,3,Clear halal labeling would make me more confident to purchase.,halal_concern,synthetic_review_corpus
R00293,P0042,Indonesia,Shopee ID,Seaweed snack,Premium Import Brand K,Seaweed Snack - multi-pack,3,"The product tastes nice, but the heat level may be difficult for beginners.",too_spicy,synthetic_review_corpus
R00294,P0042,Indonesia,Shopee ID,Seaweed snack,Premium Import Brand K,Seaweed Snack - multi-pack,4,"The product looks good, but I could not find clear halal information.",halal_concern,synthetic_review_corpus
R00295,P0042,Indonesia,Shopee ID,Seaweed snack,Premium Import Brand K,Seaweed Snack - multi-pack,4,"The product looks good, but I could not find clear halal information.",halal_concern,synthetic_review_corpus
R00296,P0043,Indonesia,Tokopedia,Seaweed snack,Korean Brand U,Seaweed Crisps - snack pack,4,The flavor tastes authentic and reminds me of Korean restaurant food.,taste_authenticity_positive,synthetic_review_corpus
R00297,P0043,Indonesia,Tokopedia,Seaweed snack,Korean Brand U,Seaweed Crisps - snack pack,4,"The taste is fine, but it feels expensive compared with local alternatives.",price_sensitivity,synthetic_review_corpus
R00298,P0043,Indonesia,Tokopedia,Seaweed snack,Korean Brand U,Seaweed Crisps - snack pack,3,I wish there was a milder version because the spice level is too strong.,too_spicy,synthetic_review_corpus
R00299,P0043,Indonesia,Tokopedia,Seaweed snack,Korean Brand U,Seaweed Crisps - snack pack,3,I wish there was a milder version because the spice level is too strong.,too_spicy,synthetic_review_corpus
R00300,P0043,Indonesia,Tokopedia,Seaweed snack,Korean Brand U,Seaweed Crisps - snack pack,5,Easy to prepare and good for busy weekdays.,convenience_positive,synthetic_review_corpus
R00301,P0043,Indonesia,Tokopedia,Seaweed snack,Korean Brand U,Seaweed Crisps - snack pack,5,The flavor tastes authentic and reminds me of Korean restaurant food.,taste_authenticity_positive,synthetic_review_corpus
R00302,P0043,Indonesia,Tokopedia,Seaweed snack,Korean Brand U,Seaweed Crisps - snack pack,5,I like the rich seasoning and it feels close to real Korean-style food.,taste_authenticity_positive,synthetic_review_corpus
R00303,P0044,Indonesia,Shopee ID,Seaweed snack,Japanese Brand R,Seaweed Crisps - tray pack,5,The taste is very satisfying and works well for a quick Korean meal at home.,taste_authenticity_positive,synthetic_review_corpus
R00304,P0044,Indonesia,Shopee ID,Seaweed snack,Japanese Brand R,Seaweed Crisps - tray pack,5,I like the rich seasoning and it feels close to real Korean-style food.,taste_authenticity_positive,synthetic_review_corpus
R00305,P0044,Indonesia,Shopee ID,Seaweed snack,Japanese Brand R,Seaweed Crisps - tray pack,3,I would prefer a healthier version with cleaner ingredients.,health_concern,synthetic_review_corpus
R00306,P0044,Indonesia,Shopee ID,Seaweed snack,Japanese Brand R,Seaweed Crisps - tray pack,3,The packaging could be improved because it was slightly damaged when delivered.,packaging_issue,synthetic_review_corpus
R00307,P0044,Indonesia,Shopee ID,Seaweed snack,Japanese Brand R,Seaweed Crisps - tray pack,2,Clear halal labeling would make me more confident to purchase.,halal_concern,synthetic_review_corpus
R00308,P0044,Indonesia,Shopee ID,Seaweed snack,Japanese Brand R,Seaweed Crisps - tray pack,4,The taste is very satisfying and works well for a quick Korean meal at home.,taste_authenticity_positive,synthetic_review_corpus
R00309,P0044,Indonesia,Shopee ID,Seaweed snack,Japanese Brand R,Seaweed Crisps - tray pack,3,The serving size could be larger for the price.,portion_size,synthetic_review_corpus
R00310,P0044,Indonesia,Shopee ID,Seaweed snack,Japanese Brand R,Seaweed Crisps - tray pack,4,"The product is good, but the packaging does not feel very strong.",packaging_issue,synthetic_review_corpus
R00311,P0045,Indonesia,Shopee ID,Seaweed snack,Korean Brand C,Seaweed Crisps - snack pack,3,The packaging could be improved because it was slightly damaged when delivered.,packaging_issue,synthetic_review_corpus
R00312,P0045,Indonesia,Shopee ID,Seaweed snack,Korean Brand C,Seaweed Crisps - snack pack,2,Clear halal labeling would make me more confident to purchase.,halal_concern,synthetic_review_corpus
R00313,P0045,Indonesia,Shopee ID,Seaweed snack,Korean Brand C,Seaweed Crisps - snack pack,5,I like the rich seasoning and it feels close to real Korean-style food.,taste_authenticity_positive,synthetic_review_corpus
R00314,P0045,Indonesia,Shopee ID,Seaweed snack,Korean Brand C,Seaweed Crisps - snack pack,5,The flavor tastes authentic and reminds me of Korean restaurant food.,taste_authenticity_positive,synthetic_review_corpus
R00315,P0045,Indonesia,Shopee ID,Seaweed snack,Korean Brand C,Seaweed Crisps - snack pack,2,"The product tastes nice, but the heat level may be difficult for beginners.",too_spicy,synthetic_review_corpus
R00316,P0045,Indonesia,Shopee ID,Seaweed snack,Korean Brand C,Seaweed Crisps - snack pack,4,The flavor tastes authentic and reminds me of Korean restaurant food.,taste_authenticity_positive,synthetic_review_corpus
R00317,P0045,Indonesia,Shopee ID,Seaweed snack,Korean Brand C,Seaweed Crisps - snack pack,4,Very convenient for a quick meal after work.,convenience_positive,synthetic_review_corpus
R00318,P0045,Indonesia,Shopee ID,Seaweed snack,Korean Brand C,Seaweed Crisps - snack pack,3,I would prefer a healthier version with cleaner ingredients.,health_concern,synthetic_review_corpus
R00319,P0046,Indonesia,Shopee ID,Seaweed snack,Japanese Brand U,Roasted Seaweed - snack pack,3,The packaging could be improved because it was slightly damaged when delivered.,packaging_issue,synthetic_review_corpus
R00320,P0046,Indonesia,Shopee ID,Seaweed snack,Japanese Brand U,Roasted Seaweed - snack pack,4,"I like it, but I would only buy again if there is a discount.",price_sensitivity,synthetic_review_corpus
R00321,P0046,Indonesia,Shopee ID,Seaweed snack,Japanese Brand U,Roasted Seaweed - snack pack,5,The taste is very satisfying and works well for a quick Korean meal at home.,taste_authenticity_positive,synthetic_review_corpus
R00322,P0046,Indonesia,Shopee ID,Seaweed snack,Japanese Brand U,Roasted Seaweed - snack pack,4,"Good flavor, but it feels a bit heavy for frequent consumption.",health_concern,synthetic_review_corpus
R00323,P0046,Indonesia,Shopee ID,Seaweed snack,Japanese Brand U,Roasted Seaweed - snack pack,4,The portion is smaller than expected.,portion_size,synthetic_review_corpus
R00324,P0046,Indonesia,Shopee ID,Seaweed snack,Japanese Brand U,Roasted Seaweed - snack pack,5,I like that it saves time and still tastes good.,convenience_positive,synthetic_review_corpus
R00325,P0047,Indonesia,Shopee ID,Seaweed snack,Local Brand U,Seaweed Crisps - tray pack,3,I wish there was a milder version because the spice level is too strong.,too_spicy,synthetic_review_corpus
R00326,P0047,Indonesia,Shopee ID,Seaweed snack,Local Brand U,Seaweed Crisps - tray pack,4,I like the rich seasoning and it feels close to real Korean-style food.,taste_authenticity_positive,synthetic_review_corpus
R00327,P0047,Indonesia,Shopee ID,Seaweed snack,Local Brand U,Seaweed Crisps - tray pack,4,Easy to prepare and good for busy weekdays.,convenience_positive,synthetic_review_corpus
R00328,P0047,Indonesia,Shopee ID,Seaweed snack,Local Brand U,Seaweed Crisps - tray pack,4,The flavor tastes authentic and reminds me of Korean restaurant food.,taste_authenticity_positive,synthetic_review_corpus
R00329,P0047,Indonesia,Shopee ID,Seaweed snack,Local Brand U,Seaweed Crisps - tray pack,3,"The taste is nice, but I wish it had less sodium.",health_concern,synthetic_review_corpus
R00330,P0048,Indonesia,Tokopedia,Seaweed snack,Premium Import Brand L,Roasted Seaweed - tray pack,5,The flavor tastes authentic and reminds me of Korean restaurant food.,taste_authenticity_positive,synthetic_review_corpus
R00331,P0048,Indonesia,Tokopedia,Seaweed snack,Premium Import Brand L,Roasted Seaweed - tray pack,5,I like the rich seasoning and it feels close to real Korean-style food.,taste_authenticity_positive,synthetic_review_corpus
R00332,P0048,Indonesia,Tokopedia,Seaweed snack,Premium Import Brand L,Roasted Seaweed - tray pack,3,"The product looks good, but I could not find clear halal information.",halal_concern,synthetic_review_corpus
R00333,P0048,Indonesia,Tokopedia,Seaweed snack,Premium Import Brand L,Roasted Seaweed - tray pack,5,Easy to prepare and good for busy weekdays.,convenience_positive,synthetic_review_corpus
R00334,P0048,Indonesia,Tokopedia,Seaweed snack,Premium Import Brand L,Roasted Seaweed - tray pack,2,"It tastes good, but one pack is not enough for a full meal.",portion_size,synthetic_review_corpus
R00335,P0048,Indonesia,Tokopedia,Seaweed snack,Premium Import Brand L,Roasted Seaweed - tray pack,4,"The product is good, but the price feels quite high for the portion size.",price_sensitivity,synthetic_review_corpus
R00336,P0049,Malaysia,Lazada MY,Korean ramen,Korean Brand Q,Kimchi Ramen - multi-pack,5,The flavor tastes authentic and reminds me of Korean restaurant food.,taste_authenticity_positive,synthetic_review_corpus
R00337,P0049,Malaysia,Lazada MY,Korean ramen,Korean Brand Q,Kimchi Ramen - multi-pack,5,The flavor tastes authentic and reminds me of Korean restaurant food.,taste_authenticity_positive,synthetic_review_corpus
R00338,P0049,Malaysia,Lazada MY,Korean ramen,Korean Brand Q,Kimchi Ramen - multi-pack,2,The portion is smaller than expected.,portion_size,synthetic_review_corpus
R00339,P0049,Malaysia,Lazada MY,Korean ramen,Korean Brand Q,Kimchi Ramen - multi-pack,2,I would prefer a healthier version with cleaner ingredients.,health_concern,synthetic_review_corpus
R00340,P0049,Malaysia,Lazada MY,Korean ramen,Korean Brand Q,Kimchi Ramen - multi-pack,3,I wish there was a milder version because the spice level is too strong.,too_spicy,synthetic_review_corpus
R00341,P0049,Malaysia,Lazada MY,Korean ramen,Korean Brand Q,Kimchi Ramen - multi-pack,2,"The product tastes nice, but the heat level may be difficult for beginners.",too_spicy,synthetic_review_corpus
R00342,P0049,Malaysia,Lazada MY,Korean ramen,Korean Brand Q,Kimchi Ramen - multi-pack,4,Clear halal labeling would make me more confident to purchase.,halal_concern,synthetic_review_corpus
R00343,P0049,Malaysia,Lazada MY,Korean ramen,Korean Brand Q,Kimchi Ramen - multi-pack,3,"The product tastes nice, but the heat level may be difficult for beginners.",too_spicy,synthetic_review_corpus
R00344,P0049,Malaysia,Lazada MY,Korean ramen,Korean Brand Q,Kimchi Ramen - multi-pack,4,"The product looks good, but I could not find clear halal information.",halal_concern,synthetic_review_corpus
R00345,P0049,Malaysia,Lazada MY,Korean ramen,Korean Brand Q,Kimchi Ramen - multi-pack,3,"The product is good, but the price feels quite high for the portion size.",price_sensitivity,synthetic_review_corpus
R00346,P0050,Malaysia,Shopee MY,Korean ramen,Korean Brand D,Spicy Ramen - cup noodle,3,I would buy this more often if the halal certification was clearly shown.,halal_concern,synthetic_review_corpus
R00347,P0050,Malaysia,Shopee MY,Korean ramen,Korean Brand D,Spicy Ramen - cup noodle,2,"The flavor is good, but it is too spicy for my family.",too_spicy,synthetic_review_corpus
R00348,P0050,Malaysia,Shopee MY,Korean ramen,Korean Brand D,Spicy Ramen - cup noodle,4,I wish there was a milder version because the spice level is too strong.,too_spicy,synthetic_review_corpus
R00349,P0050,Malaysia,Shopee MY,Korean ramen,Korean Brand D,Spicy Ramen - cup noodle,2,"The taste is fine, but it feels expensive compared with local alternatives.",price_sensitivity,synthetic_review_corpus
R00350,P0050,Malaysia,Shopee MY,Korean ramen,Korean Brand D,Spicy Ramen - cup noodle,3,I would buy this more often if the halal certification was clearly shown.,halal_concern,synthetic_review_corpus
R00351,P0050,Malaysia,Shopee MY,Korean ramen,Korean Brand D,Spicy Ramen - cup noodle,5,The taste is very satisfying and works well for a quick Korean meal at home.,taste_authenticity_positive,synthetic_review_corpus
R00352,P0050,Malaysia,Shopee MY,Korean ramen,Korean Brand D,Spicy Ramen - cup noodle,4,"The taste is fine, but it feels expensive compared with local alternatives.",price_sensitivity,synthetic_review_corpus
R00353,P0050,Malaysia,Shopee MY,Korean ramen,Korean Brand D,Spicy Ramen - cup noodle,4,I like the rich seasoning and it feels close to real Korean-style food.,taste_authenticity_positive,synthetic_review_corpus
R00354,P0050,Malaysia,Shopee MY,Korean ramen,Korean Brand D,Spicy Ramen - cup noodle,3,"It tastes good, but one pack is not enough for a full meal.",portion_size,synthetic_review_corpus
R00355,P0051,Malaysia,Shopee MY,Korean ramen,Local Brand C,Mild Ramen - multi-pack,3,"The product is good, but the price feels quite high for the portion size.",price_sensitivity,synthetic_review_corpus
R00356,P0051,Malaysia,Shopee MY,Korean ramen,Local Brand C,Mild Ramen - multi-pack,5,Easy to prepare and good for busy weekdays.,convenience_positive,synthetic_review_corpus
R00357,P0051,Malaysia,Shopee MY,Korean ramen,Local Brand C,Mild Ramen - multi-pack,5,I like the rich seasoning and it feels close to real Korean-style food.,taste_authenticity_positive,synthetic_review_corpus
R00358,P0051,Malaysia,Shopee MY,Korean ramen,Local Brand C,Mild Ramen - multi-pack,3,"The product looks good, but I could not find clear halal information.",halal_concern,synthetic_review_corpus
R00359,P0051,Malaysia,Shopee MY,Korean ramen,Local Brand C,Mild Ramen - multi-pack,5,The flavor tastes authentic and reminds me of Korean restaurant food.,taste_authenticity_positive,synthetic_review_corpus
R00360,P0052,Malaysia,Lazada MY,Korean ramen,Korean Brand Y,Kimchi Ramen - cup noodle,3,Clear halal labeling would make me more confident to purchase.,halal_concern,synthetic_review_corpus
R00361,P0052,Malaysia,Lazada MY,Korean ramen,Korean Brand Y,Kimchi Ramen - cup noodle,3,Clear halal labeling would make me more confident to purchase.,halal_concern,synthetic_review_corpus
R00362,P0052,Malaysia,Lazada MY,Korean ramen,Korean Brand Y,Kimchi Ramen - cup noodle,5,Very convenient for a quick meal after work.,convenience_positive,synthetic_review_corpus
R00363,P0052,Malaysia,Lazada MY,Korean ramen,Korean Brand Y,Kimchi Ramen - cup noodle,4,Clear halal labeling would make me more confident to purchase.,halal_concern,synthetic_review_corpus
R00364,P0052,Malaysia,Lazada MY,Korean ramen,Korean Brand Y,Kimchi Ramen - cup noodle,4,"The product tastes nice, but the heat level may be difficult for beginners.",too_spicy,synthetic_review_corpus
R00365,P0052,Malaysia,Lazada MY,Korean ramen,Korean Brand Y,Kimchi Ramen - cup noodle,3,"The flavor is good, but it is too spicy for my family.",too_spicy,synthetic_review_corpus
R00366,P0052,Malaysia,Lazada MY,Korean ramen,Korean Brand Y,Kimchi Ramen - cup noodle,4,"The product tastes nice, but the heat level may be difficult for beginners.",too_spicy,synthetic_review_corpus
R00367,P0052,Malaysia,Lazada MY,Korean ramen,Korean Brand Y,Kimchi Ramen - cup noodle,3,"The product looks good, but I could not find clear halal information.",halal_concern,synthetic_review_corpus
R00368,P0052,Malaysia,Lazada MY,Korean ramen,Korean Brand Y,Kimchi Ramen - cup noodle,3,I would buy this more often if the halal certification was clearly shown.,halal_concern,synthetic_review_corpus
R00369,P0052,Malaysia,Lazada MY,Korean ramen,Korean Brand Y,Kimchi Ramen - cup noodle,5,Very convenient for a quick meal after work.,convenience_positive,synthetic_review_corpus
R00370,P0053,Malaysia,Shopee MY,Korean ramen,Japanese Brand D,Mild Ramen - cup noodle,3,"I like it, but I would only buy again if there is a discount.",price_sensitivity,synthetic_review_corpus
R00371,P0053,Malaysia,Shopee MY,Korean ramen,Japanese Brand D,Mild Ramen - cup noodle,4,"I like it, but I would only buy again if there is a discount.",price_sensitivity,synthetic_review_corpus
R00372,P0053,Malaysia,Shopee MY,Korean ramen,Japanese Brand D,Mild Ramen - cup noodle,5,I like the rich seasoning and it feels close to real Korean-style food.,taste_authenticity_positive,synthetic_review_corpus
R00373,P0053,Malaysia,Shopee MY,Korean ramen,Japanese Brand D,Mild Ramen - cup noodle,5,I like the rich seasoning and it feels close to real Korean-style food.,taste_authenticity_positive,synthetic_review_corpus
R00374,P0053,Malaysia,Shopee MY,Korean ramen,Japanese Brand D,Mild Ramen - cup noodle,4,The packaging could be improved because it was slightly damaged when delivered.,packaging_issue,synthetic_review_corpus
R00375,P0053,Malaysia,Shopee MY,Korean ramen,Japanese Brand D,Mild Ramen - cup noodle,5,The flavor tastes authentic and reminds me of Korean restaurant food.,taste_authenticity_positive,synthetic_review_corpus
R00376,P0054,Malaysia,Lazada MY,Korean ramen,Korean Brand E,Kimchi Ramen - cup noodle,3,I would buy this more often if the halal certification was clearly shown.,halal_concern,synthetic_review_corpus
R00377,P0054,Malaysia,Lazada MY,Korean ramen,Korean Brand E,Kimchi Ramen - cup noodle,2,I would prefer a healthier version with cleaner ingredients.,health_concern,synthetic_review_corpus
R00378,P0054,Malaysia,Lazada MY,Korean ramen,Korean Brand E,Kimchi Ramen - cup noodle,3,"It tastes good, but one pack is not enough for a full meal.",portion_size,synthetic_review_corpus
R00379,P0054,Malaysia,Lazada MY,Korean ramen,Korean Brand E,Kimchi Ramen - cup noodle,4,Easy to prepare and good for busy weekdays.,convenience_positive,synthetic_review_corpus
R00380,P0054,Malaysia,Lazada MY,Korean ramen,Korean Brand E,Kimchi Ramen - cup noodle,3,"The product looks good, but I could not find clear halal information.",halal_concern,synthetic_review_corpus
R00381,P0054,Malaysia,Lazada MY,Korean ramen,Korean Brand E,Kimchi Ramen - cup noodle,2,"I like it, but I would only buy again if there is a discount.",price_sensitivity,synthetic_review_corpus
R00382,P0054,Malaysia,Lazada MY,Korean ramen,Korean Brand E,Kimchi Ramen - cup noodle,4,Very convenient for a quick meal after work.,convenience_positive,synthetic_review_corpus
R00383,P0054,Malaysia,Lazada MY,Korean ramen,Korean Brand E,Kimchi Ramen - cup noodle,3,I wish there was a milder version because the spice level is too strong.,too_spicy,synthetic_review_corpus
R00384,P0055,Malaysia,Lazada MY,Korean ramen,Local Brand X,Kimchi Ramen - single pack,4,"The product is good, but the packaging does not feel very strong.",packaging_issue,synthetic_review_corpus
R00385,P0055,Malaysia,Lazada MY,Korean ramen,Local Brand X,Kimchi Ramen - single pack,3,"The flavor is good, but it is too spicy for my family.",too_spicy,synthetic_review_corpus
R00386,P0055,Malaysia,Lazada MY,Korean ramen,Local Brand X,Kimchi Ramen - single pack,4,The serving size could be larger for the price.,portion_size,synthetic_review_corpus
R00387,P0055,Malaysia,Lazada MY,Korean ramen,Local Brand X,Kimchi Ramen - single pack,4,I like that it saves time and still tastes good.,convenience_positive,synthetic_review_corpus
R00388,P0055,Malaysia,Lazada MY,Korean ramen,Local Brand X,Kimchi Ramen - single pack,2,"The product is good, but the packaging does not feel very strong.",packaging_issue,synthetic_review_corpus
R00389,P0055,Malaysia,Lazada MY,Korean ramen,Local Brand X,Kimchi Ramen - single pack,3,The serving size could be larger for the price.,portion_size,synthetic_review_corpus
R00390,P0055,Malaysia,Lazada MY,Korean ramen,Local Brand X,Kimchi Ramen - single pack,3,"The product tastes nice, but the heat level may be difficult for beginners.",too_spicy,synthetic_review_corpus
R00391,P0055,Malaysia,Lazada MY,Korean ramen,Local Brand X,Kimchi Ramen - single pack,3,The packaging could be improved because it was slightly damaged when delivered.,packaging_issue,synthetic_review_corpus
R00392,P0055,Malaysia,Lazada MY,Korean ramen,Local Brand X,Kimchi Ramen - single pack,3,"The product looks good, but I could not find clear halal information.",halal_concern,synthetic_review_corpus
R00393,P0056,Malaysia,Lazada MY,Korean ramen,Korean Brand C,Cheese Ramen - single pack,3,"The flavor is good, but it is too spicy for my family.",too_spicy,synthetic_review_corpus
R00394,P0056,Malaysia,Lazada MY,Korean ramen,Korean Brand C,Cheese Ramen - single pack,4,The flavor tastes authentic and reminds me of Korean restaurant food.,taste_authenticity_positive,synthetic_review_corpus
R00395,P0056,Malaysia,Lazada MY,Korean ramen,Korean Brand C,Cheese Ramen - single pack,2,"The product is good, but the packaging does not feel very strong.",packaging_issue,synthetic_review_corpus
R00396,P0056,Malaysia,Lazada MY,Korean ramen,Korean Brand C,Cheese Ramen - single pack,3,"The flavor is good, but it is too spicy for my family.",too_spicy,synthetic_review_corpus
R00397,P0056,Malaysia,Lazada MY,Korean ramen,Korean Brand C,Cheese Ramen - single pack,4,I would prefer a healthier version with cleaner ingredients.,health_concern,synthetic_review_corpus
R00398,P0056,Malaysia,Lazada MY,Korean ramen,Korean Brand C,Cheese Ramen - single pack,2,"The product looks good, but I could not find clear halal information.",halal_concern,synthetic_review_corpus
R00399,P0056,Malaysia,Lazada MY,Korean ramen,Korean Brand C,Cheese Ramen - single pack,4,Clear halal labeling would make me more confident to purchase.,halal_concern,synthetic_review_corpus
R00400,P0056,Malaysia,Lazada MY,Korean ramen,Korean Brand C,Cheese Ramen - single pack,4,"The product is good, but the packaging does not feel very strong.",packaging_issue,synthetic_review_corpus
R00401,P0056,Malaysia,Lazada MY,Korean ramen,Korean Brand C,Cheese Ramen - single pack,4,I wish there was a milder version because the spice level is too strong.,too_spicy,synthetic_review_corpus
R00402,P0057,Malaysia,Lazada MY,Kimchi,Korean Brand W,Original Kimchi - jar,2,I would prefer a healthier version with cleaner ingredients.,health_concern,synthetic_review_corpus
R00403,P0057,Malaysia,Lazada MY,Kimchi,Korean Brand W,Original Kimchi - jar,2,"It tastes good, but one pack is not enough for a full meal.",portion_size,synthetic_review_corpus
R00404,P0057,Malaysia,Lazada MY,Kimchi,Korean Brand W,Original Kimchi - jar,2,I would prefer a healthier version with cleaner ingredients.,health_concern,synthetic_review_corpus
R00405,P0057,Malaysia,Lazada MY,Kimchi,Korean Brand W,Original Kimchi - jar,3,"The taste is fine, but it feels expensive compared with local alternatives.",price_sensitivity,synthetic_review_corpus
R00406,P0058,Malaysia,Shopee MY,Kimchi,Japanese Brand T,Cabbage Kimchi - pouch,2,The label information could be clearer and easier to read.,packaging_issue,synthetic_review_corpus
R00407,P0058,Malaysia,Shopee MY,Kimchi,Japanese Brand T,Cabbage Kimchi - pouch,2,The portion is smaller than expected.,portion_size,synthetic_review_corpus
R00408,P0058,Malaysia,Shopee MY,Kimchi,Japanese Brand T,Cabbage Kimchi - pouch,3,"The product is good, but the packaging does not feel very strong.",packaging_issue,synthetic_review_corpus
R00409,P0058,Malaysia,Shopee MY,Kimchi,Japanese Brand T,Cabbage Kimchi - pouch,3,"The product looks good, but I could not find clear halal information.",halal_concern,synthetic_review_corpus
R00410,P0058,Malaysia,Shopee MY,Kimchi,Japanese Brand T,Cabbage Kimchi - pouch,3,The serving size could be larger for the price.,portion_size,synthetic_review_corpus
R00411,P0059,Malaysia,Shopee MY,Kimchi,Korean Brand T,Cabbage Kimchi - jar,2,The label information could be clearer and easier to read.,packaging_issue,synthetic_review_corpus
R00412,P0059,Malaysia,Shopee MY,Kimchi,Korean Brand T,Cabbage Kimchi - jar,5,The flavor tastes authentic and reminds me of Korean restaurant food.,taste_authenticity_positive,synthetic_review_corpus
R00413,P0059,Malaysia,Shopee MY,Kimchi,Korean Brand T,Cabbage Kimchi - jar,2,I wish there was a milder version because the spice level is too strong.,too_spicy,synthetic_review_corpus
R00414,P0059,Malaysia,Shopee MY,Kimchi,Korean Brand T,Cabbage Kimchi - jar,3,"The product is good, but the packaging does not feel very strong.",packaging_issue,synthetic_review_corpus
R00415,P0059,Malaysia,Shopee MY,Kimchi,Korean Brand T,Cabbage Kimchi - jar,3,The packaging could be improved because it was slightly damaged when delivered.,packaging_issue,synthetic_review_corpus
R00416,P0060,Malaysia,Lazada MY,Kimchi,Local Brand B,Original Kimchi - jar,3,"The product looks good, but I could not find clear halal information.",halal_concern,synthetic_review_corpus
R00417,P0060,Malaysia,Lazada MY,Kimchi,Local Brand B,Original Kimchi - jar,3,"It tastes good, but one pack is not enough for a full meal.",portion_size,synthetic_review_corpus
R00418,P0060,Malaysia,Lazada MY,Kimchi,Local Brand B,Original Kimchi - jar,3,"The product looks good, but I could not find clear halal information.",halal_concern,synthetic_review_corpus
R00419,P0060,Malaysia,Lazada MY,Kimchi,Local Brand B,Original Kimchi - jar,2,The serving size could be larger for the price.,portion_size,synthetic_review_corpus
R00420,P0060,Malaysia,Lazada MY,Kimchi,Local Brand B,Original Kimchi - jar,4,The taste is very satisfying and works well for a quick Korean meal at home.,taste_authenticity_positive,synthetic_review_corpus
R00421,P0061,Malaysia,Lazada MY,Kimchi,Private Label M,Fresh Kimchi - jar,4,The taste is very satisfying and works well for a quick Korean meal at home.,taste_authenticity_positive,synthetic_review_corpus
R00422,P0061,Malaysia,Lazada MY,Kimchi,Private Label M,Fresh Kimchi - jar,3,I would prefer a healthier version with cleaner ingredients.,health_concern,synthetic_review_corpus
R00423,P0061,Malaysia,Lazada MY,Kimchi,Private Label M,Fresh Kimchi - jar,2,"Good flavor, but it feels a bit heavy for frequent consumption.",health_concern,synthetic_review_corpus
R00424,P0061,Malaysia,Lazada MY,Kimchi,Private Label M,Fresh Kimchi - jar,3,The packaging could be improved because it was slightly damaged when delivered.,packaging_issue,synthetic_review_corpus
R00425,P0061,Malaysia,Lazada MY,Kimchi,Private Label M,Fresh Kimchi - jar,3,"The product looks good, but I could not find clear halal information.",halal_concern,synthetic_review_corpus
R00426,P0061,Malaysia,Lazada MY,Kimchi,Private Label M,Fresh Kimchi - jar,5,I like the rich seasoning and it feels close to real Korean-style food.,taste_authenticity_positive,synthetic_review_corpus
R00427,P0062,Malaysia,Shopee MY,Kimchi,Japanese Brand P,Fresh Kimchi - fresh pack,4,"It tastes good, but one pack is not enough for a full meal.",portion_size,synthetic_review_corpus
R00428,P0062,Malaysia,Shopee MY,Kimchi,Japanese Brand P,Fresh Kimchi - fresh pack,5,I like the rich seasoning and it feels close to real Korean-style food.,taste_authenticity_positive,synthetic_review_corpus
R00429,P0062,Malaysia,Shopee MY,Kimchi,Japanese Brand P,Fresh Kimchi - fresh pack,3,"The product is good, but the packaging does not feel very strong.",packaging_issue,synthetic_review_corpus
R00430,P0062,Malaysia,Shopee MY,Kimchi,Japanese Brand P,Fresh Kimchi - fresh pack,5,The flavor tastes authentic and reminds me of Korean restaurant food.,taste_authenticity_positive,synthetic_review_corpus
R00431,P0063,Malaysia,Shopee MY,Kimchi,Private Label P,Cabbage Kimchi - jar,5,The taste is very satisfying and works well for a quick Korean meal at home.,taste_authenticity_positive,synthetic_review_corpus
R00432,P0063,Malaysia,Shopee MY,Kimchi,Private Label P,Cabbage Kimchi - jar,5,The flavor tastes authentic and reminds me of Korean restaurant food.,taste_authenticity_positive,synthetic_review_corpus
R00433,P0063,Malaysia,Shopee MY,Kimchi,Private Label P,Cabbage Kimchi - jar,3,"Good flavor, but it feels a bit heavy for frequent consumption.",health_concern,synthetic_review_corpus
R00434,P0063,Malaysia,Shopee MY,Kimchi,Private Label P,Cabbage Kimchi - jar,3,"The product tastes nice, but the heat level may be difficult for beginners.",too_spicy,synthetic_review_corpus
R00435,P0063,Malaysia,Shopee MY,Kimchi,Private Label P,Cabbage Kimchi - jar,2,I would buy this more often if the halal certification was clearly shown.,halal_concern,synthetic_review_corpus
R00436,P0064,Malaysia,Shopee MY,Kimchi,Japanese Brand X,Fresh Kimchi - pouch,3,The label information could be clearer and easier to read.,packaging_issue,synthetic_review_corpus
R00437,P0064,Malaysia,Shopee MY,Kimchi,Japanese Brand X,Fresh Kimchi - pouch,3,"The product tastes nice, but the heat level may be difficult for beginners.",too_spicy,synthetic_review_corpus
R00438,P0064,Malaysia,Shopee MY,Kimchi,Japanese Brand X,Fresh Kimchi - pouch,4,The flavor tastes authentic and reminds me of Korean restaurant food.,taste_authenticity_positive,synthetic_review_corpus
R00439,P0064,Malaysia,Shopee MY,Kimchi,Japanese Brand X,Fresh Kimchi - pouch,3,"Good flavor, but it feels a bit heavy for frequent consumption.",health_concern,synthetic_review_corpus
R00440,P0064,Malaysia,Shopee MY,Kimchi,Japanese Brand X,Fresh Kimchi - pouch,4,I like the rich seasoning and it feels close to real Korean-style food.,taste_authenticity_positive,synthetic_review_corpus
R00441,P0064,Malaysia,Shopee MY,Kimchi,Japanese Brand X,Fresh Kimchi - pouch,4,The taste is very satisfying and works well for a quick Korean meal at home.,taste_authenticity_positive,synthetic_review_corpus
R00442,P0064,Malaysia,Shopee MY,Kimchi,Japanese Brand X,Fresh Kimchi - pouch,2,"The flavor is good, but it is too spicy for my family.",too_spicy,synthetic_review_corpus
R00443,P0065,Malaysia,Lazada MY,Gochujang sauce,Korean Brand B,Korean Chili Sauce - jar,2,"I like it, but I would only buy again if there is a discount.",price_sensitivity,synthetic_review_corpus
R00444,P0065,Malaysia,Lazada MY,Gochujang sauce,Korean Brand B,Korean Chili Sauce - jar,3,"The product is good, but the packaging does not feel very strong.",packaging_issue,synthetic_review_corpus
R00445,P0065,Malaysia,Lazada MY,Gochujang sauce,Korean Brand B,Korean Chili Sauce - jar,3,"The product tastes nice, but the heat level may be difficult for beginners.",too_spicy,synthetic_review_corpus
R00446,P0065,Malaysia,Lazada MY,Gochujang sauce,Korean Brand B,Korean Chili Sauce - jar,5,Very convenient for a quick meal after work.,convenience_positive,synthetic_review_corpus
R00447,P0065,Malaysia,Lazada MY,Gochujang sauce,Korean Brand B,Korean Chili Sauce - jar,3,"It tastes good, but one pack is not enough for a full meal.",portion_size,synthetic_review_corpus
R00448,P0065,Malaysia,Lazada MY,Gochujang sauce,Korean Brand B,Korean Chili Sauce - jar,3,Clear halal labeling would make me more confident to purchase.,halal_concern,synthetic_review_corpus
R00449,P0065,Malaysia,Lazada MY,Gochujang sauce,Korean Brand B,Korean Chili Sauce - jar,3,"It tastes good, but one pack is not enough for a full meal.",portion_size,synthetic_review_corpus
R00450,P0065,Malaysia,Lazada MY,Gochujang sauce,Korean Brand B,Korean Chili Sauce - jar,3,"The taste is nice, but I wish it had less sodium.",health_concern,synthetic_review_corpus
R00451,P0066,Malaysia,Shopee MY,Gochujang sauce,Korean Brand K,Gochujang Sauce - jar,4,"The product tastes nice, but the heat level may be difficult for beginners.",too_spicy,synthetic_review_corpus
R00452,P0066,Malaysia,Shopee MY,Gochujang sauce,Korean Brand K,Gochujang Sauce - jar,3,"The product is good, but the packaging does not feel very strong.",packaging_issue,synthetic_review_corpus
R00453,P0066,Malaysia,Shopee MY,Gochujang sauce,Korean Brand K,Gochujang Sauce - jar,3,"The flavor is good, but it is too spicy for my family.",too_spicy,synthetic_review_corpus
R00454,P0066,Malaysia,Shopee MY,Gochujang sauce,Korean Brand K,Gochujang Sauce - jar,3,I would prefer a healthier version with cleaner ingredients.,health_concern,synthetic_review_corpus
R00455,P0066,Malaysia,Shopee MY,Gochujang sauce,Korean Brand K,Gochujang Sauce - jar,3,Clear halal labeling would make me more confident to purchase.,halal_concern,synthetic_review_corpus
R00456,P0066,Malaysia,Shopee MY,Gochujang sauce,Korean Brand K,Gochujang Sauce - jar,2,The packaging could be improved because it was slightly damaged when delivered.,packaging_issue,synthetic_review_corpus
R00457,P0066,Malaysia,Shopee MY,Gochujang sauce,Korean Brand K,Gochujang Sauce - jar,3,Clear halal labeling would make me more confident to purchase.,halal_concern,synthetic_review_corpus
R00458,P0066,Malaysia,Shopee MY,Gochujang sauce,Korean Brand K,Gochujang Sauce - jar,3,"I like it, but I would only buy again if there is a discount.",price_sensitivity,synthetic_review_corpus
R00459,P0066,Malaysia,Shopee MY,Gochujang sauce,Korean Brand K,Gochujang Sauce - jar,2,I would prefer a healthier version with cleaner ingredients.,health_concern,synthetic_review_corpus
R00460,P0067,Malaysia,Shopee MY,Gochujang sauce,Korean Brand J,Gochujang Sauce - jar,4,The portion is smaller than expected.,portion_size,synthetic_review_corpus
R00461,P0067,Malaysia,Shopee MY,Gochujang sauce,Korean Brand J,Gochujang Sauce - jar,2,"The product is good, but the packaging does not feel very strong.",packaging_issue,synthetic_review_corpus
R00462,P0067,Malaysia,Shopee MY,Gochujang sauce,Korean Brand J,Gochujang Sauce - jar,3,The label information could be clearer and easier to read.,packaging_issue,synthetic_review_corpus
R00463,P0067,Malaysia,Shopee MY,Gochujang sauce,Korean Brand J,Gochujang Sauce - jar,2,"I like it, but I would only buy again if there is a discount.",price_sensitivity,synthetic_review_corpus
R00464,P0067,Malaysia,Shopee MY,Gochujang sauce,Korean Brand J,Gochujang Sauce - jar,3,"The product tastes nice, but the heat level may be difficult for beginners.",too_spicy,synthetic_review_corpus
R00465,P0068,Malaysia,Lazada MY,Gochujang sauce,Korean Brand T,Korean Chili Sauce - squeeze bottle,3,"I like it, but I would only buy again if there is a discount.",price_sensitivity,synthetic_review_corpus
R00466,P0068,Malaysia,Lazada MY,Gochujang sauce,Korean Brand T,Korean Chili Sauce - squeeze bottle,2,"The product tastes nice, but the heat level may be difficult for beginners.",too_spicy,synthetic_review_corpus
R00467,P0068,Malaysia,Lazada MY,Gochujang sauce,Korean Brand T,Korean Chili Sauce - squeeze bottle,4,The taste is very satisfying and works well for a quick Korean meal at home.,taste_authenticity_positive,synthetic_review_corpus
R00468,P0068,Malaysia,Lazada MY,Gochujang sauce,Korean Brand T,Korean Chili Sauce - squeeze bottle,5,The taste is very satisfying and works well for a quick Korean meal at home.,taste_authenticity_positive,synthetic_review_corpus
R00469,P0068,Malaysia,Lazada MY,Gochujang sauce,Korean Brand T,Korean Chili Sauce - squeeze bottle,5,Easy to prepare and good for busy weekdays.,convenience_positive,synthetic_review_corpus
R00470,P0068,Malaysia,Lazada MY,Gochujang sauce,Korean Brand T,Korean Chili Sauce - squeeze bottle,2,Clear halal labeling would make me more confident to purchase.,halal_concern,synthetic_review_corpus
R00471,P0069,Malaysia,Shopee MY,Gochujang sauce,Korean Brand U,Korean Chili Sauce - tube,5,The flavor tastes authentic and reminds me of Korean restaurant food.,taste_authenticity_positive,synthetic_review_corpus
R00472,P0069,Malaysia,Shopee MY,Gochujang sauce,Korean Brand U,Korean Chili Sauce - tube,3,"I like it, but I would only buy again if there is a discount.",price_sensitivity,synthetic_review_corpus
R00473,P0069,Malaysia,Shopee MY,Gochujang sauce,Korean Brand U,Korean Chili Sauce - tube,3,"The product tastes nice, but the heat level may be difficult for beginners.",too_spicy,synthetic_review_corpus
R00474,P0069,Malaysia,Shopee MY,Gochujang sauce,Korean Brand U,Korean Chili Sauce - tube,5,The taste is very satisfying and works well for a quick Korean meal at home.,taste_authenticity_positive,synthetic_review_corpus
R00475,P0069,Malaysia,Shopee MY,Gochujang sauce,Korean Brand U,Korean Chili Sauce - tube,4,I like that it saves time and still tastes good.,convenience_positive,synthetic_review_corpus
R00476,P0069,Malaysia,Shopee MY,Gochujang sauce,Korean Brand U,Korean Chili Sauce - tube,4,Clear halal labeling would make me more confident to purchase.,halal_concern,synthetic_review_corpus
R00477,P0069,Malaysia,Shopee MY,Gochujang sauce,Korean Brand U,Korean Chili Sauce - tube,3,The packaging could be improved because it was slightly damaged when delivered.,packaging_issue,synthetic_review_corpus
R00478,P0069,Malaysia,Shopee MY,Gochujang sauce,Korean Brand U,Korean Chili Sauce - tube,2,"The flavor is good, but it is too spicy for my family.",too_spicy,synthetic_review_corpus
R00479,P0070,Malaysia,Shopee MY,Gochujang sauce,Korean Brand L,Korean Chili Sauce - squeeze bottle,5,The flavor tastes authentic and reminds me of Korean restaurant food.,taste_authenticity_positive,synthetic_review_corpus
R00480,P0070,Malaysia,Shopee MY,Gochujang sauce,Korean Brand L,Korean Chili Sauce - squeeze bottle,3,The label information could be clearer and easier to read.,packaging_issue,synthetic_review_corpus
R00481,P0070,Malaysia,Shopee MY,Gochujang sauce,Korean Brand L,Korean Chili Sauce - squeeze bottle,5,The taste is very satisfying and works well for a quick Korean meal at home.,taste_authenticity_positive,synthetic_review_corpus
R00482,P0070,Malaysia,Shopee MY,Gochujang sauce,Korean Brand L,Korean Chili Sauce - squeeze bottle,4,"The product looks good, but I could not find clear halal information.",halal_concern,synthetic_review_corpus
R00483,P0071,Malaysia,Shopee MY,Gochujang sauce,Korean Brand B,Sweet Spicy Sauce - jar,3,"The product is good, but the price feels quite high for the portion size.",price_sensitivity,synthetic_review_corpus
R00484,P0071,Malaysia,Shopee MY,Gochujang sauce,Korean Brand B,Sweet Spicy Sauce - jar,4,The taste is very satisfying and works well for a quick Korean meal at home.,taste_authenticity_positive,synthetic_review_corpus
R00485,P0071,Malaysia,Shopee MY,Gochujang sauce,Korean Brand B,Sweet Spicy Sauce - jar,3,"The taste is fine, but it feels expensive compared with local alternatives.",price_sensitivity,synthetic_review_corpus
R00486,P0071,Malaysia,Shopee MY,Gochujang sauce,Korean Brand B,Sweet Spicy Sauce - jar,3,I would buy this more often if the halal certification was clearly shown.,halal_concern,synthetic_review_corpus
R00487,P0071,Malaysia,Shopee MY,Gochujang sauce,Korean Brand B,Sweet Spicy Sauce - jar,3,The serving size could be larger for the price.,portion_size,synthetic_review_corpus
R00488,P0071,Malaysia,Shopee MY,Gochujang sauce,Korean Brand B,Sweet Spicy Sauce - jar,4,Clear halal labeling would make me more confident to purchase.,halal_concern,synthetic_review_corpus
R00489,P0071,Malaysia,Shopee MY,Gochujang sauce,Korean Brand B,Sweet Spicy Sauce - jar,4,The serving size could be larger for the price.,portion_size,synthetic_review_corpus
R00490,P0071,Malaysia,Shopee MY,Gochujang sauce,Korean Brand B,Sweet Spicy Sauce - jar,3,"The product tastes nice, but the heat level may be difficult for beginners.",too_spicy,synthetic_review_corpus
R00491,P0071,Malaysia,Shopee MY,Gochujang sauce,Korean Brand B,Sweet Spicy Sauce - jar,3,I wish there was a milder version because the spice level is too strong.,too_spicy,synthetic_review_corpus
R00492,P0071,Malaysia,Shopee MY,Gochujang sauce,Korean Brand B,Sweet Spicy Sauce - jar,4,"The product looks good, but I could not find clear halal information.",halal_concern,synthetic_review_corpus
R00493,P0072,Malaysia,Lazada MY,Gochujang sauce,Korean Brand X,Sweet Spicy Sauce - squeeze bottle,2,I wish there was a milder version because the spice level is too strong.,too_spicy,synthetic_review_corpus
R00494,P0072,Malaysia,Lazada MY,Gochujang sauce,Korean Brand X,Sweet Spicy Sauce - squeeze bottle,3,"The flavor is good, but it is too spicy for my family.",too_spicy,synthetic_review_corpus
R00495,P0072,Malaysia,Lazada MY,Gochujang sauce,Korean Brand X,Sweet Spicy Sauce - squeeze bottle,2,The packaging could be improved because it was slightly damaged when delivered.,packaging_issue,synthetic_review_corpus
R00496,P0072,Malaysia,Lazada MY,Gochujang sauce,Korean Brand X,Sweet Spicy Sauce - squeeze bottle,5,The flavor tastes authentic and reminds me of Korean restaurant food.,taste_authenticity_positive,synthetic_review_corpus
R00497,P0072,Malaysia,Lazada MY,Gochujang sauce,Korean Brand X,Sweet Spicy Sauce - squeeze bottle,2,I wish there was a milder version because the spice level is too strong.,too_spicy,synthetic_review_corpus
R00498,P0073,Malaysia,Shopee MY,Frozen mandu,Korean Brand L,Vegetable Mandu - value pack,4,The packaging could be improved because it was slightly damaged when delivered.,packaging_issue,synthetic_review_corpus
R00499,P0073,Malaysia,Shopee MY,Frozen mandu,Korean Brand L,Vegetable Mandu - value pack,4,The serving size could be larger for the price.,portion_size,synthetic_review_corpus
R00500,P0073,Malaysia,Shopee MY,Frozen mandu,Korean Brand L,Vegetable Mandu - value pack,3,Clear halal labeling would make me more confident to purchase.,halal_concern,synthetic_review_corpus
R00501,P0073,Malaysia,Shopee MY,Frozen mandu,Korean Brand L,Vegetable Mandu - value pack,4,The serving size could be larger for the price.,portion_size,synthetic_review_corpus
R00502,P0073,Malaysia,Shopee MY,Frozen mandu,Korean Brand L,Vegetable Mandu - value pack,3,"The product tastes nice, but the heat level may be difficult for beginners.",too_spicy,synthetic_review_corpus
R00503,P0073,Malaysia,Shopee MY,Frozen mandu,Korean Brand L,Vegetable Mandu - value pack,3,The label information could be clearer and easier to read.,packaging_issue,synthetic_review_corpus
R00504,P0073,Malaysia,Shopee MY,Frozen mandu,Korean Brand L,Vegetable Mandu - value pack,5,The taste is very satisfying and works well for a quick Korean meal at home.,taste_authenticity_positive,synthetic_review_corpus
R00505,P0074,Malaysia,Shopee MY,Frozen mandu,Japanese Brand X,Kimchi Mandu - family pack,4,The serving size could be larger for the price.,portion_size,synthetic_review_corpus
R00506,P0074,Malaysia,Shopee MY,Frozen mandu,Japanese Brand X,Kimchi Mandu - family pack,4,The portion is smaller than expected.,portion_size,synthetic_review_corpus
R00507,P0074,Malaysia,Shopee MY,Frozen mandu,Japanese Brand X,Kimchi Mandu - family pack,2,"It tastes good, but one pack is not enough for a full meal.",portion_size,synthetic_review_corpus
R00508,P0074,Malaysia,Shopee MY,Frozen mandu,Japanese Brand X,Kimchi Mandu - family pack,3,"The product looks good, but I could not find clear halal information.",halal_concern,synthetic_review_corpus
R00509,P0075,Malaysia,Lazada MY,Frozen mandu,Korean Brand G,Kimchi Mandu - frozen bag,3,"It tastes good, but one pack is not enough for a full meal.",portion_size,synthetic_review_corpus
R00510,P0075,Malaysia,Lazada MY,Frozen mandu,Korean Brand G,Kimchi Mandu - frozen bag,5,I like the rich seasoning and it feels close to real Korean-style food.,taste_authenticity_positive,synthetic_review_corpus
R00511,P0075,Malaysia,Lazada MY,Frozen mandu,Korean Brand G,Kimchi Mandu - frozen bag,5,The taste is very satisfying and works well for a quick Korean meal at home.,taste_authenticity_positive,synthetic_review_corpus
R00512,P0075,Malaysia,Lazada MY,Frozen mandu,Korean Brand G,Kimchi Mandu - frozen bag,3,The label information could be clearer and easier to read.,packaging_issue,synthetic_review_corpus
R00513,P0075,Malaysia,Lazada MY,Frozen mandu,Korean Brand G,Kimchi Mandu - frozen bag,3,Clear halal labeling would make me more confident to purchase.,halal_concern,synthetic_review_corpus
R00514,P0076,Malaysia,Lazada MY,Frozen mandu,Japanese Brand U,Vegetable Mandu - value pack,3,Clear halal labeling would make me more confident to purchase.,halal_concern,synthetic_review_corpus
R00515,P0076,Malaysia,Lazada MY,Frozen mandu,Japanese Brand U,Vegetable Mandu - value pack,3,I would buy this more often if the halal certification was clearly shown.,halal_concern,synthetic_review_corpus
R00516,P0076,Malaysia,Lazada MY,Frozen mandu,Japanese Brand U,Vegetable Mandu - value pack,2,"The product looks good, but I could not find clear halal information.",halal_concern,synthetic_review_corpus
R00517,P0076,Malaysia,Lazada MY,Frozen mandu,Japanese Brand U,Vegetable Mandu - value pack,4,The flavor tastes authentic and reminds me of Korean restaurant food.,taste_authenticity_positive,synthetic_review_corpus
R00518,P0077,Malaysia,Lazada MY,Frozen mandu,Local Brand G,Kimchi Mandu - family pack,2,"It tastes good, but one pack is not enough for a full meal.",portion_size,synthetic_review_corpus
R00519,P0077,Malaysia,Lazada MY,Frozen mandu,Local Brand G,Kimchi Mandu - family pack,4,I would buy this more often if the halal certification was clearly shown.,halal_concern,synthetic_review_corpus
R00520,P0077,Malaysia,Lazada MY,Frozen mandu,Local Brand G,Kimchi Mandu - family pack,2,"It tastes good, but one pack is not enough for a full meal.",portion_size,synthetic_review_corpus
R00521,P0077,Malaysia,Lazada MY,Frozen mandu,Local Brand G,Kimchi Mandu - family pack,4,"I like it, but I would only buy again if there is a discount.",price_sensitivity,synthetic_review_corpus
R00522,P0077,Malaysia,Lazada MY,Frozen mandu,Local Brand G,Kimchi Mandu - family pack,4,Very convenient for a quick meal after work.,convenience_positive,synthetic_review_corpus
R00523,P0077,Malaysia,Lazada MY,Frozen mandu,Local Brand G,Kimchi Mandu - family pack,5,The flavor tastes authentic and reminds me of Korean restaurant food.,taste_authenticity_positive,synthetic_review_corpus
R00524,P0077,Malaysia,Lazada MY,Frozen mandu,Local Brand G,Kimchi Mandu - family pack,3,"The taste is fine, but it feels expensive compared with local alternatives.",price_sensitivity,synthetic_review_corpus
R00525,P0077,Malaysia,Lazada MY,Frozen mandu,Local Brand G,Kimchi Mandu - family pack,4,Very convenient for a quick meal after work.,convenience_positive,synthetic_review_corpus
R00526,P0077,Malaysia,Lazada MY,Frozen mandu,Local Brand G,Kimchi Mandu - family pack,2,"The product looks good, but I could not find clear halal information.",halal_concern,synthetic_review_corpus
R00527,P0077,Malaysia,Lazada MY,Frozen mandu,Local Brand G,Kimchi Mandu - family pack,4,"I like it, but I would only buy again if there is a discount.",price_sensitivity,synthetic_review_corpus
R00528,P0078,Malaysia,Lazada MY,Frozen mandu,Local Brand S,Kimchi Mandu - frozen bag,4,I wish there was a milder version because the spice level is too strong.,too_spicy,synthetic_review_corpus
R00529,P0078,Malaysia,Lazada MY,Frozen mandu,Local Brand S,Kimchi Mandu - frozen bag,5,I like the rich seasoning and it feels close to real Korean-style food.,taste_authenticity_positive,synthetic_review_corpus
R00530,P0078,Malaysia,Lazada MY,Frozen mandu,Local Brand S,Kimchi Mandu - frozen bag,5,The flavor tastes authentic and reminds me of Korean restaurant food.,taste_authenticity_positive,synthetic_review_corpus
R00531,P0078,Malaysia,Lazada MY,Frozen mandu,Local Brand S,Kimchi Mandu - frozen bag,3,The label information could be clearer and easier to read.,packaging_issue,synthetic_review_corpus
R00532,P0078,Malaysia,Lazada MY,Frozen mandu,Local Brand S,Kimchi Mandu - frozen bag,3,"I like it, but I would only buy again if there is a discount.",price_sensitivity,synthetic_review_corpus
R00533,P0078,Malaysia,Lazada MY,Frozen mandu,Local Brand S,Kimchi Mandu - frozen bag,4,I like the rich seasoning and it feels close to real Korean-style food.,taste_authenticity_positive,synthetic_review_corpus
R00534,P0078,Malaysia,Lazada MY,Frozen mandu,Local Brand S,Kimchi Mandu - frozen bag,5,Easy to prepare and good for busy weekdays.,convenience_positive,synthetic_review_corpus
R00535,P0078,Malaysia,Lazada MY,Frozen mandu,Local Brand S,Kimchi Mandu - frozen bag,4,I would buy this more often if the halal certification was clearly shown.,halal_concern,synthetic_review_corpus
R00536,P0078,Malaysia,Lazada MY,Frozen mandu,Local Brand S,Kimchi Mandu - frozen bag,3,"I like it, but I would only buy again if there is a discount.",price_sensitivity,synthetic_review_corpus
R00537,P0078,Malaysia,Lazada MY,Frozen mandu,Local Brand S,Kimchi Mandu - frozen bag,4,The taste is very satisfying and works well for a quick Korean meal at home.,taste_authenticity_positive,synthetic_review_corpus
R00538,P0079,Malaysia,Shopee MY,Frozen mandu,Japanese Brand W,Vegetable Mandu - value pack,3,The label information could be clearer and easier to read.,packaging_issue,synthetic_review_corpus
R00539,P0079,Malaysia,Shopee MY,Frozen mandu,Japanese Brand W,Vegetable Mandu - value pack,3,"The product is good, but the packaging does not feel very strong.",packaging_issue,synthetic_review_corpus
R00540,P0079,Malaysia,Shopee MY,Frozen mandu,Japanese Brand W,Vegetable Mandu - value pack,3,"I like it, but I would only buy again if there is a discount.",price_sensitivity,synthetic_review_corpus
R00541,P0079,Malaysia,Shopee MY,Frozen mandu,Japanese Brand W,Vegetable Mandu - value pack,2,I would buy this more often if the halal certification was clearly shown.,halal_concern,synthetic_review_corpus
R00542,P0080,Malaysia,Shopee MY,Frozen mandu,Private Label K,Chicken Mandu - value pack,3,"The product is good, but the packaging does not feel very strong.",packaging_issue,synthetic_review_corpus
R00543,P0080,Malaysia,Shopee MY,Frozen mandu,Private Label K,Chicken Mandu - value pack,4,The flavor tastes authentic and reminds me of Korean restaurant food.,taste_authenticity_positive,synthetic_review_corpus
R00544,P0080,Malaysia,Shopee MY,Frozen mandu,Private Label K,Chicken Mandu - value pack,5,I like that it saves time and still tastes good.,convenience_positive,synthetic_review_corpus
R00545,P0080,Malaysia,Shopee MY,Frozen mandu,Private Label K,Chicken Mandu - value pack,5,Very convenient for a quick meal after work.,convenience_positive,synthetic_review_corpus
R00546,P0080,Malaysia,Shopee MY,Frozen mandu,Private Label K,Chicken Mandu - value pack,3,The packaging could be improved because it was slightly damaged when delivered.,packaging_issue,synthetic_review_corpus
R00547,P0080,Malaysia,Shopee MY,Frozen mandu,Private Label K,Chicken Mandu - value pack,5,Easy to prepare and good for busy weekdays.,convenience_positive,synthetic_review_corpus
R00548,P0081,Malaysia,Shopee MY,Ready meal,Korean Brand V,Bibimbap Bowl - meal kit,3,Clear halal labeling would make me more confident to purchase.,halal_concern,synthetic_review_corpus
R00549,P0081,Malaysia,Shopee MY,Ready meal,Korean Brand V,Bibimbap Bowl - meal kit,3,The portion is smaller than expected.,portion_size,synthetic_review_corpus
R00550,P0081,Malaysia,Shopee MY,Ready meal,Korean Brand V,Bibimbap Bowl - meal kit,3,The serving size could be larger for the price.,portion_size,synthetic_review_corpus
R00551,P0081,Malaysia,Shopee MY,Ready meal,Korean Brand V,Bibimbap Bowl - meal kit,3,"The flavor is good, but it is too spicy for my family.",too_spicy,synthetic_review_corpus
R00552,P0081,Malaysia,Shopee MY,Ready meal,Korean Brand V,Bibimbap Bowl - meal kit,5,I like that it saves time and still tastes good.,convenience_positive,synthetic_review_corpus
R00553,P0081,Malaysia,Shopee MY,Ready meal,Korean Brand V,Bibimbap Bowl - meal kit,3,I would buy this more often if the halal certification was clearly shown.,halal_concern,synthetic_review_corpus
R00554,P0081,Malaysia,Shopee MY,Ready meal,Korean Brand V,Bibimbap Bowl - meal kit,3,The label information could be clearer and easier to read.,packaging_issue,synthetic_review_corpus
R00555,P0081,Malaysia,Shopee MY,Ready meal,Korean Brand V,Bibimbap Bowl - meal kit,5,The flavor tastes authentic and reminds me of Korean restaurant food.,taste_authenticity_positive,synthetic_review_corpus
R00556,P0081,Malaysia,Shopee MY,Ready meal,Korean Brand V,Bibimbap Bowl - meal kit,4,The serving size could be larger for the price.,portion_size,synthetic_review_corpus
R00557,P0082,Malaysia,Lazada MY,Ready meal,Korean Brand Y,Bulgogi Meal - microwave bowl,3,"The product is good, but the price feels quite high for the portion size.",price_sensitivity,synthetic_review_corpus
R00558,P0082,Malaysia,Lazada MY,Ready meal,Korean Brand Y,Bulgogi Meal - microwave bowl,4,"I like it, but I would only buy again if there is a discount.",price_sensitivity,synthetic_review_corpus
R00559,P0082,Malaysia,Lazada MY,Ready meal,Korean Brand Y,Bulgogi Meal - microwave bowl,3,Clear halal labeling would make me more confident to purchase.,halal_concern,synthetic_review_corpus
R00560,P0082,Malaysia,Lazada MY,Ready meal,Korean Brand Y,Bulgogi Meal - microwave bowl,2,"I like it, but I would only buy again if there is a discount.",price_sensitivity,synthetic_review_corpus
R00561,P0083,Malaysia,Lazada MY,Ready meal,Korean Brand A,Bibimbap Bowl - frozen tray,3,"I like it, but I would only buy again if there is a discount.",price_sensitivity,synthetic_review_corpus
R00562,P0083,Malaysia,Lazada MY,Ready meal,Korean Brand A,Bibimbap Bowl - frozen tray,4,Very convenient for a quick meal after work.,convenience_positive,synthetic_review_corpus
R00563,P0083,Malaysia,Lazada MY,Ready meal,Korean Brand A,Bibimbap Bowl - frozen tray,4,"The product looks good, but I could not find clear halal information.",halal_concern,synthetic_review_corpus
R00564,P0083,Malaysia,Lazada MY,Ready meal,Korean Brand A,Bibimbap Bowl - frozen tray,4,The serving size could be larger for the price.,portion_size,synthetic_review_corpus
R00565,P0083,Malaysia,Lazada MY,Ready meal,Korean Brand A,Bibimbap Bowl - frozen tray,5,Very convenient for a quick meal after work.,convenience_positive,synthetic_review_corpus
R00566,P0084,Malaysia,Lazada MY,Ready meal,Korean Brand S,Bulgogi Meal - frozen tray,3,"The product is good, but the price feels quite high for the portion size.",price_sensitivity,synthetic_review_corpus
R00567,P0084,Malaysia,Lazada MY,Ready meal,Korean Brand S,Bulgogi Meal - frozen tray,4,The taste is very satisfying and works well for a quick Korean meal at home.,taste_authenticity_positive,synthetic_review_corpus
R00568,P0084,Malaysia,Lazada MY,Ready meal,Korean Brand S,Bulgogi Meal - frozen tray,5,The taste is very satisfying and works well for a quick Korean meal at home.,taste_authenticity_positive,synthetic_review_corpus
R00569,P0084,Malaysia,Lazada MY,Ready meal,Korean Brand S,Bulgogi Meal - frozen tray,3,I wish there was a milder version because the spice level is too strong.,too_spicy,synthetic_review_corpus
R00570,P0084,Malaysia,Lazada MY,Ready meal,Korean Brand S,Bulgogi Meal - frozen tray,5,I like the rich seasoning and it feels close to real Korean-style food.,taste_authenticity_positive,synthetic_review_corpus
R00571,P0084,Malaysia,Lazada MY,Ready meal,Korean Brand S,Bulgogi Meal - frozen tray,4,"The product is good, but the price feels quite high for the portion size.",price_sensitivity,synthetic_review_corpus
R00572,P0084,Malaysia,Lazada MY,Ready meal,Korean Brand S,Bulgogi Meal - frozen tray,4,I like that it saves time and still tastes good.,convenience_positive,synthetic_review_corpus
R00573,P0085,Malaysia,Shopee MY,Ready meal,Local Brand Q,Tteokbokki Meal - microwave bowl,3,The serving size could be larger for the price.,portion_size,synthetic_review_corpus
R00574,P0085,Malaysia,Shopee MY,Ready meal,Local Brand Q,Tteokbokki Meal - microwave bowl,5,The flavor tastes authentic and reminds me of Korean restaurant food.,taste_authenticity_positive,synthetic_review_corpus
R00575,P0085,Malaysia,Shopee MY,Ready meal,Local Brand Q,Tteokbokki Meal - microwave bowl,5,Easy to prepare and good for busy weekdays.,convenience_positive,synthetic_review_corpus
R00576,P0085,Malaysia,Shopee MY,Ready meal,Local Brand Q,Tteokbokki Meal - microwave bowl,4,"Good flavor, but it feels a bit heavy for frequent consumption.",health_concern,synthetic_review_corpus
R00577,P0085,Malaysia,Shopee MY,Ready meal,Local Brand Q,Tteokbokki Meal - microwave bowl,5,Easy to prepare and good for busy weekdays.,convenience_positive,synthetic_review_corpus
R00578,P0085,Malaysia,Shopee MY,Ready meal,Local Brand Q,Tteokbokki Meal - microwave bowl,5,Easy to prepare and good for busy weekdays.,convenience_positive,synthetic_review_corpus
R00579,P0085,Malaysia,Shopee MY,Ready meal,Local Brand Q,Tteokbokki Meal - microwave bowl,5,The flavor tastes authentic and reminds me of Korean restaurant food.,taste_authenticity_positive,synthetic_review_corpus
R00580,P0085,Malaysia,Shopee MY,Ready meal,Local Brand Q,Tteokbokki Meal - microwave bowl,3,Clear halal labeling would make me more confident to purchase.,halal_concern,synthetic_review_corpus
R00581,P0086,Malaysia,Lazada MY,Ready meal,Japanese Brand L,Bulgogi Meal - frozen tray,4,The flavor tastes authentic and reminds me of Korean restaurant food.,taste_authenticity_positive,synthetic_review_corpus
R00582,P0086,Malaysia,Lazada MY,Ready meal,Japanese Brand L,Bulgogi Meal - frozen tray,4,"The product is good, but the price feels quite high for the portion size.",price_sensitivity,synthetic_review_corpus
R00583,P0086,Malaysia,Lazada MY,Ready meal,Japanese Brand L,Bulgogi Meal - frozen tray,3,"The product looks good, but I could not find clear halal information.",halal_concern,synthetic_review_corpus
R00584,P0086,Malaysia,Lazada MY,Ready meal,Japanese Brand L,Bulgogi Meal - frozen tray,2,Clear halal labeling would make me more confident to purchase.,halal_concern,synthetic_review_corpus
R00585,P0086,Malaysia,Lazada MY,Ready meal,Japanese Brand L,Bulgogi Meal - frozen tray,5,The flavor tastes authentic and reminds me of Korean restaurant food.,taste_authenticity_positive,synthetic_review_corpus
R00586,P0086,Malaysia,Lazada MY,Ready meal,Japanese Brand L,Bulgogi Meal - frozen tray,4,Clear halal labeling would make me more confident to purchase.,halal_concern,synthetic_review_corpus
R00587,P0086,Malaysia,Lazada MY,Ready meal,Japanese Brand L,Bulgogi Meal - frozen tray,5,The flavor tastes authentic and reminds me of Korean restaurant food.,taste_authenticity_positive,synthetic_review_corpus
R00588,P0086,Malaysia,Lazada MY,Ready meal,Japanese Brand L,Bulgogi Meal - frozen tray,3,Clear halal labeling would make me more confident to purchase.,halal_concern,synthetic_review_corpus
R00589,P0087,Malaysia,Lazada MY,Ready meal,Private Label Z,Bulgogi Meal - microwave bowl,5,Very convenient for a quick meal after work.,convenience_positive,synthetic_review_corpus
R00590,P0087,Malaysia,Lazada MY,Ready meal,Private Label Z,Bulgogi Meal - microwave bowl,4,"The product looks good, but I could not find clear halal information.",halal_concern,synthetic_review_corpus
R00591,P0087,Malaysia,Lazada MY,Ready meal,Private Label Z,Bulgogi Meal - microwave bowl,3,"The product looks good, but I could not find clear halal information.",halal_concern,synthetic_review_corpus
R00592,P0087,Malaysia,Lazada MY,Ready meal,Private Label Z,Bulgogi Meal - microwave bowl,3,I would buy this more often if the halal certification was clearly shown.,halal_concern,synthetic_review_corpus
R00593,P0087,Malaysia,Lazada MY,Ready meal,Private Label Z,Bulgogi Meal - microwave bowl,3,I wish there was a milder version because the spice level is too strong.,too_spicy,synthetic_review_corpus
R00594,P0087,Malaysia,Lazada MY,Ready meal,Private Label Z,Bulgogi Meal - microwave bowl,5,Very convenient for a quick meal after work.,convenience_positive,synthetic_review_corpus
R00595,P0087,Malaysia,Lazada MY,Ready meal,Private Label Z,Bulgogi Meal - microwave bowl,3,"I like it, but I would only buy again if there is a discount.",price_sensitivity,synthetic_review_corpus
R00596,P0087,Malaysia,Lazada MY,Ready meal,Private Label Z,Bulgogi Meal - microwave bowl,4,"The product tastes nice, but the heat level may be difficult for beginners.",too_spicy,synthetic_review_corpus
R00597,P0088,Malaysia,Lazada MY,Ready meal,Korean Brand J,Bulgogi Meal - frozen tray,4,"The product is good, but the packaging does not feel very strong.",packaging_issue,synthetic_review_corpus
R00598,P0088,Malaysia,Lazada MY,Ready meal,Korean Brand J,Bulgogi Meal - frozen tray,4,The serving size could be larger for the price.,portion_size,synthetic_review_corpus
R00599,P0088,Malaysia,Lazada MY,Ready meal,Korean Brand J,Bulgogi Meal - frozen tray,4,The label information could be clearer and easier to read.,packaging_issue,synthetic_review_corpus
R00600,P0088,Malaysia,Lazada MY,Ready meal,Korean Brand J,Bulgogi Meal - frozen tray,5,Easy to prepare and good for busy weekdays.,convenience_positive,synthetic_review_corpus
R00601,P0088,Malaysia,Lazada MY,Ready meal,Korean Brand J,Bulgogi Meal - frozen tray,4,I like that it saves time and still tastes good.,convenience_positive,synthetic_review_corpus
R00602,P0088,Malaysia,Lazada MY,Ready meal,Korean Brand J,Bulgogi Meal - frozen tray,5,Easy to prepare and good for busy weekdays.,convenience_positive,synthetic_review_corpus
R00603,P0088,Malaysia,Lazada MY,Ready meal,Korean Brand J,Bulgogi Meal - frozen tray,5,The taste is very satisfying and works well for a quick Korean meal at home.,taste_authenticity_positive,synthetic_review_corpus
R00604,P0089,Malaysia,Shopee MY,Seaweed snack,Korean Brand H,Seaweed Snack - multi-pack,3,"The product looks good, but I could not find clear halal information.",halal_concern,synthetic_review_corpus
R00605,P0089,Malaysia,Shopee MY,Seaweed snack,Korean Brand H,Seaweed Snack - multi-pack,5,The taste is very satisfying and works well for a quick Korean meal at home.,taste_authenticity_positive,synthetic_review_corpus
R00606,P0089,Malaysia,Shopee MY,Seaweed snack,Korean Brand H,Seaweed Snack - multi-pack,2,The packaging could be improved because it was slightly damaged when delivered.,packaging_issue,synthetic_review_corpus
R00607,P0089,Malaysia,Shopee MY,Seaweed snack,Korean Brand H,Seaweed Snack - multi-pack,3,"The product looks good, but I could not find clear halal information.",halal_concern,synthetic_review_corpus
R00608,P0090,Malaysia,Lazada MY,Seaweed snack,Korean Brand E,Roasted Seaweed - snack pack,4,"It tastes good, but one pack is not enough for a full meal.",portion_size,synthetic_review_corpus
R00609,P0090,Malaysia,Lazada MY,Seaweed snack,Korean Brand E,Roasted Seaweed - snack pack,5,I like the rich seasoning and it feels close to real Korean-style food.,taste_authenticity_positive,synthetic_review_corpus
R00610,P0090,Malaysia,Lazada MY,Seaweed snack,Korean Brand E,Roasted Seaweed - snack pack,4,The taste is very satisfying and works well for a quick Korean meal at home.,taste_authenticity_positive,synthetic_review_corpus
R00611,P0090,Malaysia,Lazada MY,Seaweed snack,Korean Brand E,Roasted Seaweed - snack pack,3,The portion is smaller than expected.,portion_size,synthetic_review_corpus
R00612,P0090,Malaysia,Lazada MY,Seaweed snack,Korean Brand E,Roasted Seaweed - snack pack,4,Clear halal labeling would make me more confident to purchase.,halal_concern,synthetic_review_corpus
R00613,P0090,Malaysia,Lazada MY,Seaweed snack,Korean Brand E,Roasted Seaweed - snack pack,4,Clear halal labeling would make me more confident to purchase.,halal_concern,synthetic_review_corpus
R00614,P0090,Malaysia,Lazada MY,Seaweed snack,Korean Brand E,Roasted Seaweed - snack pack,5,Easy to prepare and good for busy weekdays.,convenience_positive,synthetic_review_corpus
R00615,P0090,Malaysia,Lazada MY,Seaweed snack,Korean Brand E,Roasted Seaweed - snack pack,5,I like that it saves time and still tastes good.,convenience_positive,synthetic_review_corpus
R00616,P0090,Malaysia,Lazada MY,Seaweed snack,Korean Brand E,Roasted Seaweed - snack pack,5,The taste is very satisfying and works well for a quick Korean meal at home.,taste_authenticity_positive,synthetic_review_corpus
R00617,P0090,Malaysia,Lazada MY,Seaweed snack,Korean Brand E,Roasted Seaweed - snack pack,5,The flavor tastes authentic and reminds me of Korean restaurant food.,taste_authenticity_positive,synthetic_review_corpus
R00618,P0091,Malaysia,Lazada MY,Seaweed snack,Japanese Brand P,Seaweed Snack - snack pack,5,The taste is very satisfying and works well for a quick Korean meal at home.,taste_authenticity_positive,synthetic_review_corpus
R00619,P0091,Malaysia,Lazada MY,Seaweed snack,Japanese Brand P,Seaweed Snack - snack pack,5,The flavor tastes authentic and reminds me of Korean restaurant food.,taste_authenticity_positive,synthetic_review_corpus
R00620,P0091,Malaysia,Lazada MY,Seaweed snack,Japanese Brand P,Seaweed Snack - snack pack,5,Easy to prepare and good for busy weekdays.,convenience_positive,synthetic_review_corpus
R00621,P0091,Malaysia,Lazada MY,Seaweed snack,Japanese Brand P,Seaweed Snack - snack pack,2,I would buy this more often if the halal certification was clearly shown.,halal_concern,synthetic_review_corpus
R00622,P0091,Malaysia,Lazada MY,Seaweed snack,Japanese Brand P,Seaweed Snack - snack pack,5,Very convenient for a quick meal after work.,convenience_positive,synthetic_review_corpus
R00623,P0091,Malaysia,Lazada MY,Seaweed snack,Japanese Brand P,Seaweed Snack - snack pack,5,I like the rich seasoning and it feels close to real Korean-style food.,taste_authenticity_positive,synthetic_review_corpus
R00624,P0091,Malaysia,Lazada MY,Seaweed snack,Japanese Brand P,Seaweed Snack - snack pack,4,"The product is good, but the price feels quite high for the portion size.",price_sensitivity,synthetic_review_corpus
R00625,P0092,Malaysia,Lazada MY,Seaweed snack,Local Brand P,Seaweed Snack - snack pack,2,"The flavor is good, but it is too spicy for my family.",too_spicy,synthetic_review_corpus
R00626,P0092,Malaysia,Lazada MY,Seaweed snack,Local Brand P,Seaweed Snack - snack pack,3,"The product looks good, but I could not find clear halal information.",halal_concern,synthetic_review_corpus
R00627,P0092,Malaysia,Lazada MY,Seaweed snack,Local Brand P,Seaweed Snack - snack pack,4,The label information could be clearer and easier to read.,packaging_issue,synthetic_review_corpus
R00628,P0092,Malaysia,Lazada MY,Seaweed snack,Local Brand P,Seaweed Snack - snack pack,2,I would buy this more often if the halal certification was clearly shown.,halal_concern,synthetic_review_corpus
R00629,P0092,Malaysia,Lazada MY,Seaweed snack,Local Brand P,Seaweed Snack - snack pack,3,"The taste is fine, but it feels expensive compared with local alternatives.",price_sensitivity,synthetic_review_corpus
R00630,P0092,Malaysia,Lazada MY,Seaweed snack,Local Brand P,Seaweed Snack - snack pack,3,"It tastes good, but one pack is not enough for a full meal.",portion_size,synthetic_review_corpus
R00631,P0093,Malaysia,Shopee MY,Seaweed snack,Private Label R,Roasted Seaweed - multi-pack,2,I would prefer a healthier version with cleaner ingredients.,health_concern,synthetic_review_corpus
R00632,P0093,Malaysia,Shopee MY,Seaweed snack,Private Label R,Roasted Seaweed - multi-pack,2,"The taste is fine, but it feels expensive compared with local alternatives.",price_sensitivity,synthetic_review_corpus
R00633,P0093,Malaysia,Shopee MY,Seaweed snack,Private Label R,Roasted Seaweed - multi-pack,2,"The flavor is good, but it is too spicy for my family.",too_spicy,synthetic_review_corpus
R00634,P0093,Malaysia,Shopee MY,Seaweed snack,Private Label R,Roasted Seaweed - multi-pack,3,The serving size could be larger for the price.,portion_size,synthetic_review_corpus
R00635,P0093,Malaysia,Shopee MY,Seaweed snack,Private Label R,Roasted Seaweed - multi-pack,4,I like the rich seasoning and it feels close to real Korean-style food.,taste_authenticity_positive,synthetic_review_corpus
R00636,P0094,Malaysia,Lazada MY,Seaweed snack,Korean Brand T,Seaweed Crisps - multi-pack,4,"The product is good, but the packaging does not feel very strong.",packaging_issue,synthetic_review_corpus
R00637,P0094,Malaysia,Lazada MY,Seaweed snack,Korean Brand T,Seaweed Crisps - multi-pack,4,The flavor tastes authentic and reminds me of Korean restaurant food.,taste_authenticity_positive,synthetic_review_corpus
R00638,P0094,Malaysia,Lazada MY,Seaweed snack,Korean Brand T,Seaweed Crisps - multi-pack,4,I like the rich seasoning and it feels close to real Korean-style food.,taste_authenticity_positive,synthetic_review_corpus
R00639,P0094,Malaysia,Lazada MY,Seaweed snack,Korean Brand T,Seaweed Crisps - multi-pack,3,"The product tastes nice, but the heat level may be difficult for beginners.",too_spicy,synthetic_review_corpus
R00640,P0094,Malaysia,Lazada MY,Seaweed snack,Korean Brand T,Seaweed Crisps - multi-pack,2,"The product tastes nice, but the heat level may be difficult for beginners.",too_spicy,synthetic_review_corpus
R00641,P0094,Malaysia,Lazada MY,Seaweed snack,Korean Brand T,Seaweed Crisps - multi-pack,5,I like that it saves time and still tastes good.,convenience_positive,synthetic_review_corpus
R00642,P0094,Malaysia,Lazada MY,Seaweed snack,Korean Brand T,Seaweed Crisps - multi-pack,3,"The taste is fine, but it feels expensive compared with local alternatives.",price_sensitivity,synthetic_review_corpus
R00643,P0094,Malaysia,Lazada MY,Seaweed snack,Korean Brand T,Seaweed Crisps - multi-pack,2,"The taste is nice, but I wish it had less sodium.",health_concern,synthetic_review_corpus
R00644,P0095,Malaysia,Shopee MY,Seaweed snack,Local Brand A,Seaweed Snack - multi-pack,4,The taste is very satisfying and works well for a quick Korean meal at home.,taste_authenticity_positive,synthetic_review_corpus
R00645,P0095,Malaysia,Shopee MY,Seaweed snack,Local Brand A,Seaweed Snack - multi-pack,4,Very convenient for a quick meal after work.,convenience_positive,synthetic_review_corpus
R00646,P0095,Malaysia,Shopee MY,Seaweed snack,Local Brand A,Seaweed Snack - multi-pack,5,I like the rich seasoning and it feels close to real Korean-style food.,taste_authenticity_positive,synthetic_review_corpus
R00647,P0095,Malaysia,Shopee MY,Seaweed snack,Local Brand A,Seaweed Snack - multi-pack,3,"I like it, but I would only buy again if there is a discount.",price_sensitivity,synthetic_review_corpus
R00648,P0095,Malaysia,Shopee MY,Seaweed snack,Local Brand A,Seaweed Snack - multi-pack,4,Very convenient for a quick meal after work.,convenience_positive,synthetic_review_corpus
R00649,P0095,Malaysia,Shopee MY,Seaweed snack,Local Brand A,Seaweed Snack - multi-pack,3,The packaging could be improved because it was slightly damaged when delivered.,packaging_issue,synthetic_review_corpus
R00650,P0095,Malaysia,Shopee MY,Seaweed snack,Local Brand A,Seaweed Snack - multi-pack,5,I like the rich seasoning and it feels close to real Korean-style food.,taste_authenticity_positive,synthetic_review_corpus
R00651,P0096,Malaysia,Lazada MY,Seaweed snack,Japanese Brand F,Seaweed Snack - tray pack,2,"It tastes good, but one pack is not enough for a full meal.",portion_size,synthetic_review_corpus
R00652,P0096,Malaysia,Lazada MY,Seaweed snack,Japanese Brand F,Seaweed Snack - tray pack,3,The serving size could be larger for the price.,portion_size,synthetic_review_corpus
R00653,P0096,Malaysia,Lazada MY,Seaweed snack,Japanese Brand F,Seaweed Snack - tray pack,4,Very convenient for a quick meal after work.,convenience_positive,synthetic_review_corpus
R00654,P0096,Malaysia,Lazada MY,Seaweed snack,Japanese Brand F,Seaweed Snack - tray pack,3,"It tastes good, but one pack is not enough for a full meal.",portion_size,synthetic_review_corpus
R00655,P0096,Malaysia,Lazada MY,Seaweed snack,Japanese Brand F,Seaweed Snack - tray pack,3,I would buy this more often if the halal certification was clearly shown.,halal_concern,synthetic_review_corpus
R00656,P0096,Malaysia,Lazada MY,Seaweed snack,Japanese Brand F,Seaweed Snack - tray pack,4,"The product looks good, but I could not find clear halal information.",halal_concern,synthetic_review_corpus
R00657,P0096,Malaysia,Lazada MY,Seaweed snack,Japanese Brand F,Seaweed Snack - tray pack,4,Very convenient for a quick meal after work.,convenience_positive,synthetic_review_corpus
R00658,P0097,Philippines,Shopee PH,Korean ramen,Premium Import Brand U,Spicy Ramen - multi-pack,5,The flavor tastes authentic and reminds me of Korean restaurant food.,taste_authenticity_positive,synthetic_review_corpus
R00659,P0097,Philippines,Shopee PH,Korean ramen,Premium Import Brand U,Spicy Ramen - multi-pack,4,"The product looks good, but I could not find clear halal information.",halal_concern,synthetic_review_corpus
R00660,P0097,Philippines,Shopee PH,Korean ramen,Premium Import Brand U,Spicy Ramen - multi-pack,5,The taste is very satisfying and works well for a quick Korean meal at home.,taste_authenticity_positive,synthetic_review_corpus
R00661,P0097,Philippines,Shopee PH,Korean ramen,Premium Import Brand U,Spicy Ramen - multi-pack,3,"The taste is fine, but it feels expensive compared with local alternatives.",price_sensitivity,synthetic_review_corpus
R00662,P0097,Philippines,Shopee PH,Korean ramen,Premium Import Brand U,Spicy Ramen - multi-pack,3,"The taste is fine, but it feels expensive compared with local alternatives.",price_sensitivity,synthetic_review_corpus
R00663,P0097,Philippines,Shopee PH,Korean ramen,Premium Import Brand U,Spicy Ramen - multi-pack,2,"It tastes good, but one pack is not enough for a full meal.",portion_size,synthetic_review_corpus
R00664,P0097,Philippines,Shopee PH,Korean ramen,Premium Import Brand U,Spicy Ramen - multi-pack,2,"The product looks good, but I could not find clear halal information.",halal_concern,synthetic_review_corpus
R00665,P0097,Philippines,Shopee PH,Korean ramen,Premium Import Brand U,Spicy Ramen - multi-pack,3,The label information could be clearer and easier to read.,packaging_issue,synthetic_review_corpus
R00666,P0097,Philippines,Shopee PH,Korean ramen,Premium Import Brand U,Spicy Ramen - multi-pack,4,"I like it, but I would only buy again if there is a discount.",price_sensitivity,synthetic_review_corpus
R00667,P0097,Philippines,Shopee PH,Korean ramen,Premium Import Brand U,Spicy Ramen - multi-pack,5,Easy to prepare and good for busy weekdays.,convenience_positive,synthetic_review_corpus
R00668,P0098,Philippines,Shopee PH,Korean ramen,Japanese Brand F,Spicy Ramen - multi-pack,3,"The taste is fine, but it feels expensive compared with local alternatives.",price_sensitivity,synthetic_review_corpus
R00669,P0098,Philippines,Shopee PH,Korean ramen,Japanese Brand F,Spicy Ramen - multi-pack,3,"I like it, but I would only buy again if there is a discount.",price_sensitivity,synthetic_review_corpus
R00670,P0098,Philippines,Shopee PH,Korean ramen,Japanese Brand F,Spicy Ramen - multi-pack,3,I wish there was a milder version because the spice level is too strong.,too_spicy,synthetic_review_corpus
R00671,P0098,Philippines,Shopee PH,Korean ramen,Japanese Brand F,Spicy Ramen - multi-pack,3,"The flavor is good, but it is too spicy for my family.",too_spicy,synthetic_review_corpus
R00672,P0098,Philippines,Shopee PH,Korean ramen,Japanese Brand F,Spicy Ramen - multi-pack,5,The flavor tastes authentic and reminds me of Korean restaurant food.,taste_authenticity_positive,synthetic_review_corpus
R00673,P0098,Philippines,Shopee PH,Korean ramen,Japanese Brand F,Spicy Ramen - multi-pack,4,The taste is very satisfying and works well for a quick Korean meal at home.,taste_authenticity_positive,synthetic_review_corpus
R00674,P0098,Philippines,Shopee PH,Korean ramen,Japanese Brand F,Spicy Ramen - multi-pack,4,The flavor tastes authentic and reminds me of Korean restaurant food.,taste_authenticity_positive,synthetic_review_corpus
R00675,P0098,Philippines,Shopee PH,Korean ramen,Japanese Brand F,Spicy Ramen - multi-pack,3,I would buy this more often if the halal certification was clearly shown.,halal_concern,synthetic_review_corpus
R00676,P0098,Philippines,Shopee PH,Korean ramen,Japanese Brand F,Spicy Ramen - multi-pack,5,Easy to prepare and good for busy weekdays.,convenience_positive,synthetic_review_corpus
R00677,P0099,Philippines,Lazada PH,Korean ramen,Korean Brand L,Cheese Ramen - multi-pack,5,The flavor tastes authentic and reminds me of Korean restaurant food.,taste_authenticity_positive,synthetic_review_corpus
R00678,P0099,Philippines,Lazada PH,Korean ramen,Korean Brand L,Cheese Ramen - multi-pack,3,"The product looks good, but I could not find clear halal information.",halal_concern,synthetic_review_corpus
R00679,P0099,Philippines,Lazada PH,Korean ramen,Korean Brand L,Cheese Ramen - multi-pack,5,The flavor tastes authentic and reminds me of Korean restaurant food.,taste_authenticity_positive,synthetic_review_corpus
R00680,P0099,Philippines,Lazada PH,Korean ramen,Korean Brand L,Cheese Ramen - multi-pack,5,I like that it saves time and still tastes good.,convenience_positive,synthetic_review_corpus
R00681,P0099,Philippines,Lazada PH,Korean ramen,Korean Brand L,Cheese Ramen - multi-pack,5,I like the rich seasoning and it feels close to real Korean-style food.,taste_authenticity_positive,synthetic_review_corpus
R00682,P0099,Philippines,Lazada PH,Korean ramen,Korean Brand L,Cheese Ramen - multi-pack,2,"The flavor is good, but it is too spicy for my family.",too_spicy,synthetic_review_corpus
R00683,P0099,Philippines,Lazada PH,Korean ramen,Korean Brand L,Cheese Ramen - multi-pack,4,Easy to prepare and good for busy weekdays.,convenience_positive,synthetic_review_corpus
R00684,P0099,Philippines,Lazada PH,Korean ramen,Korean Brand L,Cheese Ramen - multi-pack,2,"The product tastes nice, but the heat level may be difficult for beginners.",too_spicy,synthetic_review_corpus
R00685,P0099,Philippines,Lazada PH,Korean ramen,Korean Brand L,Cheese Ramen - multi-pack,5,I like that it saves time and still tastes good.,convenience_positive,synthetic_review_corpus
R00686,P0100,Philippines,Lazada PH,Korean ramen,Japanese Brand C,Cheese Ramen - multi-pack,2,I wish there was a milder version because the spice level is too strong.,too_spicy,synthetic_review_corpus
R00687,P0100,Philippines,Lazada PH,Korean ramen,Japanese Brand C,Cheese Ramen - multi-pack,3,"The product tastes nice, but the heat level may be difficult for beginners.",too_spicy,synthetic_review_corpus
R00688,P0100,Philippines,Lazada PH,Korean ramen,Japanese Brand C,Cheese Ramen - multi-pack,4,The taste is very satisfying and works well for a quick Korean meal at home.,taste_authenticity_positive,synthetic_review_corpus
R00689,P0100,Philippines,Lazada PH,Korean ramen,Japanese Brand C,Cheese Ramen - multi-pack,4,"The flavor is good, but it is too spicy for my family.",too_spicy,synthetic_review_corpus
R00690,P0100,Philippines,Lazada PH,Korean ramen,Japanese Brand C,Cheese Ramen - multi-pack,5,I like that it saves time and still tastes good.,convenience_positive,synthetic_review_corpus
R00691,P0100,Philippines,Lazada PH,Korean ramen,Japanese Brand C,Cheese Ramen - multi-pack,5,Very convenient for a quick meal after work.,convenience_positive,synthetic_review_corpus
R00692,P0100,Philippines,Lazada PH,Korean ramen,Japanese Brand C,Cheese Ramen - multi-pack,2,"It tastes good, but one pack is not enough for a full meal.",portion_size,synthetic_review_corpus
R00693,P0101,Philippines,Shopee PH,Korean ramen,Japanese Brand H,Spicy Ramen - multi-pack,2,Clear halal labeling would make me more confident to purchase.,halal_concern,synthetic_review_corpus
R00694,P0101,Philippines,Shopee PH,Korean ramen,Japanese Brand H,Spicy Ramen - multi-pack,3,"I like it, but I would only buy again if there is a discount.",price_sensitivity,synthetic_review_corpus
R00695,P0101,Philippines,Shopee PH,Korean ramen,Japanese Brand H,Spicy Ramen - multi-pack,4,The serving size could be larger for the price.,portion_size,synthetic_review_corpus
R00696,P0101,Philippines,Shopee PH,Korean ramen,Japanese Brand H,Spicy Ramen - multi-pack,3,I would buy this more often if the halal certification was clearly shown.,halal_concern,synthetic_review_corpus
R00697,P0101,Philippines,Shopee PH,Korean ramen,Japanese Brand H,Spicy Ramen - multi-pack,2,Clear halal labeling would make me more confident to purchase.,halal_concern,synthetic_review_corpus
R00698,P0101,Philippines,Shopee PH,Korean ramen,Japanese Brand H,Spicy Ramen - multi-pack,4,I like the rich seasoning and it feels close to real Korean-style food.,taste_authenticity_positive,synthetic_review_corpus
R00699,P0101,Philippines,Shopee PH,Korean ramen,Japanese Brand H,Spicy Ramen - multi-pack,3,"The product tastes nice, but the heat level may be difficult for beginners.",too_spicy,synthetic_review_corpus
R00700,P0102,Philippines,Shopee PH,Korean ramen,Japanese Brand A,Mild Ramen - single pack,3,The packaging could be improved because it was slightly damaged when delivered.,packaging_issue,synthetic_review_corpus
R00701,P0102,Philippines,Shopee PH,Korean ramen,Japanese Brand A,Mild Ramen - single pack,2,"The product looks good, but I could not find clear halal information.",halal_concern,synthetic_review_corpus
R00702,P0102,Philippines,Shopee PH,Korean ramen,Japanese Brand A,Mild Ramen - single pack,3,The portion is smaller than expected.,portion_size,synthetic_review_corpus
R00703,P0102,Philippines,Shopee PH,Korean ramen,Japanese Brand A,Mild Ramen - single pack,5,I like that it saves time and still tastes good.,convenience_positive,synthetic_review_corpus
R00704,P0102,Philippines,Shopee PH,Korean ramen,Japanese Brand A,Mild Ramen - single pack,4,"Good flavor, but it feels a bit heavy for frequent consumption.",health_concern,synthetic_review_corpus
R00705,P0102,Philippines,Shopee PH,Korean ramen,Japanese Brand A,Mild Ramen - single pack,2,I would buy this more often if the halal certification was clearly shown.,halal_concern,synthetic_review_corpus
R00706,P0102,Philippines,Shopee PH,Korean ramen,Japanese Brand A,Mild Ramen - single pack,3,I wish there was a milder version because the spice level is too strong.,too_spicy,synthetic_review_corpus
R00707,P0103,Philippines,Shopee PH,Korean ramen,Korean Brand G,Cheese Ramen - cup noodle,5,The flavor tastes authentic and reminds me of Korean restaurant food.,taste_authenticity_positive,synthetic_review_corpus
R00708,P0103,Philippines,Shopee PH,Korean ramen,Korean Brand G,Cheese Ramen - cup noodle,2,I wish there was a milder version because the spice level is too strong.,too_spicy,synthetic_review_corpus
R00709,P0103,Philippines,Shopee PH,Korean ramen,Korean Brand G,Cheese Ramen - cup noodle,4,I wish there was a milder version because the spice level is too strong.,too_spicy,synthetic_review_corpus
R00710,P0103,Philippines,Shopee PH,Korean ramen,Korean Brand G,Cheese Ramen - cup noodle,4,I wish there was a milder version because the spice level is too strong.,too_spicy,synthetic_review_corpus
R00711,P0103,Philippines,Shopee PH,Korean ramen,Korean Brand G,Cheese Ramen - cup noodle,5,The flavor tastes authentic and reminds me of Korean restaurant food.,taste_authenticity_positive,synthetic_review_corpus
R00712,P0103,Philippines,Shopee PH,Korean ramen,Korean Brand G,Cheese Ramen - cup noodle,3,I wish there was a milder version because the spice level is too strong.,too_spicy,synthetic_review_corpus
R00713,P0103,Philippines,Shopee PH,Korean ramen,Korean Brand G,Cheese Ramen - cup noodle,4,"The product is good, but the price feels quite high for the portion size.",price_sensitivity,synthetic_review_corpus
R00714,P0103,Philippines,Shopee PH,Korean ramen,Korean Brand G,Cheese Ramen - cup noodle,2,"The flavor is good, but it is too spicy for my family.",too_spicy,synthetic_review_corpus
R00715,P0104,Philippines,Lazada PH,Korean ramen,Private Label Z,Spicy Ramen - cup noodle,3,The packaging could be improved because it was slightly damaged when delivered.,packaging_issue,synthetic_review_corpus
R00716,P0104,Philippines,Lazada PH,Korean ramen,Private Label Z,Spicy Ramen - cup noodle,4,The taste is very satisfying and works well for a quick Korean meal at home.,taste_authenticity_positive,synthetic_review_corpus
R00717,P0104,Philippines,Lazada PH,Korean ramen,Private Label Z,Spicy Ramen - cup noodle,3,"The product tastes nice, but the heat level may be difficult for beginners.",too_spicy,synthetic_review_corpus
R00718,P0104,Philippines,Lazada PH,Korean ramen,Private Label Z,Spicy Ramen - cup noodle,3,"The product tastes nice, but the heat level may be difficult for beginners.",too_spicy,synthetic_review_corpus
R00719,P0104,Philippines,Lazada PH,Korean ramen,Private Label Z,Spicy Ramen - cup noodle,5,I like the rich seasoning and it feels close to real Korean-style food.,taste_authenticity_positive,synthetic_review_corpus
R00720,P0104,Philippines,Lazada PH,Korean ramen,Private Label Z,Spicy Ramen - cup noodle,3,The serving size could be larger for the price.,portion_size,synthetic_review_corpus
R00721,P0104,Philippines,Lazada PH,Korean ramen,Private Label Z,Spicy Ramen - cup noodle,4,The taste is very satisfying and works well for a quick Korean meal at home.,taste_authenticity_positive,synthetic_review_corpus
R00722,P0104,Philippines,Lazada PH,Korean ramen,Private Label Z,Spicy Ramen - cup noodle,3,The serving size could be larger for the price.,portion_size,synthetic_review_corpus
R00723,P0105,Philippines,Shopee PH,Kimchi,Premium Import Brand K,Mild Kimchi - jar,3,"The product is good, but the packaging does not feel very strong.",packaging_issue,synthetic_review_corpus
R00724,P0105,Philippines,Shopee PH,Kimchi,Premium Import Brand K,Mild Kimchi - jar,4,"The flavor is good, but it is too spicy for my family.",too_spicy,synthetic_review_corpus
R00725,P0105,Philippines,Shopee PH,Kimchi,Premium Import Brand K,Mild Kimchi - jar,5,The taste is very satisfying and works well for a quick Korean meal at home.,taste_authenticity_positive,synthetic_review_corpus
R00726,P0105,Philippines,Shopee PH,Kimchi,Premium Import Brand K,Mild Kimchi - jar,3,The packaging could be improved because it was slightly damaged when delivered.,packaging_issue,synthetic_review_corpus
R00727,P0105,Philippines,Shopee PH,Kimchi,Premium Import Brand K,Mild Kimchi - jar,3,"The taste is nice, but I wish it had less sodium.",health_concern,synthetic_review_corpus
R00728,P0105,Philippines,Shopee PH,Kimchi,Premium Import Brand K,Mild Kimchi - jar,2,"The flavor is good, but it is too spicy for my family.",too_spicy,synthetic_review_corpus
R00729,P0105,Philippines,Shopee PH,Kimchi,Premium Import Brand K,Mild Kimchi - jar,3,"The product is good, but the price feels quite high for the portion size.",price_sensitivity,synthetic_review_corpus
R00730,P0106,Philippines,Lazada PH,Kimchi,Premium Import Brand Y,Fresh Kimchi - fresh pack,3,"Good flavor, but it feels a bit heavy for frequent consumption.",health_concern,synthetic_review_corpus
R00731,P0106,Philippines,Lazada PH,Kimchi,Premium Import Brand Y,Fresh Kimchi - fresh pack,4,I would prefer a healthier version with cleaner ingredients.,health_concern,synthetic_review_corpus
R00732,P0106,Philippines,Lazada PH,Kimchi,Premium Import Brand Y,Fresh Kimchi - fresh pack,2,"The taste is fine, but it feels expensive compared with local alternatives.",price_sensitivity,synthetic_review_corpus
R00733,P0106,Philippines,Lazada PH,Kimchi,Premium Import Brand Y,Fresh Kimchi - fresh pack,4,I like the rich seasoning and it feels close to real Korean-style food.,taste_authenticity_positive,synthetic_review_corpus
R00734,P0106,Philippines,Lazada PH,Kimchi,Premium Import Brand Y,Fresh Kimchi - fresh pack,3,The label information could be clearer and easier to read.,packaging_issue,synthetic_review_corpus
R00735,P0107,Philippines,Shopee PH,Kimchi,Japanese Brand V,Cabbage Kimchi - fresh pack,3,"Good flavor, but it feels a bit heavy for frequent consumption.",health_concern,synthetic_review_corpus
R00736,P0107,Philippines,Shopee PH,Kimchi,Japanese Brand V,Cabbage Kimchi - fresh pack,2,"The product is good, but the price feels quite high for the portion size.",price_sensitivity,synthetic_review_corpus
R00737,P0107,Philippines,Shopee PH,Kimchi,Japanese Brand V,Cabbage Kimchi - fresh pack,3,"I like it, but I would only buy again if there is a discount.",price_sensitivity,synthetic_review_corpus
R00738,P0107,Philippines,Shopee PH,Kimchi,Japanese Brand V,Cabbage Kimchi - fresh pack,4,Clear halal labeling would make me more confident to purchase.,halal_concern,synthetic_review_corpus
R00739,P0107,Philippines,Shopee PH,Kimchi,Japanese Brand V,Cabbage Kimchi - fresh pack,4,"It tastes good, but one pack is not enough for a full meal.",portion_size,synthetic_review_corpus
R00740,P0107,Philippines,Shopee PH,Kimchi,Japanese Brand V,Cabbage Kimchi - fresh pack,5,Easy to prepare and good for busy weekdays.,convenience_positive,synthetic_review_corpus
R00741,P0107,Philippines,Shopee PH,Kimchi,Japanese Brand V,Cabbage Kimchi - fresh pack,4,The taste is very satisfying and works well for a quick Korean meal at home.,taste_authenticity_positive,synthetic_review_corpus
R00742,P0107,Philippines,Shopee PH,Kimchi,Japanese Brand V,Cabbage Kimchi - fresh pack,5,I like the rich seasoning and it feels close to real Korean-style food.,taste_authenticity_positive,synthetic_review_corpus
R00743,P0107,Philippines,Shopee PH,Kimchi,Japanese Brand V,Cabbage Kimchi - fresh pack,3,"The taste is fine, but it feels expensive compared with local alternatives.",price_sensitivity,synthetic_review_corpus
R00744,P0107,Philippines,Shopee PH,Kimchi,Japanese Brand V,Cabbage Kimchi - fresh pack,4,"Good flavor, but it feels a bit heavy for frequent consumption.",health_concern,synthetic_review_corpus
R00745,P0108,Philippines,Shopee PH,Kimchi,Korean Brand C,Original Kimchi - pouch,3,"The flavor is good, but it is too spicy for my family.",too_spicy,synthetic_review_corpus
R00746,P0108,Philippines,Shopee PH,Kimchi,Korean Brand C,Original Kimchi - pouch,5,The flavor tastes authentic and reminds me of Korean restaurant food.,taste_authenticity_positive,synthetic_review_corpus
R00747,P0108,Philippines,Shopee PH,Kimchi,Korean Brand C,Original Kimchi - pouch,4,"The product is good, but the packaging does not feel very strong.",packaging_issue,synthetic_review_corpus
R00748,P0108,Philippines,Shopee PH,Kimchi,Korean Brand C,Original Kimchi - pouch,4,The portion is smaller than expected.,portion_size,synthetic_review_corpus
R00749,P0108,Philippines,Shopee PH,Kimchi,Korean Brand C,Original Kimchi - pouch,4,Easy to prepare and good for busy weekdays.,convenience_positive,synthetic_review_corpus
R00750,P0108,Philippines,Shopee PH,Kimchi,Korean Brand C,Original Kimchi - pouch,2,"The taste is fine, but it feels expensive compared with local alternatives.",price_sensitivity,synthetic_review_corpus
R00751,P0108,Philippines,Shopee PH,Kimchi,Korean Brand C,Original Kimchi - pouch,4,The packaging could be improved because it was slightly damaged when delivered.,packaging_issue,synthetic_review_corpus
R00752,P0108,Philippines,Shopee PH,Kimchi,Korean Brand C,Original Kimchi - pouch,5,The taste is very satisfying and works well for a quick Korean meal at home.,taste_authenticity_positive,synthetic_review_corpus
R00753,P0108,Philippines,Shopee PH,Kimchi,Korean Brand C,Original Kimchi - pouch,3,The portion is smaller than expected.,portion_size,synthetic_review_corpus
R00754,P0108,Philippines,Shopee PH,Kimchi,Korean Brand C,Original Kimchi - pouch,3,"The flavor is good, but it is too spicy for my family.",too_spicy,synthetic_review_corpus
R00755,P0109,Philippines,Shopee PH,Kimchi,Private Label P,Original Kimchi - jar,3,"The flavor is good, but it is too spicy for my family.",too_spicy,synthetic_review_corpus
R00756,P0109,Philippines,Shopee PH,Kimchi,Private Label P,Original Kimchi - jar,4,The label information could be clearer and easier to read.,packaging_issue,synthetic_review_corpus
R00757,P0109,Philippines,Shopee PH,Kimchi,Private Label P,Original Kimchi - jar,5,Easy to prepare and good for busy weekdays.,convenience_positive,synthetic_review_corpus
R00758,P0109,Philippines,Shopee PH,Kimchi,Private Label P,Original Kimchi - jar,4,The packaging could be improved because it was slightly damaged when delivered.,packaging_issue,synthetic_review_corpus
R00759,P0109,Philippines,Shopee PH,Kimchi,Private Label P,Original Kimchi - jar,3,"The product tastes nice, but the heat level may be difficult for beginners.",too_spicy,synthetic_review_corpus
R00760,P0109,Philippines,Shopee PH,Kimchi,Private Label P,Original Kimchi - jar,5,I like the rich seasoning and it feels close to real Korean-style food.,taste_authenticity_positive,synthetic_review_corpus
R00761,P0110,Philippines,Lazada PH,Kimchi,Japanese Brand S,Original Kimchi - fresh pack,2,"The product looks good, but I could not find clear halal information.",halal_concern,synthetic_review_corpus
R00762,P0110,Philippines,Lazada PH,Kimchi,Japanese Brand S,Original Kimchi - fresh pack,5,The flavor tastes authentic and reminds me of Korean restaurant food.,taste_authenticity_positive,synthetic_review_corpus
R00763,P0110,Philippines,Lazada PH,Kimchi,Japanese Brand S,Original Kimchi - fresh pack,5,The taste is very satisfying and works well for a quick Korean meal at home.,taste_authenticity_positive,synthetic_review_corpus
R00764,P0110,Philippines,Lazada PH,Kimchi,Japanese Brand S,Original Kimchi - fresh pack,5,The taste is very satisfying and works well for a quick Korean meal at home.,taste_authenticity_positive,synthetic_review_corpus
R00765,P0110,Philippines,Lazada PH,Kimchi,Japanese Brand S,Original Kimchi - fresh pack,3,"The product looks good, but I could not find clear halal information.",halal_concern,synthetic_review_corpus
R00766,P0110,Philippines,Lazada PH,Kimchi,Japanese Brand S,Original Kimchi - fresh pack,4,The serving size could be larger for the price.,portion_size,synthetic_review_corpus
R00767,P0110,Philippines,Lazada PH,Kimchi,Japanese Brand S,Original Kimchi - fresh pack,5,I like the rich seasoning and it feels close to real Korean-style food.,taste_authenticity_positive,synthetic_review_corpus
R00768,P0110,Philippines,Lazada PH,Kimchi,Japanese Brand S,Original Kimchi - fresh pack,3,"The product looks good, but I could not find clear halal information.",halal_concern,synthetic_review_corpus
R00769,P0111,Philippines,Lazada PH,Kimchi,Local Brand J,Original Kimchi - fresh pack,5,I like the rich seasoning and it feels close to real Korean-style food.,taste_authenticity_positive,synthetic_review_corpus
R00770,P0111,Philippines,Lazada PH,Kimchi,Local Brand J,Original Kimchi - fresh pack,4,Very convenient for a quick meal after work.,convenience_positive,synthetic_review_corpus
R00771,P0111,Philippines,Lazada PH,Kimchi,Local Brand J,Original Kimchi - fresh pack,2,Clear halal labeling would make me more confident to purchase.,halal_concern,synthetic_review_corpus
R00772,P0111,Philippines,Lazada PH,Kimchi,Local Brand J,Original Kimchi - fresh pack,4,The flavor tastes authentic and reminds me of Korean restaurant food.,taste_authenticity_positive,synthetic_review_corpus
R00773,P0111,Philippines,Lazada PH,Kimchi,Local Brand J,Original Kimchi - fresh pack,5,I like the rich seasoning and it feels close to real Korean-style food.,taste_authenticity_positive,synthetic_review_corpus
R00774,P0111,Philippines,Lazada PH,Kimchi,Local Brand J,Original Kimchi - fresh pack,5,The taste is very satisfying and works well for a quick Korean meal at home.,taste_authenticity_positive,synthetic_review_corpus
R00775,P0111,Philippines,Lazada PH,Kimchi,Local Brand J,Original Kimchi - fresh pack,2,The serving size could be larger for the price.,portion_size,synthetic_review_corpus
R00776,P0111,Philippines,Lazada PH,Kimchi,Local Brand J,Original Kimchi - fresh pack,4,"The product is good, but the packaging does not feel very strong.",packaging_issue,synthetic_review_corpus
R00777,P0112,Philippines,Shopee PH,Kimchi,Private Label H,Mild Kimchi - pouch,5,I like that it saves time and still tastes good.,convenience_positive,synthetic_review_corpus
R00778,P0112,Philippines,Shopee PH,Kimchi,Private Label H,Mild Kimchi - pouch,3,I wish there was a milder version because the spice level is too strong.,too_spicy,synthetic_review_corpus
R00779,P0112,Philippines,Shopee PH,Kimchi,Private Label H,Mild Kimchi - pouch,4,Easy to prepare and good for busy weekdays.,convenience_positive,synthetic_review_corpus
R00780,P0112,Philippines,Shopee PH,Kimchi,Private Label H,Mild Kimchi - pouch,4,I like the rich seasoning and it feels close to real Korean-style food.,taste_authenticity_positive,synthetic_review_corpus
R00781,P0112,Philippines,Shopee PH,Kimchi,Private Label H,Mild Kimchi - pouch,3,"I like it, but I would only buy again if there is a discount.",price_sensitivity,synthetic_review_corpus
R00782,P0112,Philippines,Shopee PH,Kimchi,Private Label H,Mild Kimchi - pouch,4,I like that it saves time and still tastes good.,convenience_positive,synthetic_review_corpus
R00783,P0112,Philippines,Shopee PH,Kimchi,Private Label H,Mild Kimchi - pouch,4,"The flavor is good, but it is too spicy for my family.",too_spicy,synthetic_review_corpus
R00784,P0112,Philippines,Shopee PH,Kimchi,Private Label H,Mild Kimchi - pouch,5,I like that it saves time and still tastes good.,convenience_positive,synthetic_review_corpus
R00785,P0112,Philippines,Shopee PH,Kimchi,Private Label H,Mild Kimchi - pouch,3,"The product is good, but the price feels quite high for the portion size.",price_sensitivity,synthetic_review_corpus
R00786,P0112,Philippines,Shopee PH,Kimchi,Private Label H,Mild Kimchi - pouch,2,"Good flavor, but it feels a bit heavy for frequent consumption.",health_concern,synthetic_review_corpus
R00787,P0113,Philippines,Lazada PH,Gochujang sauce,Korean Brand F,Korean Chili Sauce - jar,5,I like the rich seasoning and it feels close to real Korean-style food.,taste_authenticity_positive,synthetic_review_corpus
R00788,P0113,Philippines,Lazada PH,Gochujang sauce,Korean Brand F,Korean Chili Sauce - jar,4,The serving size could be larger for the price.,portion_size,synthetic_review_corpus
R00789,P0113,Philippines,Lazada PH,Gochujang sauce,Korean Brand F,Korean Chili Sauce - jar,2,"The product tastes nice, but the heat level may be difficult for beginners.",too_spicy,synthetic_review_corpus
R00790,P0113,Philippines,Lazada PH,Gochujang sauce,Korean Brand F,Korean Chili Sauce - jar,3,The label information could be clearer and easier to read.,packaging_issue,synthetic_review_corpus
R00791,P0113,Philippines,Lazada PH,Gochujang sauce,Korean Brand F,Korean Chili Sauce - jar,4,I wish there was a milder version because the spice level is too strong.,too_spicy,synthetic_review_corpus
R00792,P0113,Philippines,Lazada PH,Gochujang sauce,Korean Brand F,Korean Chili Sauce - jar,4,Very convenient for a quick meal after work.,convenience_positive,synthetic_review_corpus
R00793,P0113,Philippines,Lazada PH,Gochujang sauce,Korean Brand F,Korean Chili Sauce - jar,5,The taste is very satisfying and works well for a quick Korean meal at home.,taste_authenticity_positive,synthetic_review_corpus
R00794,P0113,Philippines,Lazada PH,Gochujang sauce,Korean Brand F,Korean Chili Sauce - jar,2,"The product looks good, but I could not find clear halal information.",halal_concern,synthetic_review_corpus
R00795,P0113,Philippines,Lazada PH,Gochujang sauce,Korean Brand F,Korean Chili Sauce - jar,3,The packaging could be improved because it was slightly damaged when delivered.,packaging_issue,synthetic_review_corpus
R00796,P0114,Philippines,Shopee PH,Gochujang sauce,Korean Brand V,Sweet Spicy Sauce - jar,3,"It tastes good, but one pack is not enough for a full meal.",portion_size,synthetic_review_corpus
R00797,P0114,Philippines,Shopee PH,Gochujang sauce,Korean Brand V,Sweet Spicy Sauce - jar,5,Very convenient for a quick meal after work.,convenience_positive,synthetic_review_corpus
R00798,P0114,Philippines,Shopee PH,Gochujang sauce,Korean Brand V,Sweet Spicy Sauce - jar,3,"The product is good, but the packaging does not feel very strong.",packaging_issue,synthetic_review_corpus
R00799,P0114,Philippines,Shopee PH,Gochujang sauce,Korean Brand V,Sweet Spicy Sauce - jar,2,I wish there was a milder version because the spice level is too strong.,too_spicy,synthetic_review_corpus
R00800,P0114,Philippines,Shopee PH,Gochujang sauce,Korean Brand V,Sweet Spicy Sauce - jar,3,I wish there was a milder version because the spice level is too strong.,too_spicy,synthetic_review_corpus
R00801,P0114,Philippines,Shopee PH,Gochujang sauce,Korean Brand V,Sweet Spicy Sauce - jar,3,"The product is good, but the packaging does not feel very strong.",packaging_issue,synthetic_review_corpus
R00802,P0114,Philippines,Shopee PH,Gochujang sauce,Korean Brand V,Sweet Spicy Sauce - jar,5,I like the rich seasoning and it feels close to real Korean-style food.,taste_authenticity_positive,synthetic_review_corpus
R00803,P0115,Philippines,Lazada PH,Gochujang sauce,Local Brand C,Gochujang Sauce - tube,2,The serving size could be larger for the price.,portion_size,synthetic_review_corpus
R00804,P0115,Philippines,Lazada PH,Gochujang sauce,Local Brand C,Gochujang Sauce - tube,2,"Good flavor, but it feels a bit heavy for frequent consumption.",health_concern,synthetic_review_corpus
R00805,P0115,Philippines,Lazada PH,Gochujang sauce,Local Brand C,Gochujang Sauce - tube,5,The flavor tastes authentic and reminds me of Korean restaurant food.,taste_authenticity_positive,synthetic_review_corpus
R00806,P0115,Philippines,Lazada PH,Gochujang sauce,Local Brand C,Gochujang Sauce - tube,2,Clear halal labeling would make me more confident to purchase.,halal_concern,synthetic_review_corpus
R00807,P0115,Philippines,Lazada PH,Gochujang sauce,Local Brand C,Gochujang Sauce - tube,4,I wish there was a milder version because the spice level is too strong.,too_spicy,synthetic_review_corpus
R00808,P0115,Philippines,Lazada PH,Gochujang sauce,Local Brand C,Gochujang Sauce - tube,3,I wish there was a milder version because the spice level is too strong.,too_spicy,synthetic_review_corpus
R00809,P0115,Philippines,Lazada PH,Gochujang sauce,Local Brand C,Gochujang Sauce - tube,4,I like that it saves time and still tastes good.,convenience_positive,synthetic_review_corpus
R00810,P0116,Philippines,Lazada PH,Gochujang sauce,Local Brand R,Sweet Spicy Sauce - squeeze bottle,3,"The taste is nice, but I wish it had less sodium.",health_concern,synthetic_review_corpus
R00811,P0116,Philippines,Lazada PH,Gochujang sauce,Local Brand R,Sweet Spicy Sauce - squeeze bottle,3,The packaging could be improved because it was slightly damaged when delivered.,packaging_issue,synthetic_review_corpus
R00812,P0116,Philippines,Lazada PH,Gochujang sauce,Local Brand R,Sweet Spicy Sauce - squeeze bottle,3,I would buy this more often if the halal certification was clearly shown.,halal_concern,synthetic_review_corpus
R00813,P0116,Philippines,Lazada PH,Gochujang sauce,Local Brand R,Sweet Spicy Sauce - squeeze bottle,3,The label information could be clearer and easier to read.,packaging_issue,synthetic_review_corpus
R00814,P0116,Philippines,Lazada PH,Gochujang sauce,Local Brand R,Sweet Spicy Sauce - squeeze bottle,4,"The product looks good, but I could not find clear halal information.",halal_concern,synthetic_review_corpus
R00815,P0116,Philippines,Lazada PH,Gochujang sauce,Local Brand R,Sweet Spicy Sauce - squeeze bottle,5,The flavor tastes authentic and reminds me of Korean restaurant food.,taste_authenticity_positive,synthetic_review_corpus
R00816,P0116,Philippines,Lazada PH,Gochujang sauce,Local Brand R,Sweet Spicy Sauce - squeeze bottle,4,"The product is good, but the price feels quite high for the portion size.",price_sensitivity,synthetic_review_corpus
R00817,P0117,Philippines,Lazada PH,Gochujang sauce,Local Brand H,Korean Chili Sauce - jar,5,The flavor tastes authentic and reminds me of Korean restaurant food.,taste_authenticity_positive,synthetic_review_corpus
R00818,P0117,Philippines,Lazada PH,Gochujang sauce,Local Brand H,Korean Chili Sauce - jar,3,"I like it, but I would only buy again if there is a discount.",price_sensitivity,synthetic_review_corpus
R00819,P0117,Philippines,Lazada PH,Gochujang sauce,Local Brand H,Korean Chili Sauce - jar,5,I like the rich seasoning and it feels close to real Korean-style food.,taste_authenticity_positive,synthetic_review_corpus
R00820,P0117,Philippines,Lazada PH,Gochujang sauce,Local Brand H,Korean Chili Sauce - jar,4,"The flavor is good, but it is too spicy for my family.",too_spicy,synthetic_review_corpus
R00821,P0117,Philippines,Lazada PH,Gochujang sauce,Local Brand H,Korean Chili Sauce - jar,5,I like the rich seasoning and it feels close to real Korean-style food.,taste_authenticity_positive,synthetic_review_corpus
R00822,P0117,Philippines,Lazada PH,Gochujang sauce,Local Brand H,Korean Chili Sauce - jar,4,The portion is smaller than expected.,portion_size,synthetic_review_corpus
R00823,P0117,Philippines,Lazada PH,Gochujang sauce,Local Brand H,Korean Chili Sauce - jar,3,Clear halal labeling would make me more confident to purchase.,halal_concern,synthetic_review_corpus
R00824,P0117,Philippines,Lazada PH,Gochujang sauce,Local Brand H,Korean Chili Sauce - jar,2,"The flavor is good, but it is too spicy for my family.",too_spicy,synthetic_review_corpus
R00825,P0117,Philippines,Lazada PH,Gochujang sauce,Local Brand H,Korean Chili Sauce - jar,5,The taste is very satisfying and works well for a quick Korean meal at home.,taste_authenticity_positive,synthetic_review_corpus
R00826,P0118,Philippines,Shopee PH,Gochujang sauce,Korean Brand T,Sweet Spicy Sauce - jar,2,"I like it, but I would only buy again if there is a discount.",price_sensitivity,synthetic_review_corpus
R00827,P0118,Philippines,Shopee PH,Gochujang sauce,Korean Brand T,Sweet Spicy Sauce - jar,3,"The flavor is good, but it is too spicy for my family.",too_spicy,synthetic_review_corpus
R00828,P0118,Philippines,Shopee PH,Gochujang sauce,Korean Brand T,Sweet Spicy Sauce - jar,4,"I like it, but I would only buy again if there is a discount.",price_sensitivity,synthetic_review_corpus
R00829,P0118,Philippines,Shopee PH,Gochujang sauce,Korean Brand T,Sweet Spicy Sauce - jar,2,"The taste is nice, but I wish it had less sodium.",health_concern,synthetic_review_corpus
R00830,P0118,Philippines,Shopee PH,Gochujang sauce,Korean Brand T,Sweet Spicy Sauce - jar,3,"The taste is fine, but it feels expensive compared with local alternatives.",price_sensitivity,synthetic_review_corpus
R00831,P0118,Philippines,Shopee PH,Gochujang sauce,Korean Brand T,Sweet Spicy Sauce - jar,2,I wish there was a milder version because the spice level is too strong.,too_spicy,synthetic_review_corpus
R00832,P0118,Philippines,Shopee PH,Gochujang sauce,Korean Brand T,Sweet Spicy Sauce - jar,5,I like the rich seasoning and it feels close to real Korean-style food.,taste_authenticity_positive,synthetic_review_corpus
R00833,P0118,Philippines,Shopee PH,Gochujang sauce,Korean Brand T,Sweet Spicy Sauce - jar,3,"The flavor is good, but it is too spicy for my family.",too_spicy,synthetic_review_corpus
R00834,P0118,Philippines,Shopee PH,Gochujang sauce,Korean Brand T,Sweet Spicy Sauce - jar,4,I would prefer a healthier version with cleaner ingredients.,health_concern,synthetic_review_corpus
R00835,P0119,Philippines,Lazada PH,Gochujang sauce,Local Brand M,Sweet Spicy Sauce - jar,5,The taste is very satisfying and works well for a quick Korean meal at home.,taste_authenticity_positive,synthetic_review_corpus
R00836,P0119,Philippines,Lazada PH,Gochujang sauce,Local Brand M,Sweet Spicy Sauce - jar,4,Clear halal labeling would make me more confident to purchase.,halal_concern,synthetic_review_corpus
R00837,P0119,Philippines,Lazada PH,Gochujang sauce,Local Brand M,Sweet Spicy Sauce - jar,5,The flavor tastes authentic and reminds me of Korean restaurant food.,taste_authenticity_positive,synthetic_review_corpus
R00838,P0119,Philippines,Lazada PH,Gochujang sauce,Local Brand M,Sweet Spicy Sauce - jar,4,The flavor tastes authentic and reminds me of Korean restaurant food.,taste_authenticity_positive,synthetic_review_corpus
R00839,P0119,Philippines,Lazada PH,Gochujang sauce,Local Brand M,Sweet Spicy Sauce - jar,3,"The product is good, but the packaging does not feel very strong.",packaging_issue,synthetic_review_corpus
R00840,P0120,Philippines,Lazada PH,Gochujang sauce,Korean Brand Z,Gochujang Sauce - tube,4,The taste is very satisfying and works well for a quick Korean meal at home.,taste_authenticity_positive,synthetic_review_corpus
R00841,P0120,Philippines,Lazada PH,Gochujang sauce,Korean Brand Z,Gochujang Sauce - tube,5,Easy to prepare and good for busy weekdays.,convenience_positive,synthetic_review_corpus
R00842,P0120,Philippines,Lazada PH,Gochujang sauce,Korean Brand Z,Gochujang Sauce - tube,3,"The product tastes nice, but the heat level may be difficult for beginners.",too_spicy,synthetic_review_corpus
R00843,P0120,Philippines,Lazada PH,Gochujang sauce,Korean Brand Z,Gochujang Sauce - tube,3,"The product tastes nice, but the heat level may be difficult for beginners.",too_spicy,synthetic_review_corpus
R00844,P0120,Philippines,Lazada PH,Gochujang sauce,Korean Brand Z,Gochujang Sauce - tube,5,The flavor tastes authentic and reminds me of Korean restaurant food.,taste_authenticity_positive,synthetic_review_corpus
R00845,P0121,Philippines,Lazada PH,Frozen mandu,Korean Brand F,Chicken Mandu - value pack,5,I like the rich seasoning and it feels close to real Korean-style food.,taste_authenticity_positive,synthetic_review_corpus
R00846,P0121,Philippines,Lazada PH,Frozen mandu,Korean Brand F,Chicken Mandu - value pack,2,"The taste is fine, but it feels expensive compared with local alternatives.",price_sensitivity,synthetic_review_corpus
R00847,P0121,Philippines,Lazada PH,Frozen mandu,Korean Brand F,Chicken Mandu - value pack,2,The portion is smaller than expected.,portion_size,synthetic_review_corpus
R00848,P0121,Philippines,Lazada PH,Frozen mandu,Korean Brand F,Chicken Mandu - value pack,3,Clear halal labeling would make me more confident to purchase.,halal_concern,synthetic_review_corpus
R00849,P0121,Philippines,Lazada PH,Frozen mandu,Korean Brand F,Chicken Mandu - value pack,5,The flavor tastes authentic and reminds me of Korean restaurant food.,taste_authenticity_positive,synthetic_review_corpus
R00850,P0121,Philippines,Lazada PH,Frozen mandu,Korean Brand F,Chicken Mandu - value pack,4,"The product is good, but the price feels quite high for the portion size.",price_sensitivity,synthetic_review_corpus
R00851,P0122,Philippines,Shopee PH,Frozen mandu,Japanese Brand S,Vegetable Mandu - value pack,5,The flavor tastes authentic and reminds me of Korean restaurant food.,taste_authenticity_positive,synthetic_review_corpus
R00852,P0122,Philippines,Shopee PH,Frozen mandu,Japanese Brand S,Vegetable Mandu - value pack,4,"It tastes good, but one pack is not enough for a full meal.",portion_size,synthetic_review_corpus
R00853,P0122,Philippines,Shopee PH,Frozen mandu,Japanese Brand S,Vegetable Mandu - value pack,5,The flavor tastes authentic and reminds me of Korean restaurant food.,taste_authenticity_positive,synthetic_review_corpus
R00854,P0122,Philippines,Shopee PH,Frozen mandu,Japanese Brand S,Vegetable Mandu - value pack,4,The flavor tastes authentic and reminds me of Korean restaurant food.,taste_authenticity_positive,synthetic_review_corpus
R00855,P0122,Philippines,Shopee PH,Frozen mandu,Japanese Brand S,Vegetable Mandu - value pack,2,"The taste is fine, but it feels expensive compared with local alternatives.",price_sensitivity,synthetic_review_corpus
R00856,P0123,Philippines,Shopee PH,Frozen mandu,Private Label F,Vegetable Mandu - family pack,4,The flavor tastes authentic and reminds me of Korean restaurant food.,taste_authenticity_positive,synthetic_review_corpus
R00857,P0123,Philippines,Shopee PH,Frozen mandu,Private Label F,Vegetable Mandu - family pack,4,Clear halal labeling would make me more confident to purchase.,halal_concern,synthetic_review_corpus
R00858,P0123,Philippines,Shopee PH,Frozen mandu,Private Label F,Vegetable Mandu - family pack,5,The taste is very satisfying and works well for a quick Korean meal at home.,taste_authenticity_positive,synthetic_review_corpus
R00859,P0123,Philippines,Shopee PH,Frozen mandu,Private Label F,Vegetable Mandu - family pack,4,"I like it, but I would only buy again if there is a discount.",price_sensitivity,synthetic_review_corpus
R00860,P0123,Philippines,Shopee PH,Frozen mandu,Private Label F,Vegetable Mandu - family pack,4,The flavor tastes authentic and reminds me of Korean restaurant food.,taste_authenticity_positive,synthetic_review_corpus
R00861,P0123,Philippines,Shopee PH,Frozen mandu,Private Label F,Vegetable Mandu - family pack,2,I would buy this more often if the halal certification was clearly shown.,halal_concern,synthetic_review_corpus
R00862,P0123,Philippines,Shopee PH,Frozen mandu,Private Label F,Vegetable Mandu - family pack,3,The serving size could be larger for the price.,portion_size,synthetic_review_corpus
R00863,P0123,Philippines,Shopee PH,Frozen mandu,Private Label F,Vegetable Mandu - family pack,3,"I like it, but I would only buy again if there is a discount.",price_sensitivity,synthetic_review_corpus
R00864,P0123,Philippines,Shopee PH,Frozen mandu,Private Label F,Vegetable Mandu - family pack,2,The portion is smaller than expected.,portion_size,synthetic_review_corpus
R00865,P0123,Philippines,Shopee PH,Frozen mandu,Private Label F,Vegetable Mandu - family pack,4,"It tastes good, but one pack is not enough for a full meal.",portion_size,synthetic_review_corpus
R00866,P0124,Philippines,Shopee PH,Frozen mandu,Japanese Brand B,Vegetable Mandu - frozen bag,5,I like that it saves time and still tastes good.,convenience_positive,synthetic_review_corpus
R00867,P0124,Philippines,Shopee PH,Frozen mandu,Japanese Brand B,Vegetable Mandu - frozen bag,3,I would buy this more often if the halal certification was clearly shown.,halal_concern,synthetic_review_corpus
R00868,P0124,Philippines,Shopee PH,Frozen mandu,Japanese Brand B,Vegetable Mandu - frozen bag,2,"I like it, but I would only buy again if there is a discount.",price_sensitivity,synthetic_review_corpus
R00869,P0124,Philippines,Shopee PH,Frozen mandu,Japanese Brand B,Vegetable Mandu - frozen bag,5,The flavor tastes authentic and reminds me of Korean restaurant food.,taste_authenticity_positive,synthetic_review_corpus
R00870,P0124,Philippines,Shopee PH,Frozen mandu,Japanese Brand B,Vegetable Mandu - frozen bag,3,The portion is smaller than expected.,portion_size,synthetic_review_corpus
R00871,P0124,Philippines,Shopee PH,Frozen mandu,Japanese Brand B,Vegetable Mandu - frozen bag,2,"The product looks good, but I could not find clear halal information.",halal_concern,synthetic_review_corpus
R00872,P0125,Philippines,Shopee PH,Frozen mandu,Local Brand A,Vegetable Mandu - frozen bag,4,"The flavor is good, but it is too spicy for my family.",too_spicy,synthetic_review_corpus
R00873,P0125,Philippines,Shopee PH,Frozen mandu,Local Brand A,Vegetable Mandu - frozen bag,4,I like that it saves time and still tastes good.,convenience_positive,synthetic_review_corpus
R00874,P0125,Philippines,Shopee PH,Frozen mandu,Local Brand A,Vegetable Mandu - frozen bag,5,The flavor tastes authentic and reminds me of Korean restaurant food.,taste_authenticity_positive,synthetic_review_corpus
R00875,P0125,Philippines,Shopee PH,Frozen mandu,Local Brand A,Vegetable Mandu - frozen bag,3,"The flavor is good, but it is too spicy for my family.",too_spicy,synthetic_review_corpus
R00876,P0125,Philippines,Shopee PH,Frozen mandu,Local Brand A,Vegetable Mandu - frozen bag,3,"The product looks good, but I could not find clear halal information.",halal_concern,synthetic_review_corpus
R00877,P0125,Philippines,Shopee PH,Frozen mandu,Local Brand A,Vegetable Mandu - frozen bag,3,"The product looks good, but I could not find clear halal information.",halal_concern,synthetic_review_corpus
R00878,P0125,Philippines,Shopee PH,Frozen mandu,Local Brand A,Vegetable Mandu - frozen bag,5,I like the rich seasoning and it feels close to real Korean-style food.,taste_authenticity_positive,synthetic_review_corpus
R00879,P0125,Philippines,Shopee PH,Frozen mandu,Local Brand A,Vegetable Mandu - frozen bag,3,"The product is good, but the price feels quite high for the portion size.",price_sensitivity,synthetic_review_corpus
R00880,P0125,Philippines,Shopee PH,Frozen mandu,Local Brand A,Vegetable Mandu - frozen bag,2,I wish there was a milder version because the spice level is too strong.,too_spicy,synthetic_review_corpus
R00881,P0126,Philippines,Lazada PH,Frozen mandu,Local Brand J,Kimchi Mandu - frozen bag,3,"The product is good, but the price feels quite high for the portion size.",price_sensitivity,synthetic_review_corpus
R00882,P0126,Philippines,Lazada PH,Frozen mandu,Local Brand J,Kimchi Mandu - frozen bag,4,The taste is very satisfying and works well for a quick Korean meal at home.,taste_authenticity_positive,synthetic_review_corpus
R00883,P0126,Philippines,Lazada PH,Frozen mandu,Local Brand J,Kimchi Mandu - frozen bag,4,"The taste is fine, but it feels expensive compared with local alternatives.",price_sensitivity,synthetic_review_corpus
R00884,P0126,Philippines,Lazada PH,Frozen mandu,Local Brand J,Kimchi Mandu - frozen bag,3,The portion is smaller than expected.,portion_size,synthetic_review_corpus
R00885,P0126,Philippines,Lazada PH,Frozen mandu,Local Brand J,Kimchi Mandu - frozen bag,4,"The taste is nice, but I wish it had less sodium.",health_concern,synthetic_review_corpus
R00886,P0127,Philippines,Shopee PH,Frozen mandu,Private Label U,Pork Mandu - frozen bag,3,"The taste is fine, but it feels expensive compared with local alternatives.",price_sensitivity,synthetic_review_corpus
R00887,P0127,Philippines,Shopee PH,Frozen mandu,Private Label U,Pork Mandu - frozen bag,3,"The taste is fine, but it feels expensive compared with local alternatives.",price_sensitivity,synthetic_review_corpus
R00888,P0127,Philippines,Shopee PH,Frozen mandu,Private Label U,Pork Mandu - frozen bag,4,Very convenient for a quick meal after work.,convenience_positive,synthetic_review_corpus
R00889,P0127,Philippines,Shopee PH,Frozen mandu,Private Label U,Pork Mandu - frozen bag,5,I like that it saves time and still tastes good.,convenience_positive,synthetic_review_corpus
R00890,P0127,Philippines,Shopee PH,Frozen mandu,Private Label U,Pork Mandu - frozen bag,3,Clear halal labeling would make me more confident to purchase.,halal_concern,synthetic_review_corpus
R00891,P0127,Philippines,Shopee PH,Frozen mandu,Private Label U,Pork Mandu - frozen bag,2,I would buy this more often if the halal certification was clearly shown.,halal_concern,synthetic_review_corpus
R00892,P0128,Philippines,Shopee PH,Frozen mandu,Korean Brand C,Chicken Mandu - family pack,3,I wish there was a milder version because the spice level is too strong.,too_spicy,synthetic_review_corpus
R00893,P0128,Philippines,Shopee PH,Frozen mandu,Korean Brand C,Chicken Mandu - family pack,2,"It tastes good, but one pack is not enough for a full meal.",portion_size,synthetic_review_corpus
R00894,P0128,Philippines,Shopee PH,Frozen mandu,Korean Brand C,Chicken Mandu - family pack,4,The label information could be clearer and easier to read.,packaging_issue,synthetic_review_corpus
R00895,P0128,Philippines,Shopee PH,Frozen mandu,Korean Brand C,Chicken Mandu - family pack,3,I would buy this more often if the halal certification was clearly shown.,halal_concern,synthetic_review_corpus
R00896,P0128,Philippines,Shopee PH,Frozen mandu,Korean Brand C,Chicken Mandu - family pack,2,The serving size could be larger for the price.,portion_size,synthetic_review_corpus
R00897,P0129,Philippines,Shopee PH,Ready meal,Local Brand V,Tteokbokki Meal - frozen tray,3,"Good flavor, but it feels a bit heavy for frequent consumption.",health_concern,synthetic_review_corpus
R00898,P0129,Philippines,Shopee PH,Ready meal,Local Brand V,Tteokbokki Meal - frozen tray,4,Very convenient for a quick meal after work.,convenience_positive,synthetic_review_corpus
R00899,P0129,Philippines,Shopee PH,Ready meal,Local Brand V,Tteokbokki Meal - frozen tray,3,"The product looks good, but I could not find clear halal information.",halal_concern,synthetic_review_corpus
R00900,P0129,Philippines,Shopee PH,Ready meal,Local Brand V,Tteokbokki Meal - frozen tray,3,The label information could be clearer and easier to read.,packaging_issue,synthetic_review_corpus
R00901,P0129,Philippines,Shopee PH,Ready meal,Local Brand V,Tteokbokki Meal - frozen tray,3,The label information could be clearer and easier to read.,packaging_issue,synthetic_review_corpus
R00902,P0129,Philippines,Shopee PH,Ready meal,Local Brand V,Tteokbokki Meal - frozen tray,4,I wish there was a milder version because the spice level is too strong.,too_spicy,synthetic_review_corpus
R00903,P0130,Philippines,Lazada PH,Ready meal,Local Brand P,Korean Rice Bowl - frozen tray,4,The portion is smaller than expected.,portion_size,synthetic_review_corpus
R00904,P0130,Philippines,Lazada PH,Ready meal,Local Brand P,Korean Rice Bowl - frozen tray,3,"The product is good, but the price feels quite high for the portion size.",price_sensitivity,synthetic_review_corpus
R00905,P0130,Philippines,Lazada PH,Ready meal,Local Brand P,Korean Rice Bowl - frozen tray,3,I would buy this more often if the halal certification was clearly shown.,halal_concern,synthetic_review_corpus
R00906,P0130,Philippines,Lazada PH,Ready meal,Local Brand P,Korean Rice Bowl - frozen tray,2,I would buy this more often if the halal certification was clearly shown.,halal_concern,synthetic_review_corpus
R00907,P0130,Philippines,Lazada PH,Ready meal,Local Brand P,Korean Rice Bowl - frozen tray,5,The flavor tastes authentic and reminds me of Korean restaurant food.,taste_authenticity_positive,synthetic_review_corpus
R00908,P0130,Philippines,Lazada PH,Ready meal,Local Brand P,Korean Rice Bowl - frozen tray,5,The taste is very satisfying and works well for a quick Korean meal at home.,taste_authenticity_positive,synthetic_review_corpus
R00909,P0130,Philippines,Lazada PH,Ready meal,Local Brand P,Korean Rice Bowl - frozen tray,5,The taste is very satisfying and works well for a quick Korean meal at home.,taste_authenticity_positive,synthetic_review_corpus
R00910,P0130,Philippines,Lazada PH,Ready meal,Local Brand P,Korean Rice Bowl - frozen tray,2,"I like it, but I would only buy again if there is a discount.",price_sensitivity,synthetic_review_corpus
R00911,P0131,Philippines,Shopee PH,Ready meal,Local Brand W,Tteokbokki Meal - microwave bowl,4,I like the rich seasoning and it feels close to real Korean-style food.,taste_authenticity_positive,synthetic_review_corpus
R00912,P0131,Philippines,Shopee PH,Ready meal,Local Brand W,Tteokbokki Meal - microwave bowl,2,I wish there was a milder version because the spice level is too strong.,too_spicy,synthetic_review_corpus
R00913,P0131,Philippines,Shopee PH,Ready meal,Local Brand W,Tteokbokki Meal - microwave bowl,3,"The product looks good, but I could not find clear halal information.",halal_concern,synthetic_review_corpus
R00914,P0131,Philippines,Shopee PH,Ready meal,Local Brand W,Tteokbokki Meal - microwave bowl,2,The portion is smaller than expected.,portion_size,synthetic_review_corpus
R00915,P0131,Philippines,Shopee PH,Ready meal,Local Brand W,Tteokbokki Meal - microwave bowl,3,"The flavor is good, but it is too spicy for my family.",too_spicy,synthetic_review_corpus
R00916,P0132,Philippines,Lazada PH,Ready meal,Japanese Brand T,Bibimbap Bowl - microwave bowl,4,"I like it, but I would only buy again if there is a discount.",price_sensitivity,synthetic_review_corpus
R00917,P0132,Philippines,Lazada PH,Ready meal,Japanese Brand T,Bibimbap Bowl - microwave bowl,2,The label information could be clearer and easier to read.,packaging_issue,synthetic_review_corpus
R00918,P0132,Philippines,Lazada PH,Ready meal,Japanese Brand T,Bibimbap Bowl - microwave bowl,5,The flavor tastes authentic and reminds me of Korean restaurant food.,taste_authenticity_positive,synthetic_review_corpus
R00919,P0132,Philippines,Lazada PH,Ready meal,Japanese Brand T,Bibimbap Bowl - microwave bowl,4,The portion is smaller than expected.,portion_size,synthetic_review_corpus
R00920,P0132,Philippines,Lazada PH,Ready meal,Japanese Brand T,Bibimbap Bowl - microwave bowl,5,The taste is very satisfying and works well for a quick Korean meal at home.,taste_authenticity_positive,synthetic_review_corpus
R00921,P0132,Philippines,Lazada PH,Ready meal,Japanese Brand T,Bibimbap Bowl - microwave bowl,4,I like that it saves time and still tastes good.,convenience_positive,synthetic_review_corpus
R00922,P0132,Philippines,Lazada PH,Ready meal,Japanese Brand T,Bibimbap Bowl - microwave bowl,5,I like that it saves time and still tastes good.,convenience_positive,synthetic_review_corpus
R00923,P0132,Philippines,Lazada PH,Ready meal,Japanese Brand T,Bibimbap Bowl - microwave bowl,4,Clear halal labeling would make me more confident to purchase.,halal_concern,synthetic_review_corpus
R00924,P0132,Philippines,Lazada PH,Ready meal,Japanese Brand T,Bibimbap Bowl - microwave bowl,3,"Good flavor, but it feels a bit heavy for frequent consumption.",health_concern,synthetic_review_corpus
R00925,P0133,Philippines,Shopee PH,Ready meal,Korean Brand R,Korean Rice Bowl - frozen tray,5,Easy to prepare and good for busy weekdays.,convenience_positive,synthetic_review_corpus
R00926,P0133,Philippines,Shopee PH,Ready meal,Korean Brand R,Korean Rice Bowl - frozen tray,3,The label information could be clearer and easier to read.,packaging_issue,synthetic_review_corpus
R00927,P0133,Philippines,Shopee PH,Ready meal,Korean Brand R,Korean Rice Bowl - frozen tray,4,Very convenient for a quick meal after work.,convenience_positive,synthetic_review_corpus
R00928,P0133,Philippines,Shopee PH,Ready meal,Korean Brand R,Korean Rice Bowl - frozen tray,4,I like that it saves time and still tastes good.,convenience_positive,synthetic_review_corpus
R00929,P0134,Philippines,Shopee PH,Ready meal,Korean Brand Q,Bibimbap Bowl - frozen tray,2,"The product is good, but the packaging does not feel very strong.",packaging_issue,synthetic_review_corpus
R00930,P0134,Philippines,Shopee PH,Ready meal,Korean Brand Q,Bibimbap Bowl - frozen tray,3,I would buy this more often if the halal certification was clearly shown.,halal_concern,synthetic_review_corpus
R00931,P0134,Philippines,Shopee PH,Ready meal,Korean Brand Q,Bibimbap Bowl - frozen tray,3,Clear halal labeling would make me more confident to purchase.,halal_concern,synthetic_review_corpus
R00932,P0134,Philippines,Shopee PH,Ready meal,Korean Brand Q,Bibimbap Bowl - frozen tray,2,"The taste is fine, but it feels expensive compared with local alternatives.",price_sensitivity,synthetic_review_corpus
R00933,P0134,Philippines,Shopee PH,Ready meal,Korean Brand Q,Bibimbap Bowl - frozen tray,5,The taste is very satisfying and works well for a quick Korean meal at home.,taste_authenticity_positive,synthetic_review_corpus
R00934,P0134,Philippines,Shopee PH,Ready meal,Korean Brand Q,Bibimbap Bowl - frozen tray,5,Very convenient for a quick meal after work.,convenience_positive,synthetic_review_corpus
R00935,P0135,Philippines,Shopee PH,Ready meal,Premium Import Brand U,Tteokbokki Meal - frozen tray,5,I like that it saves time and still tastes good.,convenience_positive,synthetic_review_corpus
R00936,P0135,Philippines,Shopee PH,Ready meal,Premium Import Brand U,Tteokbokki Meal - frozen tray,3,I wish there was a milder version because the spice level is too strong.,too_spicy,synthetic_review_corpus
R00937,P0135,Philippines,Shopee PH,Ready meal,Premium Import Brand U,Tteokbokki Meal - frozen tray,4,Easy to prepare and good for busy weekdays.,convenience_positive,synthetic_review_corpus
R00938,P0135,Philippines,Shopee PH,Ready meal,Premium Import Brand U,Tteokbokki Meal - frozen tray,3,"The taste is fine, but it feels expensive compared with local alternatives.",price_sensitivity,synthetic_review_corpus
R00939,P0135,Philippines,Shopee PH,Ready meal,Premium Import Brand U,Tteokbokki Meal - frozen tray,4,The flavor tastes authentic and reminds me of Korean restaurant food.,taste_authenticity_positive,synthetic_review_corpus
R00940,P0135,Philippines,Shopee PH,Ready meal,Premium Import Brand U,Tteokbokki Meal - frozen tray,5,Very convenient for a quick meal after work.,convenience_positive,synthetic_review_corpus
R00941,P0135,Philippines,Shopee PH,Ready meal,Premium Import Brand U,Tteokbokki Meal - frozen tray,5,Easy to prepare and good for busy weekdays.,convenience_positive,synthetic_review_corpus
R00942,P0135,Philippines,Shopee PH,Ready meal,Premium Import Brand U,Tteokbokki Meal - frozen tray,4,"The product is good, but the packaging does not feel very strong.",packaging_issue,synthetic_review_corpus
R00943,P0136,Philippines,Lazada PH,Ready meal,Korean Brand J,Tteokbokki Meal - microwave bowl,3,"The product is good, but the price feels quite high for the portion size.",price_sensitivity,synthetic_review_corpus
R00944,P0136,Philippines,Lazada PH,Ready meal,Korean Brand J,Tteokbokki Meal - microwave bowl,2,"The product is good, but the price feels quite high for the portion size.",price_sensitivity,synthetic_review_corpus
R00945,P0136,Philippines,Lazada PH,Ready meal,Korean Brand J,Tteokbokki Meal - microwave bowl,4,I like the rich seasoning and it feels close to real Korean-style food.,taste_authenticity_positive,synthetic_review_corpus
R00946,P0136,Philippines,Lazada PH,Ready meal,Korean Brand J,Tteokbokki Meal - microwave bowl,4,The taste is very satisfying and works well for a quick Korean meal at home.,taste_authenticity_positive,synthetic_review_corpus
R00947,P0136,Philippines,Lazada PH,Ready meal,Korean Brand J,Tteokbokki Meal - microwave bowl,3,"Good flavor, but it feels a bit heavy for frequent consumption.",health_concern,synthetic_review_corpus
R00948,P0136,Philippines,Lazada PH,Ready meal,Korean Brand J,Tteokbokki Meal - microwave bowl,4,The portion is smaller than expected.,portion_size,synthetic_review_corpus
R00949,P0136,Philippines,Lazada PH,Ready meal,Korean Brand J,Tteokbokki Meal - microwave bowl,3,"Good flavor, but it feels a bit heavy for frequent consumption.",health_concern,synthetic_review_corpus
R00950,P0136,Philippines,Lazada PH,Ready meal,Korean Brand J,Tteokbokki Meal - microwave bowl,4,Very convenient for a quick meal after work.,convenience_positive,synthetic_review_corpus
R00951,P0136,Philippines,Lazada PH,Ready meal,Korean Brand J,Tteokbokki Meal - microwave bowl,3,"I like it, but I would only buy again if there is a discount.",price_sensitivity,synthetic_review_corpus
R00952,P0136,Philippines,Lazada PH,Ready meal,Korean Brand J,Tteokbokki Meal - microwave bowl,3,"The product looks good, but I could not find clear halal information.",halal_concern,synthetic_review_corpus
R00953,P0137,Philippines,Shopee PH,Seaweed snack,Korean Brand Z,Seaweed Crisps - tray pack,3,The packaging could be improved because it was slightly damaged when delivered.,packaging_issue,synthetic_review_corpus
R00954,P0137,Philippines,Shopee PH,Seaweed snack,Korean Brand Z,Seaweed Crisps - tray pack,3,"The product looks good, but I could not find clear halal information.",halal_concern,synthetic_review_corpus
R00955,P0137,Philippines,Shopee PH,Seaweed snack,Korean Brand Z,Seaweed Crisps - tray pack,5,The taste is very satisfying and works well for a quick Korean meal at home.,taste_authenticity_positive,synthetic_review_corpus
R00956,P0137,Philippines,Shopee PH,Seaweed snack,Korean Brand Z,Seaweed Crisps - tray pack,4,I wish there was a milder version because the spice level is too strong.,too_spicy,synthetic_review_corpus
R00957,P0137,Philippines,Shopee PH,Seaweed snack,Korean Brand Z,Seaweed Crisps - tray pack,4,"I like it, but I would only buy again if there is a discount.",price_sensitivity,synthetic_review_corpus
R00958,P0137,Philippines,Shopee PH,Seaweed snack,Korean Brand Z,Seaweed Crisps - tray pack,5,The taste is very satisfying and works well for a quick Korean meal at home.,taste_authenticity_positive,synthetic_review_corpus
R00959,P0137,Philippines,Shopee PH,Seaweed snack,Korean Brand Z,Seaweed Crisps - tray pack,4,The label information could be clearer and easier to read.,packaging_issue,synthetic_review_corpus
R00960,P0137,Philippines,Shopee PH,Seaweed snack,Korean Brand Z,Seaweed Crisps - tray pack,3,"The product is good, but the price feels quite high for the portion size.",price_sensitivity,synthetic_review_corpus
R00961,P0138,Philippines,Lazada PH,Seaweed snack,Local Brand Y,Seaweed Snack - multi-pack,4,Easy to prepare and good for busy weekdays.,convenience_positive,synthetic_review_corpus
R00962,P0138,Philippines,Lazada PH,Seaweed snack,Local Brand Y,Seaweed Snack - multi-pack,5,The flavor tastes authentic and reminds me of Korean restaurant food.,taste_authenticity_positive,synthetic_review_corpus
R00963,P0138,Philippines,Lazada PH,Seaweed snack,Local Brand Y,Seaweed Snack - multi-pack,5,The flavor tastes authentic and reminds me of Korean restaurant food.,taste_authenticity_positive,synthetic_review_corpus
R00964,P0138,Philippines,Lazada PH,Seaweed snack,Local Brand Y,Seaweed Snack - multi-pack,3,The label information could be clearer and easier to read.,packaging_issue,synthetic_review_corpus
R00965,P0138,Philippines,Lazada PH,Seaweed snack,Local Brand Y,Seaweed Snack - multi-pack,4,The flavor tastes authentic and reminds me of Korean restaurant food.,taste_authenticity_positive,synthetic_review_corpus
R00966,P0138,Philippines,Lazada PH,Seaweed snack,Local Brand Y,Seaweed Snack - multi-pack,5,The flavor tastes authentic and reminds me of Korean restaurant food.,taste_authenticity_positive,synthetic_review_corpus
R00967,P0138,Philippines,Lazada PH,Seaweed snack,Local Brand Y,Seaweed Snack - multi-pack,2,"It tastes good, but one pack is not enough for a full meal.",portion_size,synthetic_review_corpus
R00968,P0138,Philippines,Lazada PH,Seaweed snack,Local Brand Y,Seaweed Snack - multi-pack,4,The packaging could be improved because it was slightly damaged when delivered.,packaging_issue,synthetic_review_corpus
R00969,P0139,Philippines,Lazada PH,Seaweed snack,Local Brand V,Roasted Seaweed - snack pack,3,The portion is smaller than expected.,portion_size,synthetic_review_corpus
R00970,P0139,Philippines,Lazada PH,Seaweed snack,Local Brand V,Roasted Seaweed - snack pack,3,"The product is good, but the price feels quite high for the portion size.",price_sensitivity,synthetic_review_corpus
R00971,P0139,Philippines,Lazada PH,Seaweed snack,Local Brand V,Roasted Seaweed - snack pack,2,"The product is good, but the packaging does not feel very strong.",packaging_issue,synthetic_review_corpus
R00972,P0139,Philippines,Lazada PH,Seaweed snack,Local Brand V,Roasted Seaweed - snack pack,3,"Good flavor, but it feels a bit heavy for frequent consumption.",health_concern,synthetic_review_corpus
R00973,P0139,Philippines,Lazada PH,Seaweed snack,Local Brand V,Roasted Seaweed - snack pack,5,I like the rich seasoning and it feels close to real Korean-style food.,taste_authenticity_positive,synthetic_review_corpus
R00974,P0139,Philippines,Lazada PH,Seaweed snack,Local Brand V,Roasted Seaweed - snack pack,5,The taste is very satisfying and works well for a quick Korean meal at home.,taste_authenticity_positive,synthetic_review_corpus
R00975,P0139,Philippines,Lazada PH,Seaweed snack,Local Brand V,Roasted Seaweed - snack pack,3,"Good flavor, but it feels a bit heavy for frequent consumption.",health_concern,synthetic_review_corpus
R00976,P0139,Philippines,Lazada PH,Seaweed snack,Local Brand V,Roasted Seaweed - snack pack,4,I like that it saves time and still tastes good.,convenience_positive,synthetic_review_corpus
R00977,P0139,Philippines,Lazada PH,Seaweed snack,Local Brand V,Roasted Seaweed - snack pack,3,I would prefer a healthier version with cleaner ingredients.,health_concern,synthetic_review_corpus
R00978,P0140,Philippines,Lazada PH,Seaweed snack,Japanese Brand C,Roasted Seaweed - snack pack,2,"I like it, but I would only buy again if there is a discount.",price_sensitivity,synthetic_review_corpus
R00979,P0140,Philippines,Lazada PH,Seaweed snack,Japanese Brand C,Roasted Seaweed - snack pack,5,I like that it saves time and still tastes good.,convenience_positive,synthetic_review_corpus
R00980,P0140,Philippines,Lazada PH,Seaweed snack,Japanese Brand C,Roasted Seaweed - snack pack,3,"I like it, but I would only buy again if there is a discount.",price_sensitivity,synthetic_review_corpus
R00981,P0140,Philippines,Lazada PH,Seaweed snack,Japanese Brand C,Roasted Seaweed - snack pack,4,"The product is good, but the price feels quite high for the portion size.",price_sensitivity,synthetic_review_corpus
R00982,P0140,Philippines,Lazada PH,Seaweed snack,Japanese Brand C,Roasted Seaweed - snack pack,3,"The taste is fine, but it feels expensive compared with local alternatives.",price_sensitivity,synthetic_review_corpus
R00983,P0140,Philippines,Lazada PH,Seaweed snack,Japanese Brand C,Roasted Seaweed - snack pack,3,"Good flavor, but it feels a bit heavy for frequent consumption.",health_concern,synthetic_review_corpus
R00984,P0140,Philippines,Lazada PH,Seaweed snack,Japanese Brand C,Roasted Seaweed - snack pack,5,The taste is very satisfying and works well for a quick Korean meal at home.,taste_authenticity_positive,synthetic_review_corpus
R00985,P0140,Philippines,Lazada PH,Seaweed snack,Japanese Brand C,Roasted Seaweed - snack pack,3,"Good flavor, but it feels a bit heavy for frequent consumption.",health_concern,synthetic_review_corpus
R00986,P0141,Philippines,Shopee PH,Seaweed snack,Premium Import Brand U,Roasted Seaweed - multi-pack,2,The portion is smaller than expected.,portion_size,synthetic_review_corpus
R00987,P0141,Philippines,Shopee PH,Seaweed snack,Premium Import Brand U,Roasted Seaweed - multi-pack,4,I like the rich seasoning and it feels close to real Korean-style food.,taste_authenticity_positive,synthetic_review_corpus
R00988,P0141,Philippines,Shopee PH,Seaweed snack,Premium Import Brand U,Roasted Seaweed - multi-pack,2,The portion is smaller than expected.,portion_size,synthetic_review_corpus
R00989,P0141,Philippines,Shopee PH,Seaweed snack,Premium Import Brand U,Roasted Seaweed - multi-pack,5,I like the rich seasoning and it feels close to real Korean-style food.,taste_authenticity_positive,synthetic_review_corpus
R00990,P0141,Philippines,Shopee PH,Seaweed snack,Premium Import Brand U,Roasted Seaweed - multi-pack,5,Very convenient for a quick meal after work.,convenience_positive,synthetic_review_corpus
R00991,P0141,Philippines,Shopee PH,Seaweed snack,Premium Import Brand U,Roasted Seaweed - multi-pack,2,"Good flavor, but it feels a bit heavy for frequent consumption.",health_concern,synthetic_review_corpus
R00992,P0141,Philippines,Shopee PH,Seaweed snack,Premium Import Brand U,Roasted Seaweed - multi-pack,3,The packaging could be improved because it was slightly damaged when delivered.,packaging_issue,synthetic_review_corpus
R00993,P0141,Philippines,Shopee PH,Seaweed snack,Premium Import Brand U,Roasted Seaweed - multi-pack,3,"The product is good, but the price feels quite high for the portion size.",price_sensitivity,synthetic_review_corpus
R00994,P0141,Philippines,Shopee PH,Seaweed snack,Premium Import Brand U,Roasted Seaweed - multi-pack,3,"The taste is fine, but it feels expensive compared with local alternatives.",price_sensitivity,synthetic_review_corpus
R00995,P0142,Philippines,Shopee PH,Seaweed snack,Local Brand F,Seaweed Crisps - multi-pack,4,"The product is good, but the packaging does not feel very strong.",packaging_issue,synthetic_review_corpus
R00996,P0142,Philippines,Shopee PH,Seaweed snack,Local Brand F,Seaweed Crisps - multi-pack,5,I like the rich seasoning and it feels close to real Korean-style food.,taste_authenticity_positive,synthetic_review_corpus
R00997,P0142,Philippines,Shopee PH,Seaweed snack,Local Brand F,Seaweed Crisps - multi-pack,3,The label information could be clearer and easier to read.,packaging_issue,synthetic_review_corpus
R00998,P0142,Philippines,Shopee PH,Seaweed snack,Local Brand F,Seaweed Crisps - multi-pack,3,"The taste is fine, but it feels expensive compared with local alternatives.",price_sensitivity,synthetic_review_corpus
R00999,P0142,Philippines,Shopee PH,Seaweed snack,Local Brand F,Seaweed Crisps - multi-pack,5,The taste is very satisfying and works well for a quick Korean meal at home.,taste_authenticity_positive,synthetic_review_corpus
R01000,P0142,Philippines,Shopee PH,Seaweed snack,Local Brand F,Seaweed Crisps - multi-pack,5,The taste is very satisfying and works well for a quick Korean meal at home.,taste_authenticity_positive,synthetic_review_corpus
R01001,P0142,Philippines,Shopee PH,Seaweed snack,Local Brand F,Seaweed Crisps - multi-pack,4,The taste is very satisfying and works well for a quick Korean meal at home.,taste_authenticity_positive,synthetic_review_corpus
R01002,P0142,Philippines,Shopee PH,Seaweed snack,Local Brand F,Seaweed Crisps - multi-pack,3,The portion is smaller than expected.,portion_size,synthetic_review_corpus
R01003,P0142,Philippines,Shopee PH,Seaweed snack,Local Brand F,Seaweed Crisps - multi-pack,5,Easy to prepare and good for busy weekdays.,convenience_positive,synthetic_review_corpus
R01004,P0142,Philippines,Shopee PH,Seaweed snack,Local Brand F,Seaweed Crisps - multi-pack,4,"The taste is fine, but it feels expensive compared with local alternatives.",price_sensitivity,synthetic_review_corpus
R01005,P0143,Philippines,Lazada PH,Seaweed snack,Local Brand R,Seaweed Snack - snack pack,3,"It tastes good, but one pack is not enough for a full meal.",portion_size,synthetic_review_corpus
R01006,P0143,Philippines,Lazada PH,Seaweed snack,Local Brand R,Seaweed Snack - snack pack,2,The label information could be clearer and easier to read.,packaging_issue,synthetic_review_corpus
R01007,P0143,Philippines,Lazada PH,Seaweed snack,Local Brand R,Seaweed Snack - snack pack,5,The flavor tastes authentic and reminds me of Korean restaurant food.,taste_authenticity_positive,synthetic_review_corpus
R01008,P0143,Philippines,Lazada PH,Seaweed snack,Local Brand R,Seaweed Snack - snack pack,4,The portion is smaller than expected.,portion_size,synthetic_review_corpus
R01009,P0143,Philippines,Lazada PH,Seaweed snack,Local Brand R,Seaweed Snack - snack pack,3,"The product is good, but the price feels quite high for the portion size.",price_sensitivity,synthetic_review_corpus
R01010,P0144,Philippines,Lazada PH,Seaweed snack,Korean Brand L,Seaweed Snack - snack pack,4,"The taste is nice, but I wish it had less sodium.",health_concern,synthetic_review_corpus
R01011,P0144,Philippines,Lazada PH,Seaweed snack,Korean Brand L,Seaweed Snack - snack pack,4,"The product is good, but the packaging does not feel very strong.",packaging_issue,synthetic_review_corpus
R01012,P0144,Philippines,Lazada PH,Seaweed snack,Korean Brand L,Seaweed Snack - snack pack,5,The flavor tastes authentic and reminds me of Korean restaurant food.,taste_authenticity_positive,synthetic_review_corpus
R01013,P0144,Philippines,Lazada PH,Seaweed snack,Korean Brand L,Seaweed Snack - snack pack,4,"The product is good, but the packaging does not feel very strong.",packaging_issue,synthetic_review_corpus
R01014,P0144,Philippines,Lazada PH,Seaweed snack,Korean Brand L,Seaweed Snack - snack pack,4,I like that it saves time and still tastes good.,convenience_positive,synthetic_review_corpus
R01015,P0144,Philippines,Lazada PH,Seaweed snack,Korean Brand L,Seaweed Snack - snack pack,2,"Good flavor, but it feels a bit heavy for frequent consumption.",health_concern,synthetic_review_corpus
R01016,P0144,Philippines,Lazada PH,Seaweed snack,Korean Brand L,Seaweed Snack - snack pack,5,Very convenient for a quick meal after work.,convenience_positive,synthetic_review_corpus
R01017,P0144,Philippines,Lazada PH,Seaweed snack,Korean Brand L,Seaweed Snack - snack pack,5,I like the rich seasoning and it feels close to real Korean-style food.,taste_authenticity_positive,synthetic_review_corpus
R01018,P0144,Philippines,Lazada PH,Seaweed snack,Korean Brand L,Seaweed Snack - snack pack,5,The taste is very satisfying and works well for a quick Korean meal at home.,taste_authenticity_positive,synthetic_review_corpus
R01019,P0144,Philippines,Lazada PH,Seaweed snack,Korean Brand L,Seaweed Snack - snack pack,3,The serving size could be larger for the price.,portion_size,synthetic_review_corpus
R01020,P0145,Singapore,Shopee SG,Korean ramen,Korean Brand B,Cheese Ramen - cup noodle,5,The taste is very satisfying and works well for a quick Korean meal at home.,taste_authenticity_positive,synthetic_review_corpus
R01021,P0145,Singapore,Shopee SG,Korean ramen,Korean Brand B,Cheese Ramen - cup noodle,5,The taste is very satisfying and works well for a quick Korean meal at home.,taste_authenticity_positive,synthetic_review_corpus
R01022,P0145,Singapore,Shopee SG,Korean ramen,Korean Brand B,Cheese Ramen - cup noodle,3,The portion is smaller than expected.,portion_size,synthetic_review_corpus
R01023,P0145,Singapore,Shopee SG,Korean ramen,Korean Brand B,Cheese Ramen - cup noodle,4,Very convenient for a quick meal after work.,convenience_positive,synthetic_review_corpus
R01024,P0145,Singapore,Shopee SG,Korean ramen,Korean Brand B,Cheese Ramen - cup noodle,3,"The flavor is good, but it is too spicy for my family.",too_spicy,synthetic_review_corpus
R01025,P0145,Singapore,Shopee SG,Korean ramen,Korean Brand B,Cheese Ramen - cup noodle,3,"The product tastes nice, but the heat level may be difficult for beginners.",too_spicy,synthetic_review_corpus
R01026,P0145,Singapore,Shopee SG,Korean ramen,Korean Brand B,Cheese Ramen - cup noodle,4,The flavor tastes authentic and reminds me of Korean restaurant food.,taste_authenticity_positive,synthetic_review_corpus
R01027,P0145,Singapore,Shopee SG,Korean ramen,Korean Brand B,Cheese Ramen - cup noodle,4,The taste is very satisfying and works well for a quick Korean meal at home.,taste_authenticity_positive,synthetic_review_corpus
R01028,P0146,Singapore,FairPrice Online,Korean ramen,Korean Brand S,Spicy Ramen - multi-pack,2,"The flavor is good, but it is too spicy for my family.",too_spicy,synthetic_review_corpus
R01029,P0146,Singapore,FairPrice Online,Korean ramen,Korean Brand S,Spicy Ramen - multi-pack,2,"The product is good, but the price feels quite high for the portion size.",price_sensitivity,synthetic_review_corpus
R01030,P0146,Singapore,FairPrice Online,Korean ramen,Korean Brand S,Spicy Ramen - multi-pack,4,"The product looks good, but I could not find clear halal information.",halal_concern,synthetic_review_corpus
R01031,P0146,Singapore,FairPrice Online,Korean ramen,Korean Brand S,Spicy Ramen - multi-pack,3,"It tastes good, but one pack is not enough for a full meal.",portion_size,synthetic_review_corpus
R01032,P0146,Singapore,FairPrice Online,Korean ramen,Korean Brand S,Spicy Ramen - multi-pack,3,Clear halal labeling would make me more confident to purchase.,halal_concern,synthetic_review_corpus
R01033,P0147,Singapore,Shopee SG,Korean ramen,Korean Brand V,Cheese Ramen - multi-pack,5,I like that it saves time and still tastes good.,convenience_positive,synthetic_review_corpus
R01034,P0147,Singapore,Shopee SG,Korean ramen,Korean Brand V,Cheese Ramen - multi-pack,2,"The taste is fine, but it feels expensive compared with local alternatives.",price_sensitivity,synthetic_review_corpus
R01035,P0147,Singapore,Shopee SG,Korean ramen,Korean Brand V,Cheese Ramen - multi-pack,4,I wish there was a milder version because the spice level is too strong.,too_spicy,synthetic_review_corpus
R01036,P0147,Singapore,Shopee SG,Korean ramen,Korean Brand V,Cheese Ramen - multi-pack,5,The flavor tastes authentic and reminds me of Korean restaurant food.,taste_authenticity_positive,synthetic_review_corpus
R01037,P0147,Singapore,Shopee SG,Korean ramen,Korean Brand V,Cheese Ramen - multi-pack,5,I like the rich seasoning and it feels close to real Korean-style food.,taste_authenticity_positive,synthetic_review_corpus
R01038,P0147,Singapore,Shopee SG,Korean ramen,Korean Brand V,Cheese Ramen - multi-pack,5,The flavor tastes authentic and reminds me of Korean restaurant food.,taste_authenticity_positive,synthetic_review_corpus
R01039,P0147,Singapore,Shopee SG,Korean ramen,Korean Brand V,Cheese Ramen - multi-pack,4,Clear halal labeling would make me more confident to purchase.,halal_concern,synthetic_review_corpus
R01040,P0148,Singapore,Shopee SG,Korean ramen,Japanese Brand E,Kimchi Ramen - cup noodle,2,"I like it, but I would only buy again if there is a discount.",price_sensitivity,synthetic_review_corpus
R01041,P0148,Singapore,Shopee SG,Korean ramen,Japanese Brand E,Kimchi Ramen - cup noodle,2,The serving size could be larger for the price.,portion_size,synthetic_review_corpus
R01042,P0148,Singapore,Shopee SG,Korean ramen,Japanese Brand E,Kimchi Ramen - cup noodle,2,"The product is good, but the price feels quite high for the portion size.",price_sensitivity,synthetic_review_corpus
R01043,P0148,Singapore,Shopee SG,Korean ramen,Japanese Brand E,Kimchi Ramen - cup noodle,4,The flavor tastes authentic and reminds me of Korean restaurant food.,taste_authenticity_positive,synthetic_review_corpus
R01044,P0148,Singapore,Shopee SG,Korean ramen,Japanese Brand E,Kimchi Ramen - cup noodle,2,I wish there was a milder version because the spice level is too strong.,too_spicy,synthetic_review_corpus
R01045,P0148,Singapore,Shopee SG,Korean ramen,Japanese Brand E,Kimchi Ramen - cup noodle,3,I wish there was a milder version because the spice level is too strong.,too_spicy,synthetic_review_corpus
R01046,P0148,Singapore,Shopee SG,Korean ramen,Japanese Brand E,Kimchi Ramen - cup noodle,3,"I like it, but I would only buy again if there is a discount.",price_sensitivity,synthetic_review_corpus
R01047,P0148,Singapore,Shopee SG,Korean ramen,Japanese Brand E,Kimchi Ramen - cup noodle,4,I like that it saves time and still tastes good.,convenience_positive,synthetic_review_corpus
R01048,P0149,Singapore,Shopee SG,Korean ramen,Private Label W,Mild Ramen - single pack,4,The flavor tastes authentic and reminds me of Korean restaurant food.,taste_authenticity_positive,synthetic_review_corpus
R01049,P0149,Singapore,Shopee SG,Korean ramen,Private Label W,Mild Ramen - single pack,3,"I like it, but I would only buy again if there is a discount.",price_sensitivity,synthetic_review_corpus
R01050,P0149,Singapore,Shopee SG,Korean ramen,Private Label W,Mild Ramen - single pack,2,"Good flavor, but it feels a bit heavy for frequent consumption.",health_concern,synthetic_review_corpus
R01051,P0149,Singapore,Shopee SG,Korean ramen,Private Label W,Mild Ramen - single pack,2,"The product tastes nice, but the heat level may be difficult for beginners.",too_spicy,synthetic_review_corpus
R01052,P0149,Singapore,Shopee SG,Korean ramen,Private Label W,Mild Ramen - single pack,5,I like that it saves time and still tastes good.,convenience_positive,synthetic_review_corpus
R01053,P0149,Singapore,Shopee SG,Korean ramen,Private Label W,Mild Ramen - single pack,4,I would buy this more often if the halal certification was clearly shown.,halal_concern,synthetic_review_corpus
R01054,P0149,Singapore,Shopee SG,Korean ramen,Private Label W,Mild Ramen - single pack,3,"I like it, but I would only buy again if there is a discount.",price_sensitivity,synthetic_review_corpus
R01055,P0150,Singapore,FairPrice Online,Korean ramen,Korean Brand C,Mild Ramen - multi-pack,5,Easy to prepare and good for busy weekdays.,convenience_positive,synthetic_review_corpus
R01056,P0150,Singapore,FairPrice Online,Korean ramen,Korean Brand C,Mild Ramen - multi-pack,2,"The product tastes nice, but the heat level may be difficult for beginners.",too_spicy,synthetic_review_corpus
R01057,P0150,Singapore,FairPrice Online,Korean ramen,Korean Brand C,Mild Ramen - multi-pack,4,I like the rich seasoning and it feels close to real Korean-style food.,taste_authenticity_positive,synthetic_review_corpus
R01058,P0150,Singapore,FairPrice Online,Korean ramen,Korean Brand C,Mild Ramen - multi-pack,5,The flavor tastes authentic and reminds me of Korean restaurant food.,taste_authenticity_positive,synthetic_review_corpus
R01059,P0150,Singapore,FairPrice Online,Korean ramen,Korean Brand C,Mild Ramen - multi-pack,3,I wish there was a milder version because the spice level is too strong.,too_spicy,synthetic_review_corpus
R01060,P0151,Singapore,FairPrice Online,Korean ramen,Local Brand R,Kimchi Ramen - single pack,3,The label information could be clearer and easier to read.,packaging_issue,synthetic_review_corpus
R01061,P0151,Singapore,FairPrice Online,Korean ramen,Local Brand R,Kimchi Ramen - single pack,5,The flavor tastes authentic and reminds me of Korean restaurant food.,taste_authenticity_positive,synthetic_review_corpus
R01062,P0151,Singapore,FairPrice Online,Korean ramen,Local Brand R,Kimchi Ramen - single pack,4,I like the rich seasoning and it feels close to real Korean-style food.,taste_authenticity_positive,synthetic_review_corpus
R01063,P0151,Singapore,FairPrice Online,Korean ramen,Local Brand R,Kimchi Ramen - single pack,2,The packaging could be improved because it was slightly damaged when delivered.,packaging_issue,synthetic_review_corpus
R01064,P0151,Singapore,FairPrice Online,Korean ramen,Local Brand R,Kimchi Ramen - single pack,4,I like the rich seasoning and it feels close to real Korean-style food.,taste_authenticity_positive,synthetic_review_corpus
R01065,P0151,Singapore,FairPrice Online,Korean ramen,Local Brand R,Kimchi Ramen - single pack,3,I would buy this more often if the halal certification was clearly shown.,halal_concern,synthetic_review_corpus
R01066,P0152,Singapore,Shopee SG,Korean ramen,Korean Brand H,Cheese Ramen - multi-pack,2,The serving size could be larger for the price.,portion_size,synthetic_review_corpus
R01067,P0152,Singapore,Shopee SG,Korean ramen,Korean Brand H,Cheese Ramen - multi-pack,2,"Good flavor, but it feels a bit heavy for frequent consumption.",health_concern,synthetic_review_corpus
R01068,P0152,Singapore,Shopee SG,Korean ramen,Korean Brand H,Cheese Ramen - multi-pack,3,"Good flavor, but it feels a bit heavy for frequent consumption.",health_concern,synthetic_review_corpus
R01069,P0152,Singapore,Shopee SG,Korean ramen,Korean Brand H,Cheese Ramen - multi-pack,2,"The taste is nice, but I wish it had less sodium.",health_concern,synthetic_review_corpus
R01070,P0152,Singapore,Shopee SG,Korean ramen,Korean Brand H,Cheese Ramen - multi-pack,2,"The product is good, but the price feels quite high for the portion size.",price_sensitivity,synthetic_review_corpus
R01071,P0152,Singapore,Shopee SG,Korean ramen,Korean Brand H,Cheese Ramen - multi-pack,5,The taste is very satisfying and works well for a quick Korean meal at home.,taste_authenticity_positive,synthetic_review_corpus
R01072,P0152,Singapore,Shopee SG,Korean ramen,Korean Brand H,Cheese Ramen - multi-pack,5,The taste is very satisfying and works well for a quick Korean meal at home.,taste_authenticity_positive,synthetic_review_corpus
R01073,P0153,Singapore,FairPrice Online,Kimchi,Korean Brand Z,Fresh Kimchi - fresh pack,4,"The product is good, but the price feels quite high for the portion size.",price_sensitivity,synthetic_review_corpus
R01074,P0153,Singapore,FairPrice Online,Kimchi,Korean Brand Z,Fresh Kimchi - fresh pack,4,The flavor tastes authentic and reminds me of Korean restaurant food.,taste_authenticity_positive,synthetic_review_corpus
R01075,P0153,Singapore,FairPrice Online,Kimchi,Korean Brand Z,Fresh Kimchi - fresh pack,4,"The flavor is good, but it is too spicy for my family.",too_spicy,synthetic_review_corpus
R01076,P0153,Singapore,FairPrice Online,Kimchi,Korean Brand Z,Fresh Kimchi - fresh pack,2,"The taste is nice, but I wish it had less sodium.",health_concern,synthetic_review_corpus
R01077,P0153,Singapore,FairPrice Online,Kimchi,Korean Brand Z,Fresh Kimchi - fresh pack,4,"The taste is nice, but I wish it had less sodium.",health_concern,synthetic_review_corpus
R01078,P0153,Singapore,FairPrice Online,Kimchi,Korean Brand Z,Fresh Kimchi - fresh pack,5,I like the rich seasoning and it feels close to real Korean-style food.,taste_authenticity_positive,synthetic_review_corpus
R01079,P0153,Singapore,FairPrice Online,Kimchi,Korean Brand Z,Fresh Kimchi - fresh pack,4,"I like it, but I would only buy again if there is a discount.",price_sensitivity,synthetic_review_corpus
R01080,P0153,Singapore,FairPrice Online,Kimchi,Korean Brand Z,Fresh Kimchi - fresh pack,5,I like the rich seasoning and it feels close to real Korean-style food.,taste_authenticity_positive,synthetic_review_corpus
R01081,P0154,Singapore,FairPrice Online,Kimchi,Korean Brand L,Original Kimchi - pouch,4,Very convenient for a quick meal after work.,convenience_positive,synthetic_review_corpus
R01082,P0154,Singapore,FairPrice Online,Kimchi,Korean Brand L,Original Kimchi - pouch,3,The packaging could be improved because it was slightly damaged when delivered.,packaging_issue,synthetic_review_corpus
R01083,P0154,Singapore,FairPrice Online,Kimchi,Korean Brand L,Original Kimchi - pouch,2,"The product is good, but the price feels quite high for the portion size.",price_sensitivity,synthetic_review_corpus
R01084,P0154,Singapore,FairPrice Online,Kimchi,Korean Brand L,Original Kimchi - pouch,5,The taste is very satisfying and works well for a quick Korean meal at home.,taste_authenticity_positive,synthetic_review_corpus
R01085,P0154,Singapore,FairPrice Online,Kimchi,Korean Brand L,Original Kimchi - pouch,3,"Good flavor, but it feels a bit heavy for frequent consumption.",health_concern,synthetic_review_corpus
R01086,P0155,Singapore,FairPrice Online,Kimchi,Korean Brand U,Mild Kimchi - fresh pack,3,"The taste is fine, but it feels expensive compared with local alternatives.",price_sensitivity,synthetic_review_corpus
R01087,P0155,Singapore,FairPrice Online,Kimchi,Korean Brand U,Mild Kimchi - fresh pack,2,"Good flavor, but it feels a bit heavy for frequent consumption.",health_concern,synthetic_review_corpus
R01088,P0155,Singapore,FairPrice Online,Kimchi,Korean Brand U,Mild Kimchi - fresh pack,3,"The product is good, but the packaging does not feel very strong.",packaging_issue,synthetic_review_corpus
R01089,P0155,Singapore,FairPrice Online,Kimchi,Korean Brand U,Mild Kimchi - fresh pack,4,The flavor tastes authentic and reminds me of Korean restaurant food.,taste_authenticity_positive,synthetic_review_corpus
R01090,P0155,Singapore,FairPrice Online,Kimchi,Korean Brand U,Mild Kimchi - fresh pack,4,I would prefer a healthier version with cleaner ingredients.,health_concern,synthetic_review_corpus
R01091,P0155,Singapore,FairPrice Online,Kimchi,Korean Brand U,Mild Kimchi - fresh pack,4,"The taste is nice, but I wish it had less sodium.",health_concern,synthetic_review_corpus
R01092,P0155,Singapore,FairPrice Online,Kimchi,Korean Brand U,Mild Kimchi - fresh pack,5,I like the rich seasoning and it feels close to real Korean-style food.,taste_authenticity_positive,synthetic_review_corpus
R01093,P0155,Singapore,FairPrice Online,Kimchi,Korean Brand U,Mild Kimchi - fresh pack,3,The label information could be clearer and easier to read.,packaging_issue,synthetic_review_corpus
R01094,P0155,Singapore,FairPrice Online,Kimchi,Korean Brand U,Mild Kimchi - fresh pack,3,"I like it, but I would only buy again if there is a discount.",price_sensitivity,synthetic_review_corpus
R01095,P0156,Singapore,FairPrice Online,Kimchi,Local Brand T,Mild Kimchi - pouch,2,I wish there was a milder version because the spice level is too strong.,too_spicy,synthetic_review_corpus
R01096,P0156,Singapore,FairPrice Online,Kimchi,Local Brand T,Mild Kimchi - pouch,2,The packaging could be improved because it was slightly damaged when delivered.,packaging_issue,synthetic_review_corpus
R01097,P0156,Singapore,FairPrice Online,Kimchi,Local Brand T,Mild Kimchi - pouch,2,"The product tastes nice, but the heat level may be difficult for beginners.",too_spicy,synthetic_review_corpus
R01098,P0156,Singapore,FairPrice Online,Kimchi,Local Brand T,Mild Kimchi - pouch,5,I like the rich seasoning and it feels close to real Korean-style food.,taste_authenticity_positive,synthetic_review_corpus
R01099,P0156,Singapore,FairPrice Online,Kimchi,Local Brand T,Mild Kimchi - pouch,5,The flavor tastes authentic and reminds me of Korean restaurant food.,taste_authenticity_positive,synthetic_review_corpus
R01100,P0156,Singapore,FairPrice Online,Kimchi,Local Brand T,Mild Kimchi - pouch,5,The taste is very satisfying and works well for a quick Korean meal at home.,taste_authenticity_positive,synthetic_review_corpus
R01101,P0157,Singapore,Shopee SG,Kimchi,Premium Import Brand H,Mild Kimchi - fresh pack,3,The label information could be clearer and easier to read.,packaging_issue,synthetic_review_corpus
R01102,P0157,Singapore,Shopee SG,Kimchi,Premium Import Brand H,Mild Kimchi - fresh pack,5,Very convenient for a quick meal after work.,convenience_positive,synthetic_review_corpus
R01103,P0157,Singapore,Shopee SG,Kimchi,Premium Import Brand H,Mild Kimchi - fresh pack,3,The portion is smaller than expected.,portion_size,synthetic_review_corpus
R01104,P0157,Singapore,Shopee SG,Kimchi,Premium Import Brand H,Mild Kimchi - fresh pack,4,The flavor tastes authentic and reminds me of Korean restaurant food.,taste_authenticity_positive,synthetic_review_corpus
R01105,P0157,Singapore,Shopee SG,Kimchi,Premium Import Brand H,Mild Kimchi - fresh pack,3,"The taste is fine, but it feels expensive compared with local alternatives.",price_sensitivity,synthetic_review_corpus
R01106,P0157,Singapore,Shopee SG,Kimchi,Premium Import Brand H,Mild Kimchi - fresh pack,3,"The product is good, but the price feels quite high for the portion size.",price_sensitivity,synthetic_review_corpus
R01107,P0158,Singapore,FairPrice Online,Kimchi,Private Label Z,Mild Kimchi - pouch,4,"I like it, but I would only buy again if there is a discount.",price_sensitivity,synthetic_review_corpus
R01108,P0158,Singapore,FairPrice Online,Kimchi,Private Label Z,Mild Kimchi - pouch,4,The flavor tastes authentic and reminds me of Korean restaurant food.,taste_authenticity_positive,synthetic_review_corpus
R01109,P0158,Singapore,FairPrice Online,Kimchi,Private Label Z,Mild Kimchi - pouch,2,I wish there was a milder version because the spice level is too strong.,too_spicy,synthetic_review_corpus
R01110,P0158,Singapore,FairPrice Online,Kimchi,Private Label Z,Mild Kimchi - pouch,5,I like the rich seasoning and it feels close to real Korean-style food.,taste_authenticity_positive,synthetic_review_corpus
R01111,P0158,Singapore,FairPrice Online,Kimchi,Private Label Z,Mild Kimchi - pouch,4,I like the rich seasoning and it feels close to real Korean-style food.,taste_authenticity_positive,synthetic_review_corpus
R01112,P0159,Singapore,Shopee SG,Kimchi,Korean Brand E,Mild Kimchi - fresh pack,2,I wish there was a milder version because the spice level is too strong.,too_spicy,synthetic_review_corpus
R01113,P0159,Singapore,Shopee SG,Kimchi,Korean Brand E,Mild Kimchi - fresh pack,5,The flavor tastes authentic and reminds me of Korean restaurant food.,taste_authenticity_positive,synthetic_review_corpus
R01114,P0159,Singapore,Shopee SG,Kimchi,Korean Brand E,Mild Kimchi - fresh pack,5,The taste is very satisfying and works well for a quick Korean meal at home.,taste_authenticity_positive,synthetic_review_corpus
R01115,P0159,Singapore,Shopee SG,Kimchi,Korean Brand E,Mild Kimchi - fresh pack,5,I like the rich seasoning and it feels close to real Korean-style food.,taste_authenticity_positive,synthetic_review_corpus
R01116,P0160,Singapore,FairPrice Online,Kimchi,Korean Brand D,Mild Kimchi - pouch,4,The portion is smaller than expected.,portion_size,synthetic_review_corpus
R01117,P0160,Singapore,FairPrice Online,Kimchi,Korean Brand D,Mild Kimchi - pouch,3,"It tastes good, but one pack is not enough for a full meal.",portion_size,synthetic_review_corpus
R01118,P0160,Singapore,FairPrice Online,Kimchi,Korean Brand D,Mild Kimchi - pouch,4,The flavor tastes authentic and reminds me of Korean restaurant food.,taste_authenticity_positive,synthetic_review_corpus
R01119,P0160,Singapore,FairPrice Online,Kimchi,Korean Brand D,Mild Kimchi - pouch,4,I like the rich seasoning and it feels close to real Korean-style food.,taste_authenticity_positive,synthetic_review_corpus
R01120,P0160,Singapore,FairPrice Online,Kimchi,Korean Brand D,Mild Kimchi - pouch,5,I like that it saves time and still tastes good.,convenience_positive,synthetic_review_corpus
R01121,P0161,Singapore,FairPrice Online,Gochujang sauce,Local Brand E,Korean Chili Sauce - squeeze bottle,3,"It tastes good, but one pack is not enough for a full meal.",portion_size,synthetic_review_corpus
R01122,P0161,Singapore,FairPrice Online,Gochujang sauce,Local Brand E,Korean Chili Sauce - squeeze bottle,3,"The product tastes nice, but the heat level may be difficult for beginners.",too_spicy,synthetic_review_corpus
R01123,P0161,Singapore,FairPrice Online,Gochujang sauce,Local Brand E,Korean Chili Sauce - squeeze bottle,4,The taste is very satisfying and works well for a quick Korean meal at home.,taste_authenticity_positive,synthetic_review_corpus
R01124,P0161,Singapore,FairPrice Online,Gochujang sauce,Local Brand E,Korean Chili Sauce - squeeze bottle,5,The flavor tastes authentic and reminds me of Korean restaurant food.,taste_authenticity_positive,synthetic_review_corpus
R01125,P0162,Singapore,FairPrice Online,Gochujang sauce,Korean Brand L,Sweet Spicy Sauce - jar,2,"It tastes good, but one pack is not enough for a full meal.",portion_size,synthetic_review_corpus
R01126,P0162,Singapore,FairPrice Online,Gochujang sauce,Korean Brand L,Sweet Spicy Sauce - jar,3,I wish there was a milder version because the spice level is too strong.,too_spicy,synthetic_review_corpus
R01127,P0162,Singapore,FairPrice Online,Gochujang sauce,Korean Brand L,Sweet Spicy Sauce - jar,4,"The product tastes nice, but the heat level may be difficult for beginners.",too_spicy,synthetic_review_corpus
R01128,P0162,Singapore,FairPrice Online,Gochujang sauce,Korean Brand L,Sweet Spicy Sauce - jar,3,I wish there was a milder version because the spice level is too strong.,too_spicy,synthetic_review_corpus
R01129,P0162,Singapore,FairPrice Online,Gochujang sauce,Korean Brand L,Sweet Spicy Sauce - jar,3,"The flavor is good, but it is too spicy for my family.",too_spicy,synthetic_review_corpus
R01130,P0162,Singapore,FairPrice Online,Gochujang sauce,Korean Brand L,Sweet Spicy Sauce - jar,3,The serving size could be larger for the price.,portion_size,synthetic_review_corpus
R01131,P0162,Singapore,FairPrice Online,Gochujang sauce,Korean Brand L,Sweet Spicy Sauce - jar,4,The label information could be clearer and easier to read.,packaging_issue,synthetic_review_corpus
R01132,P0163,Singapore,Shopee SG,Gochujang sauce,Japanese Brand T,Korean Chili Sauce - squeeze bottle,4,The packaging could be improved because it was slightly damaged when delivered.,packaging_issue,synthetic_review_corpus
R01133,P0163,Singapore,Shopee SG,Gochujang sauce,Japanese Brand T,Korean Chili Sauce - squeeze bottle,3,"The taste is nice, but I wish it had less sodium.",health_concern,synthetic_review_corpus
R01134,P0163,Singapore,Shopee SG,Gochujang sauce,Japanese Brand T,Korean Chili Sauce - squeeze bottle,4,"The flavor is good, but it is too spicy for my family.",too_spicy,synthetic_review_corpus
R01135,P0163,Singapore,Shopee SG,Gochujang sauce,Japanese Brand T,Korean Chili Sauce - squeeze bottle,4,I like the rich seasoning and it feels close to real Korean-style food.,taste_authenticity_positive,synthetic_review_corpus
R01136,P0163,Singapore,Shopee SG,Gochujang sauce,Japanese Brand T,Korean Chili Sauce - squeeze bottle,3,"The taste is nice, but I wish it had less sodium.",health_concern,synthetic_review_corpus
R01137,P0163,Singapore,Shopee SG,Gochujang sauce,Japanese Brand T,Korean Chili Sauce - squeeze bottle,4,The flavor tastes authentic and reminds me of Korean restaurant food.,taste_authenticity_positive,synthetic_review_corpus
R01138,P0163,Singapore,Shopee SG,Gochujang sauce,Japanese Brand T,Korean Chili Sauce - squeeze bottle,5,I like that it saves time and still tastes good.,convenience_positive,synthetic_review_corpus
R01139,P0163,Singapore,Shopee SG,Gochujang sauce,Japanese Brand T,Korean Chili Sauce - squeeze bottle,2,"The product is good, but the packaging does not feel very strong.",packaging_issue,synthetic_review_corpus
R01140,P0163,Singapore,Shopee SG,Gochujang sauce,Japanese Brand T,Korean Chili Sauce - squeeze bottle,4,Clear halal labeling would make me more confident to purchase.,halal_concern,synthetic_review_corpus
R01141,P0163,Singapore,Shopee SG,Gochujang sauce,Japanese Brand T,Korean Chili Sauce - squeeze bottle,3,"The product tastes nice, but the heat level may be difficult for beginners.",too_spicy,synthetic_review_corpus
R01142,P0164,Singapore,Shopee SG,Gochujang sauce,Local Brand T,Gochujang Sauce - jar,4,The packaging could be improved because it was slightly damaged when delivered.,packaging_issue,synthetic_review_corpus
R01143,P0164,Singapore,Shopee SG,Gochujang sauce,Local Brand T,Gochujang Sauce - jar,5,I like the rich seasoning and it feels close to real Korean-style food.,taste_authenticity_positive,synthetic_review_corpus
R01144,P0164,Singapore,Shopee SG,Gochujang sauce,Local Brand T,Gochujang Sauce - jar,4,"The flavor is good, but it is too spicy for my family.",too_spicy,synthetic_review_corpus
R01145,P0164,Singapore,Shopee SG,Gochujang sauce,Local Brand T,Gochujang Sauce - jar,4,The taste is very satisfying and works well for a quick Korean meal at home.,taste_authenticity_positive,synthetic_review_corpus
R01146,P0164,Singapore,Shopee SG,Gochujang sauce,Local Brand T,Gochujang Sauce - jar,2,I wish there was a milder version because the spice level is too strong.,too_spicy,synthetic_review_corpus
R01147,P0164,Singapore,Shopee SG,Gochujang sauce,Local Brand T,Gochujang Sauce - jar,5,The taste is very satisfying and works well for a quick Korean meal at home.,taste_authenticity_positive,synthetic_review_corpus
R01148,P0164,Singapore,Shopee SG,Gochujang sauce,Local Brand T,Gochujang Sauce - jar,3,"The product tastes nice, but the heat level may be difficult for beginners.",too_spicy,synthetic_review_corpus
R01149,P0164,Singapore,Shopee SG,Gochujang sauce,Local Brand T,Gochujang Sauce - jar,3,"The product looks good, but I could not find clear halal information.",halal_concern,synthetic_review_corpus
R01150,P0164,Singapore,Shopee SG,Gochujang sauce,Local Brand T,Gochujang Sauce - jar,4,The flavor tastes authentic and reminds me of Korean restaurant food.,taste_authenticity_positive,synthetic_review_corpus
R01151,P0164,Singapore,Shopee SG,Gochujang sauce,Local Brand T,Gochujang Sauce - jar,3,"The flavor is good, but it is too spicy for my family.",too_spicy,synthetic_review_corpus
R01152,P0165,Singapore,FairPrice Online,Gochujang sauce,Korean Brand H,Sweet Spicy Sauce - jar,3,"The product tastes nice, but the heat level may be difficult for beginners.",too_spicy,synthetic_review_corpus
R01153,P0165,Singapore,FairPrice Online,Gochujang sauce,Korean Brand H,Sweet Spicy Sauce - jar,5,The flavor tastes authentic and reminds me of Korean restaurant food.,taste_authenticity_positive,synthetic_review_corpus
R01154,P0165,Singapore,FairPrice Online,Gochujang sauce,Korean Brand H,Sweet Spicy Sauce - jar,3,I would prefer a healthier version with cleaner ingredients.,health_concern,synthetic_review_corpus
R01155,P0165,Singapore,FairPrice Online,Gochujang sauce,Korean Brand H,Sweet Spicy Sauce - jar,4,"The product looks good, but I could not find clear halal information.",halal_concern,synthetic_review_corpus
R01156,P0165,Singapore,FairPrice Online,Gochujang sauce,Korean Brand H,Sweet Spicy Sauce - jar,4,Very convenient for a quick meal after work.,convenience_positive,synthetic_review_corpus
R01157,P0165,Singapore,FairPrice Online,Gochujang sauce,Korean Brand H,Sweet Spicy Sauce - jar,3,"The taste is nice, but I wish it had less sodium.",health_concern,synthetic_review_corpus
R01158,P0165,Singapore,FairPrice Online,Gochujang sauce,Korean Brand H,Sweet Spicy Sauce - jar,2,"The product tastes nice, but the heat level may be difficult for beginners.",too_spicy,synthetic_review_corpus
R01159,P0165,Singapore,FairPrice Online,Gochujang sauce,Korean Brand H,Sweet Spicy Sauce - jar,2,"I like it, but I would only buy again if there is a discount.",price_sensitivity,synthetic_review_corpus
R01160,P0165,Singapore,FairPrice Online,Gochujang sauce,Korean Brand H,Sweet Spicy Sauce - jar,4,The flavor tastes authentic and reminds me of Korean restaurant food.,taste_authenticity_positive,synthetic_review_corpus
R01161,P0166,Singapore,FairPrice Online,Gochujang sauce,Local Brand Y,Gochujang Sauce - squeeze bottle,3,"The product is good, but the price feels quite high for the portion size.",price_sensitivity,synthetic_review_corpus
R01162,P0166,Singapore,FairPrice Online,Gochujang sauce,Local Brand Y,Gochujang Sauce - squeeze bottle,4,"The taste is nice, but I wish it had less sodium.",health_concern,synthetic_review_corpus
R01163,P0166,Singapore,FairPrice Online,Gochujang sauce,Local Brand Y,Gochujang Sauce - squeeze bottle,3,Clear halal labeling would make me more confident to purchase.,halal_concern,synthetic_review_corpus
R01164,P0166,Singapore,FairPrice Online,Gochujang sauce,Local Brand Y,Gochujang Sauce - squeeze bottle,2,I would prefer a healthier version with cleaner ingredients.,health_concern,synthetic_review_corpus
R01165,P0166,Singapore,FairPrice Online,Gochujang sauce,Local Brand Y,Gochujang Sauce - squeeze bottle,4,I like that it saves time and still tastes good.,convenience_positive,synthetic_review_corpus
R01166,P0166,Singapore,FairPrice Online,Gochujang sauce,Local Brand Y,Gochujang Sauce - squeeze bottle,5,I like the rich seasoning and it feels close to real Korean-style food.,taste_authenticity_positive,synthetic_review_corpus
R01167,P0166,Singapore,FairPrice Online,Gochujang sauce,Local Brand Y,Gochujang Sauce - squeeze bottle,4,I like the rich seasoning and it feels close to real Korean-style food.,taste_authenticity_positive,synthetic_review_corpus
R01168,P0167,Singapore,Shopee SG,Gochujang sauce,Korean Brand B,Korean Chili Sauce - tube,4,"The product tastes nice, but the heat level may be difficult for beginners.",too_spicy,synthetic_review_corpus
R01169,P0167,Singapore,Shopee SG,Gochujang sauce,Korean Brand B,Korean Chili Sauce - tube,4,Very convenient for a quick meal after work.,convenience_positive,synthetic_review_corpus
R01170,P0167,Singapore,Shopee SG,Gochujang sauce,Korean Brand B,Korean Chili Sauce - tube,3,"Good flavor, but it feels a bit heavy for frequent consumption.",health_concern,synthetic_review_corpus
R01171,P0167,Singapore,Shopee SG,Gochujang sauce,Korean Brand B,Korean Chili Sauce - tube,4,The packaging could be improved because it was slightly damaged when delivered.,packaging_issue,synthetic_review_corpus
R01172,P0167,Singapore,Shopee SG,Gochujang sauce,Korean Brand B,Korean Chili Sauce - tube,5,I like that it saves time and still tastes good.,convenience_positive,synthetic_review_corpus
R01173,P0167,Singapore,Shopee SG,Gochujang sauce,Korean Brand B,Korean Chili Sauce - tube,4,"The flavor is good, but it is too spicy for my family.",too_spicy,synthetic_review_corpus
R01174,P0167,Singapore,Shopee SG,Gochujang sauce,Korean Brand B,Korean Chili Sauce - tube,5,The taste is very satisfying and works well for a quick Korean meal at home.,taste_authenticity_positive,synthetic_review_corpus
R01175,P0167,Singapore,Shopee SG,Gochujang sauce,Korean Brand B,Korean Chili Sauce - tube,3,"The product looks good, but I could not find clear halal information.",halal_concern,synthetic_review_corpus
R01176,P0167,Singapore,Shopee SG,Gochujang sauce,Korean Brand B,Korean Chili Sauce - tube,4,"The flavor is good, but it is too spicy for my family.",too_spicy,synthetic_review_corpus
R01177,P0168,Singapore,FairPrice Online,Gochujang sauce,Korean Brand H,Sweet Spicy Sauce - tube,4,"The product tastes nice, but the heat level may be difficult for beginners.",too_spicy,synthetic_review_corpus
R01178,P0168,Singapore,FairPrice Online,Gochujang sauce,Korean Brand H,Sweet Spicy Sauce - tube,2,"Good flavor, but it feels a bit heavy for frequent consumption.",health_concern,synthetic_review_corpus
R01179,P0168,Singapore,FairPrice Online,Gochujang sauce,Korean Brand H,Sweet Spicy Sauce - tube,4,The flavor tastes authentic and reminds me of Korean restaurant food.,taste_authenticity_positive,synthetic_review_corpus
R01180,P0168,Singapore,FairPrice Online,Gochujang sauce,Korean Brand H,Sweet Spicy Sauce - tube,5,Easy to prepare and good for busy weekdays.,convenience_positive,synthetic_review_corpus
R01181,P0168,Singapore,FairPrice Online,Gochujang sauce,Korean Brand H,Sweet Spicy Sauce - tube,3,The label information could be clearer and easier to read.,packaging_issue,synthetic_review_corpus
R01182,P0168,Singapore,FairPrice Online,Gochujang sauce,Korean Brand H,Sweet Spicy Sauce - tube,3,The portion is smaller than expected.,portion_size,synthetic_review_corpus
R01183,P0168,Singapore,FairPrice Online,Gochujang sauce,Korean Brand H,Sweet Spicy Sauce - tube,4,"The product is good, but the price feels quite high for the portion size.",price_sensitivity,synthetic_review_corpus
R01184,P0168,Singapore,FairPrice Online,Gochujang sauce,Korean Brand H,Sweet Spicy Sauce - tube,4,I would prefer a healthier version with cleaner ingredients.,health_concern,synthetic_review_corpus
R01185,P0168,Singapore,FairPrice Online,Gochujang sauce,Korean Brand H,Sweet Spicy Sauce - tube,3,I would prefer a healthier version with cleaner ingredients.,health_concern,synthetic_review_corpus
R01186,P0169,Singapore,Shopee SG,Frozen mandu,Local Brand F,Pork Mandu - frozen bag,3,"The product is good, but the packaging does not feel very strong.",packaging_issue,synthetic_review_corpus
R01187,P0169,Singapore,Shopee SG,Frozen mandu,Local Brand F,Pork Mandu - frozen bag,4,"I like it, but I would only buy again if there is a discount.",price_sensitivity,synthetic_review_corpus
R01188,P0169,Singapore,Shopee SG,Frozen mandu,Local Brand F,Pork Mandu - frozen bag,2,Clear halal labeling would make me more confident to purchase.,halal_concern,synthetic_review_corpus
R01189,P0169,Singapore,Shopee SG,Frozen mandu,Local Brand F,Pork Mandu - frozen bag,4,"The taste is fine, but it feels expensive compared with local alternatives.",price_sensitivity,synthetic_review_corpus
R01190,P0169,Singapore,Shopee SG,Frozen mandu,Local Brand F,Pork Mandu - frozen bag,5,I like the rich seasoning and it feels close to real Korean-style food.,taste_authenticity_positive,synthetic_review_corpus
R01191,P0169,Singapore,Shopee SG,Frozen mandu,Local Brand F,Pork Mandu - frozen bag,3,"The product is good, but the packaging does not feel very strong.",packaging_issue,synthetic_review_corpus
R01192,P0169,Singapore,Shopee SG,Frozen mandu,Local Brand F,Pork Mandu - frozen bag,2,I wish there was a milder version because the spice level is too strong.,too_spicy,synthetic_review_corpus
R01193,P0169,Singapore,Shopee SG,Frozen mandu,Local Brand F,Pork Mandu - frozen bag,4,Easy to prepare and good for busy weekdays.,convenience_positive,synthetic_review_corpus
R01194,P0169,Singapore,Shopee SG,Frozen mandu,Local Brand F,Pork Mandu - frozen bag,3,I would buy this more often if the halal certification was clearly shown.,halal_concern,synthetic_review_corpus
R01195,P0170,Singapore,Shopee SG,Frozen mandu,Local Brand E,Chicken Mandu - value pack,4,Very convenient for a quick meal after work.,convenience_positive,synthetic_review_corpus
R01196,P0170,Singapore,Shopee SG,Frozen mandu,Local Brand E,Chicken Mandu - value pack,4,The flavor tastes authentic and reminds me of Korean restaurant food.,taste_authenticity_positive,synthetic_review_corpus
R01197,P0170,Singapore,Shopee SG,Frozen mandu,Local Brand E,Chicken Mandu - value pack,2,The portion is smaller than expected.,portion_size,synthetic_review_corpus
R01198,P0170,Singapore,Shopee SG,Frozen mandu,Local Brand E,Chicken Mandu - value pack,5,The taste is very satisfying and works well for a quick Korean meal at home.,taste_authenticity_positive,synthetic_review_corpus
R01199,P0170,Singapore,Shopee SG,Frozen mandu,Local Brand E,Chicken Mandu - value pack,4,The flavor tastes authentic and reminds me of Korean restaurant food.,taste_authenticity_positive,synthetic_review_corpus
R01200,P0170,Singapore,Shopee SG,Frozen mandu,Local Brand E,Chicken Mandu - value pack,2,"The product is good, but the price feels quite high for the portion size.",price_sensitivity,synthetic_review_corpus
R01201,P0170,Singapore,Shopee SG,Frozen mandu,Local Brand E,Chicken Mandu - value pack,3,"The product is good, but the price feels quite high for the portion size.",price_sensitivity,synthetic_review_corpus
R01202,P0170,Singapore,Shopee SG,Frozen mandu,Local Brand E,Chicken Mandu - value pack,4,"The product is good, but the price feels quite high for the portion size.",price_sensitivity,synthetic_review_corpus
R01203,P0170,Singapore,Shopee SG,Frozen mandu,Local Brand E,Chicken Mandu - value pack,3,"It tastes good, but one pack is not enough for a full meal.",portion_size,synthetic_review_corpus
R01204,P0171,Singapore,Shopee SG,Frozen mandu,Local Brand A,Kimchi Mandu - value pack,2,"The product looks good, but I could not find clear halal information.",halal_concern,synthetic_review_corpus
R01205,P0171,Singapore,Shopee SG,Frozen mandu,Local Brand A,Kimchi Mandu - value pack,3,"The product looks good, but I could not find clear halal information.",halal_concern,synthetic_review_corpus
R01206,P0171,Singapore,Shopee SG,Frozen mandu,Local Brand A,Kimchi Mandu - value pack,3,"I like it, but I would only buy again if there is a discount.",price_sensitivity,synthetic_review_corpus
R01207,P0171,Singapore,Shopee SG,Frozen mandu,Local Brand A,Kimchi Mandu - value pack,4,"The flavor is good, but it is too spicy for my family.",too_spicy,synthetic_review_corpus
R01208,P0171,Singapore,Shopee SG,Frozen mandu,Local Brand A,Kimchi Mandu - value pack,3,The serving size could be larger for the price.,portion_size,synthetic_review_corpus
R01209,P0171,Singapore,Shopee SG,Frozen mandu,Local Brand A,Kimchi Mandu - value pack,4,"It tastes good, but one pack is not enough for a full meal.",portion_size,synthetic_review_corpus
R01210,P0171,Singapore,Shopee SG,Frozen mandu,Local Brand A,Kimchi Mandu - value pack,4,"The product is good, but the price feels quite high for the portion size.",price_sensitivity,synthetic_review_corpus
R01211,P0171,Singapore,Shopee SG,Frozen mandu,Local Brand A,Kimchi Mandu - value pack,2,"I like it, but I would only buy again if there is a discount.",price_sensitivity,synthetic_review_corpus
R01212,P0172,Singapore,Shopee SG,Frozen mandu,Japanese Brand M,Vegetable Mandu - family pack,2,"I like it, but I would only buy again if there is a discount.",price_sensitivity,synthetic_review_corpus
R01213,P0172,Singapore,Shopee SG,Frozen mandu,Japanese Brand M,Vegetable Mandu - family pack,5,I like the rich seasoning and it feels close to real Korean-style food.,taste_authenticity_positive,synthetic_review_corpus
R01214,P0172,Singapore,Shopee SG,Frozen mandu,Japanese Brand M,Vegetable Mandu - family pack,3,"The product looks good, but I could not find clear halal information.",halal_concern,synthetic_review_corpus
R01215,P0172,Singapore,Shopee SG,Frozen mandu,Japanese Brand M,Vegetable Mandu - family pack,4,The flavor tastes authentic and reminds me of Korean restaurant food.,taste_authenticity_positive,synthetic_review_corpus
R01216,P0173,Singapore,Shopee SG,Frozen mandu,Japanese Brand G,Kimchi Mandu - family pack,5,Very convenient for a quick meal after work.,convenience_positive,synthetic_review_corpus
R01217,P0173,Singapore,Shopee SG,Frozen mandu,Japanese Brand G,Kimchi Mandu - family pack,5,The flavor tastes authentic and reminds me of Korean restaurant food.,taste_authenticity_positive,synthetic_review_corpus
R01218,P0173,Singapore,Shopee SG,Frozen mandu,Japanese Brand G,Kimchi Mandu - family pack,2,"The product tastes nice, but the heat level may be difficult for beginners.",too_spicy,synthetic_review_corpus
R01219,P0173,Singapore,Shopee SG,Frozen mandu,Japanese Brand G,Kimchi Mandu - family pack,5,I like the rich seasoning and it feels close to real Korean-style food.,taste_authenticity_positive,synthetic_review_corpus
R01220,P0173,Singapore,Shopee SG,Frozen mandu,Japanese Brand G,Kimchi Mandu - family pack,2,Clear halal labeling would make me more confident to purchase.,halal_concern,synthetic_review_corpus
R01221,P0173,Singapore,Shopee SG,Frozen mandu,Japanese Brand G,Kimchi Mandu - family pack,4,Clear halal labeling would make me more confident to purchase.,halal_concern,synthetic_review_corpus
R01222,P0173,Singapore,Shopee SG,Frozen mandu,Japanese Brand G,Kimchi Mandu - family pack,4,The taste is very satisfying and works well for a quick Korean meal at home.,taste_authenticity_positive,synthetic_review_corpus
R01223,P0173,Singapore,Shopee SG,Frozen mandu,Japanese Brand G,Kimchi Mandu - family pack,3,I would buy this more often if the halal certification was clearly shown.,halal_concern,synthetic_review_corpus
R01224,P0173,Singapore,Shopee SG,Frozen mandu,Japanese Brand G,Kimchi Mandu - family pack,2,The packaging could be improved because it was slightly damaged when delivered.,packaging_issue,synthetic_review_corpus
R01225,P0174,Singapore,Shopee SG,Frozen mandu,Korean Brand U,Vegetable Mandu - family pack,3,"I like it, but I would only buy again if there is a discount.",price_sensitivity,synthetic_review_corpus
R01226,P0174,Singapore,Shopee SG,Frozen mandu,Korean Brand U,Vegetable Mandu - family pack,3,The packaging could be improved because it was slightly damaged when delivered.,packaging_issue,synthetic_review_corpus
R01227,P0174,Singapore,Shopee SG,Frozen mandu,Korean Brand U,Vegetable Mandu - family pack,5,Very convenient for a quick meal after work.,convenience_positive,synthetic_review_corpus
R01228,P0174,Singapore,Shopee SG,Frozen mandu,Korean Brand U,Vegetable Mandu - family pack,5,The taste is very satisfying and works well for a quick Korean meal at home.,taste_authenticity_positive,synthetic_review_corpus
R01229,P0174,Singapore,Shopee SG,Frozen mandu,Korean Brand U,Vegetable Mandu - family pack,4,"The product is good, but the price feels quite high for the portion size.",price_sensitivity,synthetic_review_corpus
R01230,P0174,Singapore,Shopee SG,Frozen mandu,Korean Brand U,Vegetable Mandu - family pack,4,"It tastes good, but one pack is not enough for a full meal.",portion_size,synthetic_review_corpus
R01231,P0174,Singapore,Shopee SG,Frozen mandu,Korean Brand U,Vegetable Mandu - family pack,2,"The product looks good, but I could not find clear halal information.",halal_concern,synthetic_review_corpus
R01232,P0174,Singapore,Shopee SG,Frozen mandu,Korean Brand U,Vegetable Mandu - family pack,4,The serving size could be larger for the price.,portion_size,synthetic_review_corpus
R01233,P0174,Singapore,Shopee SG,Frozen mandu,Korean Brand U,Vegetable Mandu - family pack,4,Very convenient for a quick meal after work.,convenience_positive,synthetic_review_corpus
R01234,P0175,Singapore,Shopee SG,Frozen mandu,Korean Brand J,Pork Mandu - family pack,4,The serving size could be larger for the price.,portion_size,synthetic_review_corpus
R01235,P0175,Singapore,Shopee SG,Frozen mandu,Korean Brand J,Pork Mandu - family pack,4,"I like it, but I would only buy again if there is a discount.",price_sensitivity,synthetic_review_corpus
R01236,P0175,Singapore,Shopee SG,Frozen mandu,Korean Brand J,Pork Mandu - family pack,4,I like the rich seasoning and it feels close to real Korean-style food.,taste_authenticity_positive,synthetic_review_corpus
R01237,P0175,Singapore,Shopee SG,Frozen mandu,Korean Brand J,Pork Mandu - family pack,4,Very convenient for a quick meal after work.,convenience_positive,synthetic_review_corpus
R01238,P0175,Singapore,Shopee SG,Frozen mandu,Korean Brand J,Pork Mandu - family pack,4,"The taste is nice, but I wish it had less sodium.",health_concern,synthetic_review_corpus
R01239,P0175,Singapore,Shopee SG,Frozen mandu,Korean Brand J,Pork Mandu - family pack,5,I like the rich seasoning and it feels close to real Korean-style food.,taste_authenticity_positive,synthetic_review_corpus
R01240,P0175,Singapore,Shopee SG,Frozen mandu,Korean Brand J,Pork Mandu - family pack,5,I like the rich seasoning and it feels close to real Korean-style food.,taste_authenticity_positive,synthetic_review_corpus
R01241,P0175,Singapore,Shopee SG,Frozen mandu,Korean Brand J,Pork Mandu - family pack,4,The taste is very satisfying and works well for a quick Korean meal at home.,taste_authenticity_positive,synthetic_review_corpus
R01242,P0176,Singapore,FairPrice Online,Frozen mandu,Premium Import Brand H,Vegetable Mandu - family pack,4,"The taste is fine, but it feels expensive compared with local alternatives.",price_sensitivity,synthetic_review_corpus
R01243,P0176,Singapore,FairPrice Online,Frozen mandu,Premium Import Brand H,Vegetable Mandu - family pack,5,I like that it saves time and still tastes good.,convenience_positive,synthetic_review_corpus
R01244,P0176,Singapore,FairPrice Online,Frozen mandu,Premium Import Brand H,Vegetable Mandu - family pack,2,"The product is good, but the price feels quite high for the portion size.",price_sensitivity,synthetic_review_corpus
R01245,P0176,Singapore,FairPrice Online,Frozen mandu,Premium Import Brand H,Vegetable Mandu - family pack,4,Very convenient for a quick meal after work.,convenience_positive,synthetic_review_corpus
R01246,P0176,Singapore,FairPrice Online,Frozen mandu,Premium Import Brand H,Vegetable Mandu - family pack,3,I wish there was a milder version because the spice level is too strong.,too_spicy,synthetic_review_corpus
R01247,P0176,Singapore,FairPrice Online,Frozen mandu,Premium Import Brand H,Vegetable Mandu - family pack,2,"The product is good, but the price feels quite high for the portion size.",price_sensitivity,synthetic_review_corpus
R01248,P0176,Singapore,FairPrice Online,Frozen mandu,Premium Import Brand H,Vegetable Mandu - family pack,2,I would buy this more often if the halal certification was clearly shown.,halal_concern,synthetic_review_corpus
R01249,P0176,Singapore,FairPrice Online,Frozen mandu,Premium Import Brand H,Vegetable Mandu - family pack,2,The packaging could be improved because it was slightly damaged when delivered.,packaging_issue,synthetic_review_corpus
R01250,P0176,Singapore,FairPrice Online,Frozen mandu,Premium Import Brand H,Vegetable Mandu - family pack,5,The flavor tastes authentic and reminds me of Korean restaurant food.,taste_authenticity_positive,synthetic_review_corpus
R01251,P0177,Singapore,FairPrice Online,Ready meal,Local Brand Z,Tteokbokki Meal - frozen tray,5,The flavor tastes authentic and reminds me of Korean restaurant food.,taste_authenticity_positive,synthetic_review_corpus
R01252,P0177,Singapore,FairPrice Online,Ready meal,Local Brand Z,Tteokbokki Meal - frozen tray,4,The flavor tastes authentic and reminds me of Korean restaurant food.,taste_authenticity_positive,synthetic_review_corpus
R01253,P0177,Singapore,FairPrice Online,Ready meal,Local Brand Z,Tteokbokki Meal - frozen tray,3,The portion is smaller than expected.,portion_size,synthetic_review_corpus
R01254,P0177,Singapore,FairPrice Online,Ready meal,Local Brand Z,Tteokbokki Meal - frozen tray,5,The flavor tastes authentic and reminds me of Korean restaurant food.,taste_authenticity_positive,synthetic_review_corpus
R01255,P0177,Singapore,FairPrice Online,Ready meal,Local Brand Z,Tteokbokki Meal - frozen tray,2,"It tastes good, but one pack is not enough for a full meal.",portion_size,synthetic_review_corpus
R01256,P0177,Singapore,FairPrice Online,Ready meal,Local Brand Z,Tteokbokki Meal - frozen tray,5,I like the rich seasoning and it feels close to real Korean-style food.,taste_authenticity_positive,synthetic_review_corpus
R01257,P0177,Singapore,FairPrice Online,Ready meal,Local Brand Z,Tteokbokki Meal - frozen tray,2,The serving size could be larger for the price.,portion_size,synthetic_review_corpus
R01258,P0177,Singapore,FairPrice Online,Ready meal,Local Brand Z,Tteokbokki Meal - frozen tray,5,I like that it saves time and still tastes good.,convenience_positive,synthetic_review_corpus
R01259,P0178,Singapore,FairPrice Online,Ready meal,Premium Import Brand Q,Bibimbap Bowl - meal kit,3,"The product tastes nice, but the heat level may be difficult for beginners.",too_spicy,synthetic_review_corpus
R01260,P0178,Singapore,FairPrice Online,Ready meal,Premium Import Brand Q,Bibimbap Bowl - meal kit,3,"The product is good, but the price feels quite high for the portion size.",price_sensitivity,synthetic_review_corpus
R01261,P0178,Singapore,FairPrice Online,Ready meal,Premium Import Brand Q,Bibimbap Bowl - meal kit,2,The serving size could be larger for the price.,portion_size,synthetic_review_corpus
R01262,P0178,Singapore,FairPrice Online,Ready meal,Premium Import Brand Q,Bibimbap Bowl - meal kit,2,Clear halal labeling would make me more confident to purchase.,halal_concern,synthetic_review_corpus
R01263,P0178,Singapore,FairPrice Online,Ready meal,Premium Import Brand Q,Bibimbap Bowl - meal kit,3,"I like it, but I would only buy again if there is a discount.",price_sensitivity,synthetic_review_corpus
R01264,P0178,Singapore,FairPrice Online,Ready meal,Premium Import Brand Q,Bibimbap Bowl - meal kit,5,Very convenient for a quick meal after work.,convenience_positive,synthetic_review_corpus
R01265,P0178,Singapore,FairPrice Online,Ready meal,Premium Import Brand Q,Bibimbap Bowl - meal kit,2,I would buy this more often if the halal certification was clearly shown.,halal_concern,synthetic_review_corpus
R01266,P0178,Singapore,FairPrice Online,Ready meal,Premium Import Brand Q,Bibimbap Bowl - meal kit,2,The portion is smaller than expected.,portion_size,synthetic_review_corpus
R01267,P0179,Singapore,Shopee SG,Ready meal,Japanese Brand L,Bulgogi Meal - meal kit,2,"The flavor is good, but it is too spicy for my family.",too_spicy,synthetic_review_corpus
R01268,P0179,Singapore,Shopee SG,Ready meal,Japanese Brand L,Bulgogi Meal - meal kit,2,"Good flavor, but it feels a bit heavy for frequent consumption.",health_concern,synthetic_review_corpus
R01269,P0179,Singapore,Shopee SG,Ready meal,Japanese Brand L,Bulgogi Meal - meal kit,4,I wish there was a milder version because the spice level is too strong.,too_spicy,synthetic_review_corpus
R01270,P0179,Singapore,Shopee SG,Ready meal,Japanese Brand L,Bulgogi Meal - meal kit,3,I would buy this more often if the halal certification was clearly shown.,halal_concern,synthetic_review_corpus
R01271,P0179,Singapore,Shopee SG,Ready meal,Japanese Brand L,Bulgogi Meal - meal kit,4,Very convenient for a quick meal after work.,convenience_positive,synthetic_review_corpus
R01272,P0180,Singapore,FairPrice Online,Ready meal,Korean Brand S,Korean Rice Bowl - meal kit,5,I like the rich seasoning and it feels close to real Korean-style food.,taste_authenticity_positive,synthetic_review_corpus
R01273,P0180,Singapore,FairPrice Online,Ready meal,Korean Brand S,Korean Rice Bowl - meal kit,5,The flavor tastes authentic and reminds me of Korean restaurant food.,taste_authenticity_positive,synthetic_review_corpus
R01274,P0180,Singapore,FairPrice Online,Ready meal,Korean Brand S,Korean Rice Bowl - meal kit,4,"The product is good, but the price feels quite high for the portion size.",price_sensitivity,synthetic_review_corpus
R01275,P0180,Singapore,FairPrice Online,Ready meal,Korean Brand S,Korean Rice Bowl - meal kit,3,"I like it, but I would only buy again if there is a discount.",price_sensitivity,synthetic_review_corpus
R01276,P0180,Singapore,FairPrice Online,Ready meal,Korean Brand S,Korean Rice Bowl - meal kit,4,The flavor tastes authentic and reminds me of Korean restaurant food.,taste_authenticity_positive,synthetic_review_corpus
R01277,P0180,Singapore,FairPrice Online,Ready meal,Korean Brand S,Korean Rice Bowl - meal kit,5,Very convenient for a quick meal after work.,convenience_positive,synthetic_review_corpus
R01278,P0180,Singapore,FairPrice Online,Ready meal,Korean Brand S,Korean Rice Bowl - meal kit,5,I like that it saves time and still tastes good.,convenience_positive,synthetic_review_corpus
R01279,P0180,Singapore,FairPrice Online,Ready meal,Korean Brand S,Korean Rice Bowl - meal kit,4,Easy to prepare and good for busy weekdays.,convenience_positive,synthetic_review_corpus
R01280,P0181,Singapore,FairPrice Online,Ready meal,Korean Brand K,Korean Rice Bowl - meal kit,3,The label information could be clearer and easier to read.,packaging_issue,synthetic_review_corpus
R01281,P0181,Singapore,FairPrice Online,Ready meal,Korean Brand K,Korean Rice Bowl - meal kit,5,Easy to prepare and good for busy weekdays.,convenience_positive,synthetic_review_corpus
R01282,P0181,Singapore,FairPrice Online,Ready meal,Korean Brand K,Korean Rice Bowl - meal kit,5,Easy to prepare and good for busy weekdays.,convenience_positive,synthetic_review_corpus
R01283,P0181,Singapore,FairPrice Online,Ready meal,Korean Brand K,Korean Rice Bowl - meal kit,2,The packaging could be improved because it was slightly damaged when delivered.,packaging_issue,synthetic_review_corpus
R01284,P0182,Singapore,FairPrice Online,Ready meal,Local Brand X,Bulgogi Meal - microwave bowl,4,I like the rich seasoning and it feels close to real Korean-style food.,taste_authenticity_positive,synthetic_review_corpus
R01285,P0182,Singapore,FairPrice Online,Ready meal,Local Brand X,Bulgogi Meal - microwave bowl,3,"The product tastes nice, but the heat level may be difficult for beginners.",too_spicy,synthetic_review_corpus
R01286,P0182,Singapore,FairPrice Online,Ready meal,Local Brand X,Bulgogi Meal - microwave bowl,3,"The product is good, but the packaging does not feel very strong.",packaging_issue,synthetic_review_corpus
R01287,P0182,Singapore,FairPrice Online,Ready meal,Local Brand X,Bulgogi Meal - microwave bowl,4,"The product is good, but the price feels quite high for the portion size.",price_sensitivity,synthetic_review_corpus
R01288,P0183,Singapore,Shopee SG,Ready meal,Korean Brand T,Bibimbap Bowl - meal kit,5,I like the rich seasoning and it feels close to real Korean-style food.,taste_authenticity_positive,synthetic_review_corpus
R01289,P0183,Singapore,Shopee SG,Ready meal,Korean Brand T,Bibimbap Bowl - meal kit,3,The portion is smaller than expected.,portion_size,synthetic_review_corpus
R01290,P0183,Singapore,Shopee SG,Ready meal,Korean Brand T,Bibimbap Bowl - meal kit,3,The portion is smaller than expected.,portion_size,synthetic_review_corpus
R01291,P0183,Singapore,Shopee SG,Ready meal,Korean Brand T,Bibimbap Bowl - meal kit,5,I like the rich seasoning and it feels close to real Korean-style food.,taste_authenticity_positive,synthetic_review_corpus
R01292,P0184,Singapore,Shopee SG,Ready meal,Korean Brand U,Bulgogi Meal - meal kit,4,"The product is good, but the packaging does not feel very strong.",packaging_issue,synthetic_review_corpus
R01293,P0184,Singapore,Shopee SG,Ready meal,Korean Brand U,Bulgogi Meal - meal kit,3,"The product looks good, but I could not find clear halal information.",halal_concern,synthetic_review_corpus
R01294,P0184,Singapore,Shopee SG,Ready meal,Korean Brand U,Bulgogi Meal - meal kit,4,The flavor tastes authentic and reminds me of Korean restaurant food.,taste_authenticity_positive,synthetic_review_corpus
R01295,P0184,Singapore,Shopee SG,Ready meal,Korean Brand U,Bulgogi Meal - meal kit,2,The portion is smaller than expected.,portion_size,synthetic_review_corpus
R01296,P0184,Singapore,Shopee SG,Ready meal,Korean Brand U,Bulgogi Meal - meal kit,2,The serving size could be larger for the price.,portion_size,synthetic_review_corpus
R01297,P0184,Singapore,Shopee SG,Ready meal,Korean Brand U,Bulgogi Meal - meal kit,5,I like that it saves time and still tastes good.,convenience_positive,synthetic_review_corpus
R01298,P0184,Singapore,Shopee SG,Ready meal,Korean Brand U,Bulgogi Meal - meal kit,4,"The product tastes nice, but the heat level may be difficult for beginners.",too_spicy,synthetic_review_corpus
R01299,P0184,Singapore,Shopee SG,Ready meal,Korean Brand U,Bulgogi Meal - meal kit,2,"The product is good, but the price feels quite high for the portion size.",price_sensitivity,synthetic_review_corpus
R01300,P0184,Singapore,Shopee SG,Ready meal,Korean Brand U,Bulgogi Meal - meal kit,3,The label information could be clearer and easier to read.,packaging_issue,synthetic_review_corpus
R01301,P0184,Singapore,Shopee SG,Ready meal,Korean Brand U,Bulgogi Meal - meal kit,2,"The product looks good, but I could not find clear halal information.",halal_concern,synthetic_review_corpus
R01302,P0185,Singapore,Shopee SG,Seaweed snack,Korean Brand V,Seaweed Crisps - snack pack,5,Easy to prepare and good for busy weekdays.,convenience_positive,synthetic_review_corpus
R01303,P0185,Singapore,Shopee SG,Seaweed snack,Korean Brand V,Seaweed Crisps - snack pack,2,"It tastes good, but one pack is not enough for a full meal.",portion_size,synthetic_review_corpus
R01304,P0185,Singapore,Shopee SG,Seaweed snack,Korean Brand V,Seaweed Crisps - snack pack,5,The taste is very satisfying and works well for a quick Korean meal at home.,taste_authenticity_positive,synthetic_review_corpus
R01305,P0185,Singapore,Shopee SG,Seaweed snack,Korean Brand V,Seaweed Crisps - snack pack,3,"I like it, but I would only buy again if there is a discount.",price_sensitivity,synthetic_review_corpus
R01306,P0185,Singapore,Shopee SG,Seaweed snack,Korean Brand V,Seaweed Crisps - snack pack,3,I would buy this more often if the halal certification was clearly shown.,halal_concern,synthetic_review_corpus
R01307,P0186,Singapore,Shopee SG,Seaweed snack,Premium Import Brand W,Seaweed Snack - snack pack,3,The portion is smaller than expected.,portion_size,synthetic_review_corpus
R01308,P0186,Singapore,Shopee SG,Seaweed snack,Premium Import Brand W,Seaweed Snack - snack pack,2,"It tastes good, but one pack is not enough for a full meal.",portion_size,synthetic_review_corpus
R01309,P0186,Singapore,Shopee SG,Seaweed snack,Premium Import Brand W,Seaweed Snack - snack pack,3,"I like it, but I would only buy again if there is a discount.",price_sensitivity,synthetic_review_corpus
R01310,P0186,Singapore,Shopee SG,Seaweed snack,Premium Import Brand W,Seaweed Snack - snack pack,5,The flavor tastes authentic and reminds me of Korean restaurant food.,taste_authenticity_positive,synthetic_review_corpus
R01311,P0186,Singapore,Shopee SG,Seaweed snack,Premium Import Brand W,Seaweed Snack - snack pack,5,I like the rich seasoning and it feels close to real Korean-style food.,taste_authenticity_positive,synthetic_review_corpus
R01312,P0187,Singapore,Shopee SG,Seaweed snack,Japanese Brand B,Seaweed Snack - snack pack,4,"The product is good, but the price feels quite high for the portion size.",price_sensitivity,synthetic_review_corpus
R01313,P0187,Singapore,Shopee SG,Seaweed snack,Japanese Brand B,Seaweed Snack - snack pack,3,"The taste is fine, but it feels expensive compared with local alternatives.",price_sensitivity,synthetic_review_corpus
R01314,P0187,Singapore,Shopee SG,Seaweed snack,Japanese Brand B,Seaweed Snack - snack pack,4,"The taste is fine, but it feels expensive compared with local alternatives.",price_sensitivity,synthetic_review_corpus
R01315,P0187,Singapore,Shopee SG,Seaweed snack,Japanese Brand B,Seaweed Snack - snack pack,4,The portion is smaller than expected.,portion_size,synthetic_review_corpus
R01316,P0187,Singapore,Shopee SG,Seaweed snack,Japanese Brand B,Seaweed Snack - snack pack,4,I like that it saves time and still tastes good.,convenience_positive,synthetic_review_corpus
R01317,P0188,Singapore,Shopee SG,Seaweed snack,Korean Brand E,Seaweed Snack - tray pack,5,I like that it saves time and still tastes good.,convenience_positive,synthetic_review_corpus
R01318,P0188,Singapore,Shopee SG,Seaweed snack,Korean Brand E,Seaweed Snack - tray pack,4,"The taste is nice, but I wish it had less sodium.",health_concern,synthetic_review_corpus
R01319,P0188,Singapore,Shopee SG,Seaweed snack,Korean Brand E,Seaweed Snack - tray pack,3,"The product is good, but the packaging does not feel very strong.",packaging_issue,synthetic_review_corpus
R01320,P0188,Singapore,Shopee SG,Seaweed snack,Korean Brand E,Seaweed Snack - tray pack,2,The serving size could be larger for the price.,portion_size,synthetic_review_corpus
R01321,P0188,Singapore,Shopee SG,Seaweed snack,Korean Brand E,Seaweed Snack - tray pack,3,"The product looks good, but I could not find clear halal information.",halal_concern,synthetic_review_corpus
R01322,P0188,Singapore,Shopee SG,Seaweed snack,Korean Brand E,Seaweed Snack - tray pack,4,I like the rich seasoning and it feels close to real Korean-style food.,taste_authenticity_positive,synthetic_review_corpus
R01323,P0189,Singapore,Shopee SG,Seaweed snack,Korean Brand T,Seaweed Snack - tray pack,3,The label information could be clearer and easier to read.,packaging_issue,synthetic_review_corpus
R01324,P0189,Singapore,Shopee SG,Seaweed snack,Korean Brand T,Seaweed Snack - tray pack,3,"The product is good, but the packaging does not feel very strong.",packaging_issue,synthetic_review_corpus
R01325,P0189,Singapore,Shopee SG,Seaweed snack,Korean Brand T,Seaweed Snack - tray pack,2,"The product is good, but the packaging does not feel very strong.",packaging_issue,synthetic_review_corpus
R01326,P0189,Singapore,Shopee SG,Seaweed snack,Korean Brand T,Seaweed Snack - tray pack,5,The taste is very satisfying and works well for a quick Korean meal at home.,taste_authenticity_positive,synthetic_review_corpus
R01327,P0189,Singapore,Shopee SG,Seaweed snack,Korean Brand T,Seaweed Snack - tray pack,2,The serving size could be larger for the price.,portion_size,synthetic_review_corpus
R01328,P0190,Singapore,FairPrice Online,Seaweed snack,Private Label V,Seaweed Snack - multi-pack,5,I like the rich seasoning and it feels close to real Korean-style food.,taste_authenticity_positive,synthetic_review_corpus
R01329,P0190,Singapore,FairPrice Online,Seaweed snack,Private Label V,Seaweed Snack - multi-pack,4,"The product looks good, but I could not find clear halal information.",halal_concern,synthetic_review_corpus
R01330,P0190,Singapore,FairPrice Online,Seaweed snack,Private Label V,Seaweed Snack - multi-pack,3,"I like it, but I would only buy again if there is a discount.",price_sensitivity,synthetic_review_corpus
R01331,P0190,Singapore,FairPrice Online,Seaweed snack,Private Label V,Seaweed Snack - multi-pack,5,Very convenient for a quick meal after work.,convenience_positive,synthetic_review_corpus
R01332,P0190,Singapore,FairPrice Online,Seaweed snack,Private Label V,Seaweed Snack - multi-pack,3,I would buy this more often if the halal certification was clearly shown.,halal_concern,synthetic_review_corpus
R01333,P0190,Singapore,FairPrice Online,Seaweed snack,Private Label V,Seaweed Snack - multi-pack,2,"I like it, but I would only buy again if there is a discount.",price_sensitivity,synthetic_review_corpus
R01334,P0190,Singapore,FairPrice Online,Seaweed snack,Private Label V,Seaweed Snack - multi-pack,4,The taste is very satisfying and works well for a quick Korean meal at home.,taste_authenticity_positive,synthetic_review_corpus
R01335,P0191,Singapore,Shopee SG,Seaweed snack,Korean Brand Q,Roasted Seaweed - multi-pack,5,The flavor tastes authentic and reminds me of Korean restaurant food.,taste_authenticity_positive,synthetic_review_corpus
R01336,P0191,Singapore,Shopee SG,Seaweed snack,Korean Brand Q,Roasted Seaweed - multi-pack,3,"The product is good, but the price feels quite high for the portion size.",price_sensitivity,synthetic_review_corpus
R01337,P0191,Singapore,Shopee SG,Seaweed snack,Korean Brand Q,Roasted Seaweed - multi-pack,5,I like the rich seasoning and it feels close to real Korean-style food.,taste_authenticity_positive,synthetic_review_corpus
R01338,P0191,Singapore,Shopee SG,Seaweed snack,Korean Brand Q,Roasted Seaweed - multi-pack,5,Very convenient for a quick meal after work.,convenience_positive,synthetic_review_corpus
R01339,P0191,Singapore,Shopee SG,Seaweed snack,Korean Brand Q,Roasted Seaweed - multi-pack,3,"It tastes good, but one pack is not enough for a full meal.",portion_size,synthetic_review_corpus
R01340,P0192,Singapore,Shopee SG,Seaweed snack,Korean Brand W,Seaweed Snack - tray pack,3,"The taste is fine, but it feels expensive compared with local alternatives.",price_sensitivity,synthetic_review_corpus
R01341,P0192,Singapore,Shopee SG,Seaweed snack,Korean Brand W,Seaweed Snack - tray pack,3,I would prefer a healthier version with cleaner ingredients.,health_concern,synthetic_review_corpus
R01342,P0192,Singapore,Shopee SG,Seaweed snack,Korean Brand W,Seaweed Snack - tray pack,2,The serving size could be larger for the price.,portion_size,synthetic_review_corpus
R01343,P0192,Singapore,Shopee SG,Seaweed snack,Korean Brand W,Seaweed Snack - tray pack,5,The flavor tastes authentic and reminds me of Korean restaurant food.,taste_authenticity_positive,synthetic_review_corpus
R01344,P0192,Singapore,Shopee SG,Seaweed snack,Korean Brand W,Seaweed Snack - tray pack,3,The packaging could be improved because it was slightly damaged when delivered.,packaging_issue,synthetic_review_corpus
R01345,P0192,Singapore,Shopee SG,Seaweed snack,Korean Brand W,Seaweed Snack - tray pack,5,The flavor tastes authentic and reminds me of Korean restaurant food.,taste_authenticity_positive,synthetic_review_corpus
R01346,P0192,Singapore,Shopee SG,Seaweed snack,Korean Brand W,Seaweed Snack - tray pack,2,The packaging could be improved because it was slightly damaged when delivered.,packaging_issue,synthetic_review_corpus
R01347,P0193,Thailand,Shopee TH,Korean ramen,Korean Brand Q,Spicy Ramen - single pack,5,The taste is very satisfying and works well for a quick Korean meal at home.,taste_authenticity_positive,synthetic_review_corpus
R01348,P0193,Thailand,Shopee TH,Korean ramen,Korean Brand Q,Spicy Ramen - single pack,4,Very convenient for a quick meal after work.,convenience_positive,synthetic_review_corpus
R01349,P0193,Thailand,Shopee TH,Korean ramen,Korean Brand Q,Spicy Ramen - single pack,2,"I like it, but I would only buy again if there is a discount.",price_sensitivity,synthetic_review_corpus
R01350,P0193,Thailand,Shopee TH,Korean ramen,Korean Brand Q,Spicy Ramen - single pack,3,The label information could be clearer and easier to read.,packaging_issue,synthetic_review_corpus
R01351,P0193,Thailand,Shopee TH,Korean ramen,Korean Brand Q,Spicy Ramen - single pack,2,The serving size could be larger for the price.,portion_size,synthetic_review_corpus
R01352,P0193,Thailand,Shopee TH,Korean ramen,Korean Brand Q,Spicy Ramen - single pack,4,The flavor tastes authentic and reminds me of Korean restaurant food.,taste_authenticity_positive,synthetic_review_corpus
R01353,P0193,Thailand,Shopee TH,Korean ramen,Korean Brand Q,Spicy Ramen - single pack,3,"The flavor is good, but it is too spicy for my family.",too_spicy,synthetic_review_corpus
R01354,P0193,Thailand,Shopee TH,Korean ramen,Korean Brand Q,Spicy Ramen - single pack,5,I like that it saves time and still tastes good.,convenience_positive,synthetic_review_corpus
R01355,P0194,Thailand,Shopee TH,Korean ramen,Japanese Brand B,Kimchi Ramen - single pack,3,I wish there was a milder version because the spice level is too strong.,too_spicy,synthetic_review_corpus
R01356,P0194,Thailand,Shopee TH,Korean ramen,Japanese Brand B,Kimchi Ramen - single pack,2,"The product is good, but the packaging does not feel very strong.",packaging_issue,synthetic_review_corpus
R01357,P0194,Thailand,Shopee TH,Korean ramen,Japanese Brand B,Kimchi Ramen - single pack,5,The flavor tastes authentic and reminds me of Korean restaurant food.,taste_authenticity_positive,synthetic_review_corpus
R01358,P0194,Thailand,Shopee TH,Korean ramen,Japanese Brand B,Kimchi Ramen - single pack,2,I would buy this more often if the halal certification was clearly shown.,halal_concern,synthetic_review_corpus
R01359,P0194,Thailand,Shopee TH,Korean ramen,Japanese Brand B,Kimchi Ramen - single pack,4,I would buy this more often if the halal certification was clearly shown.,halal_concern,synthetic_review_corpus
R01360,P0194,Thailand,Shopee TH,Korean ramen,Japanese Brand B,Kimchi Ramen - single pack,2,"The taste is fine, but it feels expensive compared with local alternatives.",price_sensitivity,synthetic_review_corpus
R01361,P0195,Thailand,Shopee TH,Korean ramen,Premium Import Brand C,Mild Ramen - single pack,5,I like the rich seasoning and it feels close to real Korean-style food.,taste_authenticity_positive,synthetic_review_corpus
R01362,P0195,Thailand,Shopee TH,Korean ramen,Premium Import Brand C,Mild Ramen - single pack,4,The serving size could be larger for the price.,portion_size,synthetic_review_corpus
R01363,P0195,Thailand,Shopee TH,Korean ramen,Premium Import Brand C,Mild Ramen - single pack,4,The label information could be clearer and easier to read.,packaging_issue,synthetic_review_corpus
R01364,P0195,Thailand,Shopee TH,Korean ramen,Premium Import Brand C,Mild Ramen - single pack,3,"The product looks good, but I could not find clear halal information.",halal_concern,synthetic_review_corpus
R01365,P0195,Thailand,Shopee TH,Korean ramen,Premium Import Brand C,Mild Ramen - single pack,5,The taste is very satisfying and works well for a quick Korean meal at home.,taste_authenticity_positive,synthetic_review_corpus
R01366,P0196,Thailand,Shopee TH,Korean ramen,Private Label V,Spicy Ramen - single pack,4,The flavor tastes authentic and reminds me of Korean restaurant food.,taste_authenticity_positive,synthetic_review_corpus
R01367,P0196,Thailand,Shopee TH,Korean ramen,Private Label V,Spicy Ramen - single pack,3,"The product tastes nice, but the heat level may be difficult for beginners.",too_spicy,synthetic_review_corpus
R01368,P0196,Thailand,Shopee TH,Korean ramen,Private Label V,Spicy Ramen - single pack,5,The taste is very satisfying and works well for a quick Korean meal at home.,taste_authenticity_positive,synthetic_review_corpus
R01369,P0196,Thailand,Shopee TH,Korean ramen,Private Label V,Spicy Ramen - single pack,3,"The product looks good, but I could not find clear halal information.",halal_concern,synthetic_review_corpus
R01370,P0196,Thailand,Shopee TH,Korean ramen,Private Label V,Spicy Ramen - single pack,3,Clear halal labeling would make me more confident to purchase.,halal_concern,synthetic_review_corpus
R01371,P0196,Thailand,Shopee TH,Korean ramen,Private Label V,Spicy Ramen - single pack,4,"The taste is fine, but it feels expensive compared with local alternatives.",price_sensitivity,synthetic_review_corpus
R01372,P0196,Thailand,Shopee TH,Korean ramen,Private Label V,Spicy Ramen - single pack,4,The packaging could be improved because it was slightly damaged when delivered.,packaging_issue,synthetic_review_corpus
R01373,P0196,Thailand,Shopee TH,Korean ramen,Private Label V,Spicy Ramen - single pack,4,The taste is very satisfying and works well for a quick Korean meal at home.,taste_authenticity_positive,synthetic_review_corpus
R01374,P0196,Thailand,Shopee TH,Korean ramen,Private Label V,Spicy Ramen - single pack,5,Very convenient for a quick meal after work.,convenience_positive,synthetic_review_corpus
R01375,P0196,Thailand,Shopee TH,Korean ramen,Private Label V,Spicy Ramen - single pack,3,I wish there was a milder version because the spice level is too strong.,too_spicy,synthetic_review_corpus
R01376,P0197,Thailand,Lazada TH,Korean ramen,Private Label T,Kimchi Ramen - single pack,5,The taste is very satisfying and works well for a quick Korean meal at home.,taste_authenticity_positive,synthetic_review_corpus
R01377,P0197,Thailand,Lazada TH,Korean ramen,Private Label T,Kimchi Ramen - single pack,4,I wish there was a milder version because the spice level is too strong.,too_spicy,synthetic_review_corpus
R01378,P0197,Thailand,Lazada TH,Korean ramen,Private Label T,Kimchi Ramen - single pack,5,The flavor tastes authentic and reminds me of Korean restaurant food.,taste_authenticity_positive,synthetic_review_corpus
R01379,P0197,Thailand,Lazada TH,Korean ramen,Private Label T,Kimchi Ramen - single pack,3,"The product is good, but the packaging does not feel very strong.",packaging_issue,synthetic_review_corpus
R01380,P0197,Thailand,Lazada TH,Korean ramen,Private Label T,Kimchi Ramen - single pack,5,The flavor tastes authentic and reminds me of Korean restaurant food.,taste_authenticity_positive,synthetic_review_corpus
R01381,P0197,Thailand,Lazada TH,Korean ramen,Private Label T,Kimchi Ramen - single pack,3,"The product is good, but the price feels quite high for the portion size.",price_sensitivity,synthetic_review_corpus
R01382,P0197,Thailand,Lazada TH,Korean ramen,Private Label T,Kimchi Ramen - single pack,3,"The flavor is good, but it is too spicy for my family.",too_spicy,synthetic_review_corpus
R01383,P0197,Thailand,Lazada TH,Korean ramen,Private Label T,Kimchi Ramen - single pack,2,"The product is good, but the price feels quite high for the portion size.",price_sensitivity,synthetic_review_corpus
R01384,P0197,Thailand,Lazada TH,Korean ramen,Private Label T,Kimchi Ramen - single pack,5,The taste is very satisfying and works well for a quick Korean meal at home.,taste_authenticity_positive,synthetic_review_corpus
R01385,P0198,Thailand,Shopee TH,Korean ramen,Korean Brand A,Kimchi Ramen - single pack,5,The flavor tastes authentic and reminds me of Korean restaurant food.,taste_authenticity_positive,synthetic_review_corpus
R01386,P0198,Thailand,Shopee TH,Korean ramen,Korean Brand A,Kimchi Ramen - single pack,2,I would buy this more often if the halal certification was clearly shown.,halal_concern,synthetic_review_corpus
R01387,P0198,Thailand,Shopee TH,Korean ramen,Korean Brand A,Kimchi Ramen - single pack,2,The serving size could be larger for the price.,portion_size,synthetic_review_corpus
R01388,P0198,Thailand,Shopee TH,Korean ramen,Korean Brand A,Kimchi Ramen - single pack,4,I like the rich seasoning and it feels close to real Korean-style food.,taste_authenticity_positive,synthetic_review_corpus
R01389,P0198,Thailand,Shopee TH,Korean ramen,Korean Brand A,Kimchi Ramen - single pack,4,Very convenient for a quick meal after work.,convenience_positive,synthetic_review_corpus
R01390,P0199,Thailand,Shopee TH,Korean ramen,Local Brand B,Mild Ramen - multi-pack,4,"I like it, but I would only buy again if there is a discount.",price_sensitivity,synthetic_review_corpus
R01391,P0199,Thailand,Shopee TH,Korean ramen,Local Brand B,Mild Ramen - multi-pack,3,"The product tastes nice, but the heat level may be difficult for beginners.",too_spicy,synthetic_review_corpus
R01392,P0199,Thailand,Shopee TH,Korean ramen,Local Brand B,Mild Ramen - multi-pack,5,The flavor tastes authentic and reminds me of Korean restaurant food.,taste_authenticity_positive,synthetic_review_corpus
R01393,P0199,Thailand,Shopee TH,Korean ramen,Local Brand B,Mild Ramen - multi-pack,3,The portion is smaller than expected.,portion_size,synthetic_review_corpus
R01394,P0199,Thailand,Shopee TH,Korean ramen,Local Brand B,Mild Ramen - multi-pack,3,I wish there was a milder version because the spice level is too strong.,too_spicy,synthetic_review_corpus
R01395,P0199,Thailand,Shopee TH,Korean ramen,Local Brand B,Mild Ramen - multi-pack,5,The taste is very satisfying and works well for a quick Korean meal at home.,taste_authenticity_positive,synthetic_review_corpus
R01396,P0199,Thailand,Shopee TH,Korean ramen,Local Brand B,Mild Ramen - multi-pack,5,The flavor tastes authentic and reminds me of Korean restaurant food.,taste_authenticity_positive,synthetic_review_corpus
R01397,P0199,Thailand,Shopee TH,Korean ramen,Local Brand B,Mild Ramen - multi-pack,4,I would prefer a healthier version with cleaner ingredients.,health_concern,synthetic_review_corpus
R01398,P0199,Thailand,Shopee TH,Korean ramen,Local Brand B,Mild Ramen - multi-pack,5,Very convenient for a quick meal after work.,convenience_positive,synthetic_review_corpus
R01399,P0199,Thailand,Shopee TH,Korean ramen,Local Brand B,Mild Ramen - multi-pack,3,The packaging could be improved because it was slightly damaged when delivered.,packaging_issue,synthetic_review_corpus
R01400,P0200,Thailand,Lazada TH,Korean ramen,Local Brand Q,Kimchi Ramen - multi-pack,3,The packaging could be improved because it was slightly damaged when delivered.,packaging_issue,synthetic_review_corpus
R01401,P0200,Thailand,Lazada TH,Korean ramen,Local Brand Q,Kimchi Ramen - multi-pack,4,The taste is very satisfying and works well for a quick Korean meal at home.,taste_authenticity_positive,synthetic_review_corpus
R01402,P0200,Thailand,Lazada TH,Korean ramen,Local Brand Q,Kimchi Ramen - multi-pack,4,The taste is very satisfying and works well for a quick Korean meal at home.,taste_authenticity_positive,synthetic_review_corpus
R01403,P0200,Thailand,Lazada TH,Korean ramen,Local Brand Q,Kimchi Ramen - multi-pack,2,"The flavor is good, but it is too spicy for my family.",too_spicy,synthetic_review_corpus
R01404,P0200,Thailand,Lazada TH,Korean ramen,Local Brand Q,Kimchi Ramen - multi-pack,5,The flavor tastes authentic and reminds me of Korean restaurant food.,taste_authenticity_positive,synthetic_review_corpus
R01405,P0200,Thailand,Lazada TH,Korean ramen,Local Brand Q,Kimchi Ramen - multi-pack,4,The taste is very satisfying and works well for a quick Korean meal at home.,taste_authenticity_positive,synthetic_review_corpus
R01406,P0201,Thailand,Shopee TH,Kimchi,Local Brand B,Original Kimchi - fresh pack,4,I wish there was a milder version because the spice level is too strong.,too_spicy,synthetic_review_corpus
R01407,P0201,Thailand,Shopee TH,Kimchi,Local Brand B,Original Kimchi - fresh pack,3,The portion is smaller than expected.,portion_size,synthetic_review_corpus
R01408,P0201,Thailand,Shopee TH,Kimchi,Local Brand B,Original Kimchi - fresh pack,4,I like the rich seasoning and it feels close to real Korean-style food.,taste_authenticity_positive,synthetic_review_corpus
R01409,P0201,Thailand,Shopee TH,Kimchi,Local Brand B,Original Kimchi - fresh pack,3,"Good flavor, but it feels a bit heavy for frequent consumption.",health_concern,synthetic_review_corpus
R01410,P0201,Thailand,Shopee TH,Kimchi,Local Brand B,Original Kimchi - fresh pack,2,The serving size could be larger for the price.,portion_size,synthetic_review_corpus
R01411,P0201,Thailand,Shopee TH,Kimchi,Local Brand B,Original Kimchi - fresh pack,4,"The product is good, but the packaging does not feel very strong.",packaging_issue,synthetic_review_corpus
R01412,P0202,Thailand,Lazada TH,Kimchi,Japanese Brand N,Mild Kimchi - pouch,5,The taste is very satisfying and works well for a quick Korean meal at home.,taste_authenticity_positive,synthetic_review_corpus
R01413,P0202,Thailand,Lazada TH,Kimchi,Japanese Brand N,Mild Kimchi - pouch,3,I would buy this more often if the halal certification was clearly shown.,halal_concern,synthetic_review_corpus
R01414,P0202,Thailand,Lazada TH,Kimchi,Japanese Brand N,Mild Kimchi - pouch,3,I would prefer a healthier version with cleaner ingredients.,health_concern,synthetic_review_corpus
R01415,P0202,Thailand,Lazada TH,Kimchi,Japanese Brand N,Mild Kimchi - pouch,3,I would prefer a healthier version with cleaner ingredients.,health_concern,synthetic_review_corpus
R01416,P0202,Thailand,Lazada TH,Kimchi,Japanese Brand N,Mild Kimchi - pouch,4,I like the rich seasoning and it feels close to real Korean-style food.,taste_authenticity_positive,synthetic_review_corpus
R01417,P0202,Thailand,Lazada TH,Kimchi,Japanese Brand N,Mild Kimchi - pouch,5,The flavor tastes authentic and reminds me of Korean restaurant food.,taste_authenticity_positive,synthetic_review_corpus
R01418,P0202,Thailand,Lazada TH,Kimchi,Japanese Brand N,Mild Kimchi - pouch,3,I would buy this more often if the halal certification was clearly shown.,halal_concern,synthetic_review_corpus
R01419,P0203,Thailand,Shopee TH,Kimchi,Local Brand C,Original Kimchi - jar,2,The serving size could be larger for the price.,portion_size,synthetic_review_corpus
R01420,P0203,Thailand,Shopee TH,Kimchi,Local Brand C,Original Kimchi - jar,2,I wish there was a milder version because the spice level is too strong.,too_spicy,synthetic_review_corpus
R01421,P0203,Thailand,Shopee TH,Kimchi,Local Brand C,Original Kimchi - jar,4,The label information could be clearer and easier to read.,packaging_issue,synthetic_review_corpus
R01422,P0203,Thailand,Shopee TH,Kimchi,Local Brand C,Original Kimchi - jar,3,I would prefer a healthier version with cleaner ingredients.,health_concern,synthetic_review_corpus
R01423,P0203,Thailand,Shopee TH,Kimchi,Local Brand C,Original Kimchi - jar,5,The taste is very satisfying and works well for a quick Korean meal at home.,taste_authenticity_positive,synthetic_review_corpus
R01424,P0203,Thailand,Shopee TH,Kimchi,Local Brand C,Original Kimchi - jar,4,Easy to prepare and good for busy weekdays.,convenience_positive,synthetic_review_corpus
R01425,P0203,Thailand,Shopee TH,Kimchi,Local Brand C,Original Kimchi - jar,3,"The taste is nice, but I wish it had less sodium.",health_concern,synthetic_review_corpus
R01426,P0203,Thailand,Shopee TH,Kimchi,Local Brand C,Original Kimchi - jar,4,"Good flavor, but it feels a bit heavy for frequent consumption.",health_concern,synthetic_review_corpus
R01427,P0203,Thailand,Shopee TH,Kimchi,Local Brand C,Original Kimchi - jar,4,I like that it saves time and still tastes good.,convenience_positive,synthetic_review_corpus
R01428,P0203,Thailand,Shopee TH,Kimchi,Local Brand C,Original Kimchi - jar,5,The taste is very satisfying and works well for a quick Korean meal at home.,taste_authenticity_positive,synthetic_review_corpus
R01429,P0204,Thailand,Shopee TH,Kimchi,Korean Brand U,Original Kimchi - fresh pack,5,The taste is very satisfying and works well for a quick Korean meal at home.,taste_authenticity_positive,synthetic_review_corpus
R01430,P0204,Thailand,Shopee TH,Kimchi,Korean Brand U,Original Kimchi - fresh pack,3,I would prefer a healthier version with cleaner ingredients.,health_concern,synthetic_review_corpus
R01431,P0204,Thailand,Shopee TH,Kimchi,Korean Brand U,Original Kimchi - fresh pack,4,Very convenient for a quick meal after work.,convenience_positive,synthetic_review_corpus
R01432,P0204,Thailand,Shopee TH,Kimchi,Korean Brand U,Original Kimchi - fresh pack,4,"Good flavor, but it feels a bit heavy for frequent consumption.",health_concern,synthetic_review_corpus
R01433,P0205,Thailand,Lazada TH,Kimchi,Premium Import Brand S,Mild Kimchi - pouch,4,"The taste is fine, but it feels expensive compared with local alternatives.",price_sensitivity,synthetic_review_corpus
R01434,P0205,Thailand,Lazada TH,Kimchi,Premium Import Brand S,Mild Kimchi - pouch,5,The flavor tastes authentic and reminds me of Korean restaurant food.,taste_authenticity_positive,synthetic_review_corpus
R01435,P0205,Thailand,Lazada TH,Kimchi,Premium Import Brand S,Mild Kimchi - pouch,2,"It tastes good, but one pack is not enough for a full meal.",portion_size,synthetic_review_corpus
R01436,P0205,Thailand,Lazada TH,Kimchi,Premium Import Brand S,Mild Kimchi - pouch,4,"It tastes good, but one pack is not enough for a full meal.",portion_size,synthetic_review_corpus
R01437,P0205,Thailand,Lazada TH,Kimchi,Premium Import Brand S,Mild Kimchi - pouch,2,"Good flavor, but it feels a bit heavy for frequent consumption.",health_concern,synthetic_review_corpus
R01438,P0206,Thailand,Shopee TH,Kimchi,Private Label W,Fresh Kimchi - fresh pack,2,The label information could be clearer and easier to read.,packaging_issue,synthetic_review_corpus
R01439,P0206,Thailand,Shopee TH,Kimchi,Private Label W,Fresh Kimchi - fresh pack,3,I wish there was a milder version because the spice level is too strong.,too_spicy,synthetic_review_corpus
R01440,P0206,Thailand,Shopee TH,Kimchi,Private Label W,Fresh Kimchi - fresh pack,4,"The flavor is good, but it is too spicy for my family.",too_spicy,synthetic_review_corpus
R01441,P0206,Thailand,Shopee TH,Kimchi,Private Label W,Fresh Kimchi - fresh pack,3,The packaging could be improved because it was slightly damaged when delivered.,packaging_issue,synthetic_review_corpus
R01442,P0206,Thailand,Shopee TH,Kimchi,Private Label W,Fresh Kimchi - fresh pack,3,"Good flavor, but it feels a bit heavy for frequent consumption.",health_concern,synthetic_review_corpus
R01443,P0206,Thailand,Shopee TH,Kimchi,Private Label W,Fresh Kimchi - fresh pack,5,Very convenient for a quick meal after work.,convenience_positive,synthetic_review_corpus
R01444,P0206,Thailand,Shopee TH,Kimchi,Private Label W,Fresh Kimchi - fresh pack,4,I like that it saves time and still tastes good.,convenience_positive,synthetic_review_corpus
R01445,P0206,Thailand,Shopee TH,Kimchi,Private Label W,Fresh Kimchi - fresh pack,2,"Good flavor, but it feels a bit heavy for frequent consumption.",health_concern,synthetic_review_corpus
R01446,P0206,Thailand,Shopee TH,Kimchi,Private Label W,Fresh Kimchi - fresh pack,4,I wish there was a milder version because the spice level is too strong.,too_spicy,synthetic_review_corpus
R01447,P0206,Thailand,Shopee TH,Kimchi,Private Label W,Fresh Kimchi - fresh pack,3,"The product tastes nice, but the heat level may be difficult for beginners.",too_spicy,synthetic_review_corpus
R01448,P0207,Thailand,Lazada TH,Kimchi,Local Brand Q,Mild Kimchi - pouch,4,The flavor tastes authentic and reminds me of Korean restaurant food.,taste_authenticity_positive,synthetic_review_corpus
R01449,P0207,Thailand,Lazada TH,Kimchi,Local Brand Q,Mild Kimchi - pouch,2,"The taste is nice, but I wish it had less sodium.",health_concern,synthetic_review_corpus
R01450,P0207,Thailand,Lazada TH,Kimchi,Local Brand Q,Mild Kimchi - pouch,3,"The product tastes nice, but the heat level may be difficult for beginners.",too_spicy,synthetic_review_corpus
R01451,P0207,Thailand,Lazada TH,Kimchi,Local Brand Q,Mild Kimchi - pouch,2,"The product is good, but the packaging does not feel very strong.",packaging_issue,synthetic_review_corpus
R01452,P0207,Thailand,Lazada TH,Kimchi,Local Brand Q,Mild Kimchi - pouch,4,"Good flavor, but it feels a bit heavy for frequent consumption.",health_concern,synthetic_review_corpus
R01453,P0207,Thailand,Lazada TH,Kimchi,Local Brand Q,Mild Kimchi - pouch,3,The portion is smaller than expected.,portion_size,synthetic_review_corpus
R01454,P0207,Thailand,Lazada TH,Kimchi,Local Brand Q,Mild Kimchi - pouch,4,The taste is very satisfying and works well for a quick Korean meal at home.,taste_authenticity_positive,synthetic_review_corpus
R01455,P0207,Thailand,Lazada TH,Kimchi,Local Brand Q,Mild Kimchi - pouch,4,I like that it saves time and still tastes good.,convenience_positive,synthetic_review_corpus
R01456,P0208,Thailand,Lazada TH,Kimchi,Japanese Brand X,Original Kimchi - pouch,3,"The product is good, but the price feels quite high for the portion size.",price_sensitivity,synthetic_review_corpus
R01457,P0208,Thailand,Lazada TH,Kimchi,Japanese Brand X,Original Kimchi - pouch,5,I like the rich seasoning and it feels close to real Korean-style food.,taste_authenticity_positive,synthetic_review_corpus
R01458,P0208,Thailand,Lazada TH,Kimchi,Japanese Brand X,Original Kimchi - pouch,2,The packaging could be improved because it was slightly damaged when delivered.,packaging_issue,synthetic_review_corpus
R01459,P0208,Thailand,Lazada TH,Kimchi,Japanese Brand X,Original Kimchi - pouch,4,I wish there was a milder version because the spice level is too strong.,too_spicy,synthetic_review_corpus
R01460,P0208,Thailand,Lazada TH,Kimchi,Japanese Brand X,Original Kimchi - pouch,3,"The taste is fine, but it feels expensive compared with local alternatives.",price_sensitivity,synthetic_review_corpus
R01461,P0208,Thailand,Lazada TH,Kimchi,Japanese Brand X,Original Kimchi - pouch,3,"The taste is nice, but I wish it had less sodium.",health_concern,synthetic_review_corpus
R01462,P0209,Thailand,Lazada TH,Gochujang sauce,Premium Import Brand C,Gochujang Sauce - jar,5,Very convenient for a quick meal after work.,convenience_positive,synthetic_review_corpus
R01463,P0209,Thailand,Lazada TH,Gochujang sauce,Premium Import Brand C,Gochujang Sauce - jar,3,"I like it, but I would only buy again if there is a discount.",price_sensitivity,synthetic_review_corpus
R01464,P0209,Thailand,Lazada TH,Gochujang sauce,Premium Import Brand C,Gochujang Sauce - jar,4,I wish there was a milder version because the spice level is too strong.,too_spicy,synthetic_review_corpus
R01465,P0209,Thailand,Lazada TH,Gochujang sauce,Premium Import Brand C,Gochujang Sauce - jar,2,The packaging could be improved because it was slightly damaged when delivered.,packaging_issue,synthetic_review_corpus
R01466,P0210,Thailand,Shopee TH,Gochujang sauce,Korean Brand M,Gochujang Sauce - squeeze bottle,3,"Good flavor, but it feels a bit heavy for frequent consumption.",health_concern,synthetic_review_corpus
R01467,P0210,Thailand,Shopee TH,Gochujang sauce,Korean Brand M,Gochujang Sauce - squeeze bottle,4,The flavor tastes authentic and reminds me of Korean restaurant food.,taste_authenticity_positive,synthetic_review_corpus
R01468,P0210,Thailand,Shopee TH,Gochujang sauce,Korean Brand M,Gochujang Sauce - squeeze bottle,4,Clear halal labeling would make me more confident to purchase.,halal_concern,synthetic_review_corpus
R01469,P0210,Thailand,Shopee TH,Gochujang sauce,Korean Brand M,Gochujang Sauce - squeeze bottle,4,The taste is very satisfying and works well for a quick Korean meal at home.,taste_authenticity_positive,synthetic_review_corpus
R01470,P0211,Thailand,Shopee TH,Gochujang sauce,Local Brand X,Gochujang Sauce - jar,5,The taste is very satisfying and works well for a quick Korean meal at home.,taste_authenticity_positive,synthetic_review_corpus
R01471,P0211,Thailand,Shopee TH,Gochujang sauce,Local Brand X,Gochujang Sauce - jar,3,"The taste is fine, but it feels expensive compared with local alternatives.",price_sensitivity,synthetic_review_corpus
R01472,P0211,Thailand,Shopee TH,Gochujang sauce,Local Brand X,Gochujang Sauce - jar,4,"I like it, but I would only buy again if there is a discount.",price_sensitivity,synthetic_review_corpus
R01473,P0211,Thailand,Shopee TH,Gochujang sauce,Local Brand X,Gochujang Sauce - jar,2,I wish there was a milder version because the spice level is too strong.,too_spicy,synthetic_review_corpus
R01474,P0211,Thailand,Shopee TH,Gochujang sauce,Local Brand X,Gochujang Sauce - jar,4,The flavor tastes authentic and reminds me of Korean restaurant food.,taste_authenticity_positive,synthetic_review_corpus
R01475,P0211,Thailand,Shopee TH,Gochujang sauce,Local Brand X,Gochujang Sauce - jar,3,"The product looks good, but I could not find clear halal information.",halal_concern,synthetic_review_corpus
R01476,P0211,Thailand,Shopee TH,Gochujang sauce,Local Brand X,Gochujang Sauce - jar,4,The flavor tastes authentic and reminds me of Korean restaurant food.,taste_authenticity_positive,synthetic_review_corpus
R01477,P0212,Thailand,Lazada TH,Gochujang sauce,Korean Brand Z,Gochujang Sauce - jar,4,"The flavor is good, but it is too spicy for my family.",too_spicy,synthetic_review_corpus
R01478,P0212,Thailand,Lazada TH,Gochujang sauce,Korean Brand Z,Gochujang Sauce - jar,5,The taste is very satisfying and works well for a quick Korean meal at home.,taste_authenticity_positive,synthetic_review_corpus
R01479,P0212,Thailand,Lazada TH,Gochujang sauce,Korean Brand Z,Gochujang Sauce - jar,2,"The flavor is good, but it is too spicy for my family.",too_spicy,synthetic_review_corpus
R01480,P0212,Thailand,Lazada TH,Gochujang sauce,Korean Brand Z,Gochujang Sauce - jar,3,"I like it, but I would only buy again if there is a discount.",price_sensitivity,synthetic_review_corpus
R01481,P0212,Thailand,Lazada TH,Gochujang sauce,Korean Brand Z,Gochujang Sauce - jar,3,I wish there was a milder version because the spice level is too strong.,too_spicy,synthetic_review_corpus
R01482,P0212,Thailand,Lazada TH,Gochujang sauce,Korean Brand Z,Gochujang Sauce - jar,2,"The product is good, but the price feels quite high for the portion size.",price_sensitivity,synthetic_review_corpus
R01483,P0212,Thailand,Lazada TH,Gochujang sauce,Korean Brand Z,Gochujang Sauce - jar,3,"Good flavor, but it feels a bit heavy for frequent consumption.",health_concern,synthetic_review_corpus
R01484,P0213,Thailand,Lazada TH,Gochujang sauce,Local Brand S,Gochujang Sauce - squeeze bottle,4,The flavor tastes authentic and reminds me of Korean restaurant food.,taste_authenticity_positive,synthetic_review_corpus
R01485,P0213,Thailand,Lazada TH,Gochujang sauce,Local Brand S,Gochujang Sauce - squeeze bottle,2,I would buy this more often if the halal certification was clearly shown.,halal_concern,synthetic_review_corpus
R01486,P0213,Thailand,Lazada TH,Gochujang sauce,Local Brand S,Gochujang Sauce - squeeze bottle,3,"I like it, but I would only buy again if there is a discount.",price_sensitivity,synthetic_review_corpus
R01487,P0213,Thailand,Lazada TH,Gochujang sauce,Local Brand S,Gochujang Sauce - squeeze bottle,2,I wish there was a milder version because the spice level is too strong.,too_spicy,synthetic_review_corpus
R01488,P0213,Thailand,Lazada TH,Gochujang sauce,Local Brand S,Gochujang Sauce - squeeze bottle,2,Clear halal labeling would make me more confident to purchase.,halal_concern,synthetic_review_corpus
R01489,P0213,Thailand,Lazada TH,Gochujang sauce,Local Brand S,Gochujang Sauce - squeeze bottle,4,"The product looks good, but I could not find clear halal information.",halal_concern,synthetic_review_corpus
R01490,P0213,Thailand,Lazada TH,Gochujang sauce,Local Brand S,Gochujang Sauce - squeeze bottle,3,"The product is good, but the price feels quite high for the portion size.",price_sensitivity,synthetic_review_corpus
R01491,P0213,Thailand,Lazada TH,Gochujang sauce,Local Brand S,Gochujang Sauce - squeeze bottle,3,"I like it, but I would only buy again if there is a discount.",price_sensitivity,synthetic_review_corpus
R01492,P0213,Thailand,Lazada TH,Gochujang sauce,Local Brand S,Gochujang Sauce - squeeze bottle,5,Easy to prepare and good for busy weekdays.,convenience_positive,synthetic_review_corpus
R01493,P0214,Thailand,Shopee TH,Gochujang sauce,Japanese Brand M,Sweet Spicy Sauce - tube,4,"I like it, but I would only buy again if there is a discount.",price_sensitivity,synthetic_review_corpus
R01494,P0214,Thailand,Shopee TH,Gochujang sauce,Japanese Brand M,Sweet Spicy Sauce - tube,5,I like the rich seasoning and it feels close to real Korean-style food.,taste_authenticity_positive,synthetic_review_corpus
R01495,P0214,Thailand,Shopee TH,Gochujang sauce,Japanese Brand M,Sweet Spicy Sauce - tube,5,The taste is very satisfying and works well for a quick Korean meal at home.,taste_authenticity_positive,synthetic_review_corpus
R01496,P0214,Thailand,Shopee TH,Gochujang sauce,Japanese Brand M,Sweet Spicy Sauce - tube,3,I would prefer a healthier version with cleaner ingredients.,health_concern,synthetic_review_corpus
R01497,P0214,Thailand,Shopee TH,Gochujang sauce,Japanese Brand M,Sweet Spicy Sauce - tube,3,"The product is good, but the price feels quite high for the portion size.",price_sensitivity,synthetic_review_corpus
R01498,P0215,Thailand,Lazada TH,Gochujang sauce,Korean Brand P,Sweet Spicy Sauce - tube,3,I wish there was a milder version because the spice level is too strong.,too_spicy,synthetic_review_corpus
R01499,P0215,Thailand,Lazada TH,Gochujang sauce,Korean Brand P,Sweet Spicy Sauce - tube,2,"Good flavor, but it feels a bit heavy for frequent consumption.",health_concern,synthetic_review_corpus
R01500,P0215,Thailand,Lazada TH,Gochujang sauce,Korean Brand P,Sweet Spicy Sauce - tube,2,The serving size could be larger for the price.,portion_size,synthetic_review_corpus
R01501,P0215,Thailand,Lazada TH,Gochujang sauce,Korean Brand P,Sweet Spicy Sauce - tube,5,The taste is very satisfying and works well for a quick Korean meal at home.,taste_authenticity_positive,synthetic_review_corpus
R01502,P0216,Thailand,Shopee TH,Gochujang sauce,Local Brand J,Gochujang Sauce - squeeze bottle,4,The flavor tastes authentic and reminds me of Korean restaurant food.,taste_authenticity_positive,synthetic_review_corpus
R01503,P0216,Thailand,Shopee TH,Gochujang sauce,Local Brand J,Gochujang Sauce - squeeze bottle,5,The flavor tastes authentic and reminds me of Korean restaurant food.,taste_authenticity_positive,synthetic_review_corpus
R01504,P0216,Thailand,Shopee TH,Gochujang sauce,Local Brand J,Gochujang Sauce - squeeze bottle,3,"I like it, but I would only buy again if there is a discount.",price_sensitivity,synthetic_review_corpus
R01505,P0216,Thailand,Shopee TH,Gochujang sauce,Local Brand J,Gochujang Sauce - squeeze bottle,3,"The flavor is good, but it is too spicy for my family.",too_spicy,synthetic_review_corpus
R01506,P0216,Thailand,Shopee TH,Gochujang sauce,Local Brand J,Gochujang Sauce - squeeze bottle,4,"The flavor is good, but it is too spicy for my family.",too_spicy,synthetic_review_corpus
R01507,P0216,Thailand,Shopee TH,Gochujang sauce,Local Brand J,Gochujang Sauce - squeeze bottle,4,"The product is good, but the packaging does not feel very strong.",packaging_issue,synthetic_review_corpus
R01508,P0216,Thailand,Shopee TH,Gochujang sauce,Local Brand J,Gochujang Sauce - squeeze bottle,3,The packaging could be improved because it was slightly damaged when delivered.,packaging_issue,synthetic_review_corpus
R01509,P0216,Thailand,Shopee TH,Gochujang sauce,Local Brand J,Gochujang Sauce - squeeze bottle,4,"The product is good, but the packaging does not feel very strong.",packaging_issue,synthetic_review_corpus
R01510,P0216,Thailand,Shopee TH,Gochujang sauce,Local Brand J,Gochujang Sauce - squeeze bottle,2,"The product looks good, but I could not find clear halal information.",halal_concern,synthetic_review_corpus
R01511,P0217,Thailand,Shopee TH,Frozen mandu,Korean Brand M,Pork Mandu - family pack,3,"The product is good, but the price feels quite high for the portion size.",price_sensitivity,synthetic_review_corpus
R01512,P0217,Thailand,Shopee TH,Frozen mandu,Korean Brand M,Pork Mandu - family pack,4,I would buy this more often if the halal certification was clearly shown.,halal_concern,synthetic_review_corpus
R01513,P0217,Thailand,Shopee TH,Frozen mandu,Korean Brand M,Pork Mandu - family pack,3,I wish there was a milder version because the spice level is too strong.,too_spicy,synthetic_review_corpus
R01514,P0217,Thailand,Shopee TH,Frozen mandu,Korean Brand M,Pork Mandu - family pack,3,The portion is smaller than expected.,portion_size,synthetic_review_corpus
R01515,P0217,Thailand,Shopee TH,Frozen mandu,Korean Brand M,Pork Mandu - family pack,5,I like the rich seasoning and it feels close to real Korean-style food.,taste_authenticity_positive,synthetic_review_corpus
R01516,P0218,Thailand,Shopee TH,Frozen mandu,Private Label C,Chicken Mandu - family pack,5,The flavor tastes authentic and reminds me of Korean restaurant food.,taste_authenticity_positive,synthetic_review_corpus
R01517,P0218,Thailand,Shopee TH,Frozen mandu,Private Label C,Chicken Mandu - family pack,4,The taste is very satisfying and works well for a quick Korean meal at home.,taste_authenticity_positive,synthetic_review_corpus
R01518,P0218,Thailand,Shopee TH,Frozen mandu,Private Label C,Chicken Mandu - family pack,4,The flavor tastes authentic and reminds me of Korean restaurant food.,taste_authenticity_positive,synthetic_review_corpus
R01519,P0218,Thailand,Shopee TH,Frozen mandu,Private Label C,Chicken Mandu - family pack,5,The taste is very satisfying and works well for a quick Korean meal at home.,taste_authenticity_positive,synthetic_review_corpus
R01520,P0218,Thailand,Shopee TH,Frozen mandu,Private Label C,Chicken Mandu - family pack,5,The flavor tastes authentic and reminds me of Korean restaurant food.,taste_authenticity_positive,synthetic_review_corpus
R01521,P0218,Thailand,Shopee TH,Frozen mandu,Private Label C,Chicken Mandu - family pack,2,"The product looks good, but I could not find clear halal information.",halal_concern,synthetic_review_corpus
R01522,P0218,Thailand,Shopee TH,Frozen mandu,Private Label C,Chicken Mandu - family pack,4,I like that it saves time and still tastes good.,convenience_positive,synthetic_review_corpus
R01523,P0218,Thailand,Shopee TH,Frozen mandu,Private Label C,Chicken Mandu - family pack,4,The taste is very satisfying and works well for a quick Korean meal at home.,taste_authenticity_positive,synthetic_review_corpus
R01524,P0219,Thailand,Shopee TH,Frozen mandu,Korean Brand P,Kimchi Mandu - family pack,3,"The product looks good, but I could not find clear halal information.",halal_concern,synthetic_review_corpus
R01525,P0219,Thailand,Shopee TH,Frozen mandu,Korean Brand P,Kimchi Mandu - family pack,4,"The taste is fine, but it feels expensive compared with local alternatives.",price_sensitivity,synthetic_review_corpus
R01526,P0219,Thailand,Shopee TH,Frozen mandu,Korean Brand P,Kimchi Mandu - family pack,4,The flavor tastes authentic and reminds me of Korean restaurant food.,taste_authenticity_positive,synthetic_review_corpus
R01527,P0219,Thailand,Shopee TH,Frozen mandu,Korean Brand P,Kimchi Mandu - family pack,3,"It tastes good, but one pack is not enough for a full meal.",portion_size,synthetic_review_corpus
R01528,P0219,Thailand,Shopee TH,Frozen mandu,Korean Brand P,Kimchi Mandu - family pack,5,The taste is very satisfying and works well for a quick Korean meal at home.,taste_authenticity_positive,synthetic_review_corpus
R01529,P0219,Thailand,Shopee TH,Frozen mandu,Korean Brand P,Kimchi Mandu - family pack,3,The portion is smaller than expected.,portion_size,synthetic_review_corpus
R01530,P0219,Thailand,Shopee TH,Frozen mandu,Korean Brand P,Kimchi Mandu - family pack,5,I like that it saves time and still tastes good.,convenience_positive,synthetic_review_corpus
R01531,P0220,Thailand,Lazada TH,Frozen mandu,Korean Brand U,Pork Mandu - family pack,4,"The product is good, but the packaging does not feel very strong.",packaging_issue,synthetic_review_corpus
R01532,P0220,Thailand,Lazada TH,Frozen mandu,Korean Brand U,Pork Mandu - family pack,3,"The flavor is good, but it is too spicy for my family.",too_spicy,synthetic_review_corpus
R01533,P0220,Thailand,Lazada TH,Frozen mandu,Korean Brand U,Pork Mandu - family pack,5,Very convenient for a quick meal after work.,convenience_positive,synthetic_review_corpus
R01534,P0220,Thailand,Lazada TH,Frozen mandu,Korean Brand U,Pork Mandu - family pack,2,"The product is good, but the price feels quite high for the portion size.",price_sensitivity,synthetic_review_corpus
R01535,P0220,Thailand,Lazada TH,Frozen mandu,Korean Brand U,Pork Mandu - family pack,3,I wish there was a milder version because the spice level is too strong.,too_spicy,synthetic_review_corpus
R01536,P0221,Thailand,Shopee TH,Frozen mandu,Korean Brand X,Pork Mandu - frozen bag,4,"The flavor is good, but it is too spicy for my family.",too_spicy,synthetic_review_corpus
R01537,P0221,Thailand,Shopee TH,Frozen mandu,Korean Brand X,Pork Mandu - frozen bag,4,Very convenient for a quick meal after work.,convenience_positive,synthetic_review_corpus
R01538,P0221,Thailand,Shopee TH,Frozen mandu,Korean Brand X,Pork Mandu - frozen bag,4,"I like it, but I would only buy again if there is a discount.",price_sensitivity,synthetic_review_corpus
R01539,P0221,Thailand,Shopee TH,Frozen mandu,Korean Brand X,Pork Mandu - frozen bag,5,I like that it saves time and still tastes good.,convenience_positive,synthetic_review_corpus
R01540,P0222,Thailand,Lazada TH,Frozen mandu,Local Brand Q,Kimchi Mandu - value pack,4,The taste is very satisfying and works well for a quick Korean meal at home.,taste_authenticity_positive,synthetic_review_corpus
R01541,P0222,Thailand,Lazada TH,Frozen mandu,Local Brand Q,Kimchi Mandu - value pack,2,"The product tastes nice, but the heat level may be difficult for beginners.",too_spicy,synthetic_review_corpus
R01542,P0222,Thailand,Lazada TH,Frozen mandu,Local Brand Q,Kimchi Mandu - value pack,4,The taste is very satisfying and works well for a quick Korean meal at home.,taste_authenticity_positive,synthetic_review_corpus
R01543,P0222,Thailand,Lazada TH,Frozen mandu,Local Brand Q,Kimchi Mandu - value pack,2,Clear halal labeling would make me more confident to purchase.,halal_concern,synthetic_review_corpus
R01544,P0222,Thailand,Lazada TH,Frozen mandu,Local Brand Q,Kimchi Mandu - value pack,2,"The product looks good, but I could not find clear halal information.",halal_concern,synthetic_review_corpus
R01545,P0222,Thailand,Lazada TH,Frozen mandu,Local Brand Q,Kimchi Mandu - value pack,5,I like that it saves time and still tastes good.,convenience_positive,synthetic_review_corpus
R01546,P0222,Thailand,Lazada TH,Frozen mandu,Local Brand Q,Kimchi Mandu - value pack,5,I like the rich seasoning and it feels close to real Korean-style food.,taste_authenticity_positive,synthetic_review_corpus
R01547,P0223,Thailand,Lazada TH,Frozen mandu,Korean Brand P,Pork Mandu - family pack,3,"I like it, but I would only buy again if there is a discount.",price_sensitivity,synthetic_review_corpus
R01548,P0223,Thailand,Lazada TH,Frozen mandu,Korean Brand P,Pork Mandu - family pack,4,The portion is smaller than expected.,portion_size,synthetic_review_corpus
R01549,P0223,Thailand,Lazada TH,Frozen mandu,Korean Brand P,Pork Mandu - family pack,3,"The flavor is good, but it is too spicy for my family.",too_spicy,synthetic_review_corpus
R01550,P0223,Thailand,Lazada TH,Frozen mandu,Korean Brand P,Pork Mandu - family pack,3,I would buy this more often if the halal certification was clearly shown.,halal_concern,synthetic_review_corpus
R01551,P0223,Thailand,Lazada TH,Frozen mandu,Korean Brand P,Pork Mandu - family pack,5,I like the rich seasoning and it feels close to real Korean-style food.,taste_authenticity_positive,synthetic_review_corpus
R01552,P0223,Thailand,Lazada TH,Frozen mandu,Korean Brand P,Pork Mandu - family pack,5,The taste is very satisfying and works well for a quick Korean meal at home.,taste_authenticity_positive,synthetic_review_corpus
R01553,P0223,Thailand,Lazada TH,Frozen mandu,Korean Brand P,Pork Mandu - family pack,2,Clear halal labeling would make me more confident to purchase.,halal_concern,synthetic_review_corpus
R01554,P0223,Thailand,Lazada TH,Frozen mandu,Korean Brand P,Pork Mandu - family pack,2,"The product looks good, but I could not find clear halal information.",halal_concern,synthetic_review_corpus
R01555,P0223,Thailand,Lazada TH,Frozen mandu,Korean Brand P,Pork Mandu - family pack,3,I would buy this more often if the halal certification was clearly shown.,halal_concern,synthetic_review_corpus
R01556,P0223,Thailand,Lazada TH,Frozen mandu,Korean Brand P,Pork Mandu - family pack,4,The flavor tastes authentic and reminds me of Korean restaurant food.,taste_authenticity_positive,synthetic_review_corpus
R01557,P0224,Thailand,Lazada TH,Frozen mandu,Japanese Brand X,Vegetable Mandu - value pack,4,I like the rich seasoning and it feels close to real Korean-style food.,taste_authenticity_positive,synthetic_review_corpus
R01558,P0224,Thailand,Lazada TH,Frozen mandu,Japanese Brand X,Vegetable Mandu - value pack,2,The portion is smaller than expected.,portion_size,synthetic_review_corpus
R01559,P0224,Thailand,Lazada TH,Frozen mandu,Japanese Brand X,Vegetable Mandu - value pack,4,I wish there was a milder version because the spice level is too strong.,too_spicy,synthetic_review_corpus
R01560,P0224,Thailand,Lazada TH,Frozen mandu,Japanese Brand X,Vegetable Mandu - value pack,5,The flavor tastes authentic and reminds me of Korean restaurant food.,taste_authenticity_positive,synthetic_review_corpus
R01561,P0224,Thailand,Lazada TH,Frozen mandu,Japanese Brand X,Vegetable Mandu - value pack,4,I wish there was a milder version because the spice level is too strong.,too_spicy,synthetic_review_corpus
R01562,P0225,Thailand,Shopee TH,Ready meal,Korean Brand A,Tteokbokki Meal - microwave bowl,5,The taste is very satisfying and works well for a quick Korean meal at home.,taste_authenticity_positive,synthetic_review_corpus
R01563,P0225,Thailand,Shopee TH,Ready meal,Korean Brand A,Tteokbokki Meal - microwave bowl,5,The taste is very satisfying and works well for a quick Korean meal at home.,taste_authenticity_positive,synthetic_review_corpus
R01564,P0225,Thailand,Shopee TH,Ready meal,Korean Brand A,Tteokbokki Meal - microwave bowl,5,I like that it saves time and still tastes good.,convenience_positive,synthetic_review_corpus
R01565,P0225,Thailand,Shopee TH,Ready meal,Korean Brand A,Tteokbokki Meal - microwave bowl,3,"I like it, but I would only buy again if there is a discount.",price_sensitivity,synthetic_review_corpus
R01566,P0225,Thailand,Shopee TH,Ready meal,Korean Brand A,Tteokbokki Meal - microwave bowl,3,I would buy this more often if the halal certification was clearly shown.,halal_concern,synthetic_review_corpus
R01567,P0226,Thailand,Lazada TH,Ready meal,Premium Import Brand K,Korean Rice Bowl - meal kit,2,"The product is good, but the price feels quite high for the portion size.",price_sensitivity,synthetic_review_corpus
R01568,P0226,Thailand,Lazada TH,Ready meal,Premium Import Brand K,Korean Rice Bowl - meal kit,2,I would buy this more often if the halal certification was clearly shown.,halal_concern,synthetic_review_corpus
R01569,P0226,Thailand,Lazada TH,Ready meal,Premium Import Brand K,Korean Rice Bowl - meal kit,2,I would buy this more often if the halal certification was clearly shown.,halal_concern,synthetic_review_corpus
R01570,P0226,Thailand,Lazada TH,Ready meal,Premium Import Brand K,Korean Rice Bowl - meal kit,3,"The flavor is good, but it is too spicy for my family.",too_spicy,synthetic_review_corpus
R01571,P0226,Thailand,Lazada TH,Ready meal,Premium Import Brand K,Korean Rice Bowl - meal kit,4,"Good flavor, but it feels a bit heavy for frequent consumption.",health_concern,synthetic_review_corpus
R01572,P0226,Thailand,Lazada TH,Ready meal,Premium Import Brand K,Korean Rice Bowl - meal kit,2,I wish there was a milder version because the spice level is too strong.,too_spicy,synthetic_review_corpus
R01573,P0226,Thailand,Lazada TH,Ready meal,Premium Import Brand K,Korean Rice Bowl - meal kit,5,Very convenient for a quick meal after work.,convenience_positive,synthetic_review_corpus
R01574,P0227,Thailand,Shopee TH,Ready meal,Korean Brand E,Bulgogi Meal - microwave bowl,4,Easy to prepare and good for busy weekdays.,convenience_positive,synthetic_review_corpus
R01575,P0227,Thailand,Shopee TH,Ready meal,Korean Brand E,Bulgogi Meal - microwave bowl,3,"The product is good, but the price feels quite high for the portion size.",price_sensitivity,synthetic_review_corpus
R01576,P0227,Thailand,Shopee TH,Ready meal,Korean Brand E,Bulgogi Meal - microwave bowl,4,"The product looks good, but I could not find clear halal information.",halal_concern,synthetic_review_corpus
R01577,P0227,Thailand,Shopee TH,Ready meal,Korean Brand E,Bulgogi Meal - microwave bowl,3,I wish there was a milder version because the spice level is too strong.,too_spicy,synthetic_review_corpus
R01578,P0227,Thailand,Shopee TH,Ready meal,Korean Brand E,Bulgogi Meal - microwave bowl,4,"The product is good, but the packaging does not feel very strong.",packaging_issue,synthetic_review_corpus
R01579,P0227,Thailand,Shopee TH,Ready meal,Korean Brand E,Bulgogi Meal - microwave bowl,5,I like the rich seasoning and it feels close to real Korean-style food.,taste_authenticity_positive,synthetic_review_corpus
R01580,P0228,Thailand,Shopee TH,Ready meal,Local Brand C,Bulgogi Meal - meal kit,4,The taste is very satisfying and works well for a quick Korean meal at home.,taste_authenticity_positive,synthetic_review_corpus
R01581,P0228,Thailand,Shopee TH,Ready meal,Local Brand C,Bulgogi Meal - meal kit,3,"It tastes good, but one pack is not enough for a full meal.",portion_size,synthetic_review_corpus
R01582,P0228,Thailand,Shopee TH,Ready meal,Local Brand C,Bulgogi Meal - meal kit,5,The flavor tastes authentic and reminds me of Korean restaurant food.,taste_authenticity_positive,synthetic_review_corpus
R01583,P0228,Thailand,Shopee TH,Ready meal,Local Brand C,Bulgogi Meal - meal kit,3,Clear halal labeling would make me more confident to purchase.,halal_concern,synthetic_review_corpus
R01584,P0228,Thailand,Shopee TH,Ready meal,Local Brand C,Bulgogi Meal - meal kit,5,The taste is very satisfying and works well for a quick Korean meal at home.,taste_authenticity_positive,synthetic_review_corpus
R01585,P0228,Thailand,Shopee TH,Ready meal,Local Brand C,Bulgogi Meal - meal kit,4,I wish there was a milder version because the spice level is too strong.,too_spicy,synthetic_review_corpus
R01586,P0228,Thailand,Shopee TH,Ready meal,Local Brand C,Bulgogi Meal - meal kit,5,The flavor tastes authentic and reminds me of Korean restaurant food.,taste_authenticity_positive,synthetic_review_corpus
R01587,P0228,Thailand,Shopee TH,Ready meal,Local Brand C,Bulgogi Meal - meal kit,5,I like the rich seasoning and it feels close to real Korean-style food.,taste_authenticity_positive,synthetic_review_corpus
R01588,P0229,Thailand,Shopee TH,Ready meal,Local Brand L,Bulgogi Meal - microwave bowl,5,I like the rich seasoning and it feels close to real Korean-style food.,taste_authenticity_positive,synthetic_review_corpus
R01589,P0229,Thailand,Shopee TH,Ready meal,Local Brand L,Bulgogi Meal - microwave bowl,5,Easy to prepare and good for busy weekdays.,convenience_positive,synthetic_review_corpus
R01590,P0229,Thailand,Shopee TH,Ready meal,Local Brand L,Bulgogi Meal - microwave bowl,5,The flavor tastes authentic and reminds me of Korean restaurant food.,taste_authenticity_positive,synthetic_review_corpus
R01591,P0229,Thailand,Shopee TH,Ready meal,Local Brand L,Bulgogi Meal - microwave bowl,5,Easy to prepare and good for busy weekdays.,convenience_positive,synthetic_review_corpus
R01592,P0229,Thailand,Shopee TH,Ready meal,Local Brand L,Bulgogi Meal - microwave bowl,5,The flavor tastes authentic and reminds me of Korean restaurant food.,taste_authenticity_positive,synthetic_review_corpus
R01593,P0229,Thailand,Shopee TH,Ready meal,Local Brand L,Bulgogi Meal - microwave bowl,5,Easy to prepare and good for busy weekdays.,convenience_positive,synthetic_review_corpus
R01594,P0229,Thailand,Shopee TH,Ready meal,Local Brand L,Bulgogi Meal - microwave bowl,3,"The product looks good, but I could not find clear halal information.",halal_concern,synthetic_review_corpus
R01595,P0230,Thailand,Lazada TH,Ready meal,Japanese Brand N,Bibimbap Bowl - microwave bowl,4,I wish there was a milder version because the spice level is too strong.,too_spicy,synthetic_review_corpus
R01596,P0230,Thailand,Lazada TH,Ready meal,Japanese Brand N,Bibimbap Bowl - microwave bowl,5,I like the rich seasoning and it feels close to real Korean-style food.,taste_authenticity_positive,synthetic_review_corpus
R01597,P0230,Thailand,Lazada TH,Ready meal,Japanese Brand N,Bibimbap Bowl - microwave bowl,3,The portion is smaller than expected.,portion_size,synthetic_review_corpus
R01598,P0230,Thailand,Lazada TH,Ready meal,Japanese Brand N,Bibimbap Bowl - microwave bowl,3,I wish there was a milder version because the spice level is too strong.,too_spicy,synthetic_review_corpus
R01599,P0230,Thailand,Lazada TH,Ready meal,Japanese Brand N,Bibimbap Bowl - microwave bowl,2,"Good flavor, but it feels a bit heavy for frequent consumption.",health_concern,synthetic_review_corpus
R01600,P0230,Thailand,Lazada TH,Ready meal,Japanese Brand N,Bibimbap Bowl - microwave bowl,5,The flavor tastes authentic and reminds me of Korean restaurant food.,taste_authenticity_positive,synthetic_review_corpus
R01601,P0230,Thailand,Lazada TH,Ready meal,Japanese Brand N,Bibimbap Bowl - microwave bowl,3,The portion is smaller than expected.,portion_size,synthetic_review_corpus
R01602,P0230,Thailand,Lazada TH,Ready meal,Japanese Brand N,Bibimbap Bowl - microwave bowl,3,Clear halal labeling would make me more confident to purchase.,halal_concern,synthetic_review_corpus
R01603,P0230,Thailand,Lazada TH,Ready meal,Japanese Brand N,Bibimbap Bowl - microwave bowl,5,I like that it saves time and still tastes good.,convenience_positive,synthetic_review_corpus
R01604,P0230,Thailand,Lazada TH,Ready meal,Japanese Brand N,Bibimbap Bowl - microwave bowl,5,The flavor tastes authentic and reminds me of Korean restaurant food.,taste_authenticity_positive,synthetic_review_corpus
R01605,P0231,Thailand,Lazada TH,Ready meal,Korean Brand Y,Korean Rice Bowl - meal kit,4,The flavor tastes authentic and reminds me of Korean restaurant food.,taste_authenticity_positive,synthetic_review_corpus
R01606,P0231,Thailand,Lazada TH,Ready meal,Korean Brand Y,Korean Rice Bowl - meal kit,4,The taste is very satisfying and works well for a quick Korean meal at home.,taste_authenticity_positive,synthetic_review_corpus
R01607,P0231,Thailand,Lazada TH,Ready meal,Korean Brand Y,Korean Rice Bowl - meal kit,4,I like the rich seasoning and it feels close to real Korean-style food.,taste_authenticity_positive,synthetic_review_corpus
R01608,P0231,Thailand,Lazada TH,Ready meal,Korean Brand Y,Korean Rice Bowl - meal kit,4,"The taste is fine, but it feels expensive compared with local alternatives.",price_sensitivity,synthetic_review_corpus
R01609,P0231,Thailand,Lazada TH,Ready meal,Korean Brand Y,Korean Rice Bowl - meal kit,4,"The product is good, but the packaging does not feel very strong.",packaging_issue,synthetic_review_corpus
R01610,P0231,Thailand,Lazada TH,Ready meal,Korean Brand Y,Korean Rice Bowl - meal kit,2,Clear halal labeling would make me more confident to purchase.,halal_concern,synthetic_review_corpus
R01611,P0231,Thailand,Lazada TH,Ready meal,Korean Brand Y,Korean Rice Bowl - meal kit,3,I would buy this more often if the halal certification was clearly shown.,halal_concern,synthetic_review_corpus
R01612,P0231,Thailand,Lazada TH,Ready meal,Korean Brand Y,Korean Rice Bowl - meal kit,3,Clear halal labeling would make me more confident to purchase.,halal_concern,synthetic_review_corpus
R01613,P0232,Thailand,Shopee TH,Ready meal,Local Brand U,Bulgogi Meal - meal kit,4,The portion is smaller than expected.,portion_size,synthetic_review_corpus
R01614,P0232,Thailand,Shopee TH,Ready meal,Local Brand U,Bulgogi Meal - meal kit,3,"The product is good, but the packaging does not feel very strong.",packaging_issue,synthetic_review_corpus
R01615,P0232,Thailand,Shopee TH,Ready meal,Local Brand U,Bulgogi Meal - meal kit,2,"Good flavor, but it feels a bit heavy for frequent consumption.",health_concern,synthetic_review_corpus
R01616,P0232,Thailand,Shopee TH,Ready meal,Local Brand U,Bulgogi Meal - meal kit,3,I wish there was a milder version because the spice level is too strong.,too_spicy,synthetic_review_corpus
R01617,P0232,Thailand,Shopee TH,Ready meal,Local Brand U,Bulgogi Meal - meal kit,2,"The taste is fine, but it feels expensive compared with local alternatives.",price_sensitivity,synthetic_review_corpus
R01618,P0232,Thailand,Shopee TH,Ready meal,Local Brand U,Bulgogi Meal - meal kit,5,The taste is very satisfying and works well for a quick Korean meal at home.,taste_authenticity_positive,synthetic_review_corpus
R01619,P0232,Thailand,Shopee TH,Ready meal,Local Brand U,Bulgogi Meal - meal kit,5,Easy to prepare and good for busy weekdays.,convenience_positive,synthetic_review_corpus
R01620,P0233,Thailand,Shopee TH,Seaweed snack,Korean Brand H,Seaweed Snack - multi-pack,4,The label information could be clearer and easier to read.,packaging_issue,synthetic_review_corpus
R01621,P0233,Thailand,Shopee TH,Seaweed snack,Korean Brand H,Seaweed Snack - multi-pack,3,"The taste is nice, but I wish it had less sodium.",health_concern,synthetic_review_corpus
R01622,P0233,Thailand,Shopee TH,Seaweed snack,Korean Brand H,Seaweed Snack - multi-pack,5,I like the rich seasoning and it feels close to real Korean-style food.,taste_authenticity_positive,synthetic_review_corpus
R01623,P0233,Thailand,Shopee TH,Seaweed snack,Korean Brand H,Seaweed Snack - multi-pack,5,Easy to prepare and good for busy weekdays.,convenience_positive,synthetic_review_corpus
R01624,P0233,Thailand,Shopee TH,Seaweed snack,Korean Brand H,Seaweed Snack - multi-pack,2,"The product is good, but the price feels quite high for the portion size.",price_sensitivity,synthetic_review_corpus
R01625,P0233,Thailand,Shopee TH,Seaweed snack,Korean Brand H,Seaweed Snack - multi-pack,3,"I like it, but I would only buy again if there is a discount.",price_sensitivity,synthetic_review_corpus
R01626,P0234,Thailand,Shopee TH,Seaweed snack,Korean Brand S,Roasted Seaweed - tray pack,3,"Good flavor, but it feels a bit heavy for frequent consumption.",health_concern,synthetic_review_corpus
R01627,P0234,Thailand,Shopee TH,Seaweed snack,Korean Brand S,Roasted Seaweed - tray pack,4,"The product is good, but the price feels quite high for the portion size.",price_sensitivity,synthetic_review_corpus
R01628,P0234,Thailand,Shopee TH,Seaweed snack,Korean Brand S,Roasted Seaweed - tray pack,4,"The taste is fine, but it feels expensive compared with local alternatives.",price_sensitivity,synthetic_review_corpus
R01629,P0234,Thailand,Shopee TH,Seaweed snack,Korean Brand S,Roasted Seaweed - tray pack,3,"Good flavor, but it feels a bit heavy for frequent consumption.",health_concern,synthetic_review_corpus
R01630,P0234,Thailand,Shopee TH,Seaweed snack,Korean Brand S,Roasted Seaweed - tray pack,5,I like that it saves time and still tastes good.,convenience_positive,synthetic_review_corpus
R01631,P0234,Thailand,Shopee TH,Seaweed snack,Korean Brand S,Roasted Seaweed - tray pack,3,The label information could be clearer and easier to read.,packaging_issue,synthetic_review_corpus
R01632,P0234,Thailand,Shopee TH,Seaweed snack,Korean Brand S,Roasted Seaweed - tray pack,4,The taste is very satisfying and works well for a quick Korean meal at home.,taste_authenticity_positive,synthetic_review_corpus
R01633,P0234,Thailand,Shopee TH,Seaweed snack,Korean Brand S,Roasted Seaweed - tray pack,2,The label information could be clearer and easier to read.,packaging_issue,synthetic_review_corpus
R01634,P0235,Thailand,Lazada TH,Seaweed snack,Korean Brand E,Roasted Seaweed - tray pack,5,The flavor tastes authentic and reminds me of Korean restaurant food.,taste_authenticity_positive,synthetic_review_corpus
R01635,P0235,Thailand,Lazada TH,Seaweed snack,Korean Brand E,Roasted Seaweed - tray pack,4,"The taste is nice, but I wish it had less sodium.",health_concern,synthetic_review_corpus
R01636,P0235,Thailand,Lazada TH,Seaweed snack,Korean Brand E,Roasted Seaweed - tray pack,4,"It tastes good, but one pack is not enough for a full meal.",portion_size,synthetic_review_corpus
R01637,P0235,Thailand,Lazada TH,Seaweed snack,Korean Brand E,Roasted Seaweed - tray pack,3,I would buy this more often if the halal certification was clearly shown.,halal_concern,synthetic_review_corpus
R01638,P0235,Thailand,Lazada TH,Seaweed snack,Korean Brand E,Roasted Seaweed - tray pack,2,The portion is smaller than expected.,portion_size,synthetic_review_corpus
R01639,P0235,Thailand,Lazada TH,Seaweed snack,Korean Brand E,Roasted Seaweed - tray pack,3,"The taste is nice, but I wish it had less sodium.",health_concern,synthetic_review_corpus
R01640,P0235,Thailand,Lazada TH,Seaweed snack,Korean Brand E,Roasted Seaweed - tray pack,3,"The product is good, but the price feels quite high for the portion size.",price_sensitivity,synthetic_review_corpus
R01641,P0235,Thailand,Lazada TH,Seaweed snack,Korean Brand E,Roasted Seaweed - tray pack,3,"The product is good, but the price feels quite high for the portion size.",price_sensitivity,synthetic_review_corpus
R01642,P0236,Thailand,Shopee TH,Seaweed snack,Korean Brand E,Seaweed Crisps - tray pack,5,Very convenient for a quick meal after work.,convenience_positive,synthetic_review_corpus
R01643,P0236,Thailand,Shopee TH,Seaweed snack,Korean Brand E,Seaweed Crisps - tray pack,5,I like the rich seasoning and it feels close to real Korean-style food.,taste_authenticity_positive,synthetic_review_corpus
R01644,P0236,Thailand,Shopee TH,Seaweed snack,Korean Brand E,Seaweed Crisps - tray pack,3,"The product is good, but the price feels quite high for the portion size.",price_sensitivity,synthetic_review_corpus
R01645,P0236,Thailand,Shopee TH,Seaweed snack,Korean Brand E,Seaweed Crisps - tray pack,2,The serving size could be larger for the price.,portion_size,synthetic_review_corpus
R01646,P0236,Thailand,Shopee TH,Seaweed snack,Korean Brand E,Seaweed Crisps - tray pack,3,"The product looks good, but I could not find clear halal information.",halal_concern,synthetic_review_corpus
R01647,P0236,Thailand,Shopee TH,Seaweed snack,Korean Brand E,Seaweed Crisps - tray pack,4,The flavor tastes authentic and reminds me of Korean restaurant food.,taste_authenticity_positive,synthetic_review_corpus
R01648,P0236,Thailand,Shopee TH,Seaweed snack,Korean Brand E,Seaweed Crisps - tray pack,4,The taste is very satisfying and works well for a quick Korean meal at home.,taste_authenticity_positive,synthetic_review_corpus
R01649,P0236,Thailand,Shopee TH,Seaweed snack,Korean Brand E,Seaweed Crisps - tray pack,4,The packaging could be improved because it was slightly damaged when delivered.,packaging_issue,synthetic_review_corpus
R01650,P0236,Thailand,Shopee TH,Seaweed snack,Korean Brand E,Seaweed Crisps - tray pack,4,The taste is very satisfying and works well for a quick Korean meal at home.,taste_authenticity_positive,synthetic_review_corpus
R01651,P0237,Thailand,Shopee TH,Seaweed snack,Korean Brand Q,Seaweed Crisps - multi-pack,5,I like the rich seasoning and it feels close to real Korean-style food.,taste_authenticity_positive,synthetic_review_corpus
R01652,P0237,Thailand,Shopee TH,Seaweed snack,Korean Brand Q,Seaweed Crisps - multi-pack,3,"It tastes good, but one pack is not enough for a full meal.",portion_size,synthetic_review_corpus
R01653,P0237,Thailand,Shopee TH,Seaweed snack,Korean Brand Q,Seaweed Crisps - multi-pack,4,"Good flavor, but it feels a bit heavy for frequent consumption.",health_concern,synthetic_review_corpus
R01654,P0237,Thailand,Shopee TH,Seaweed snack,Korean Brand Q,Seaweed Crisps - multi-pack,3,"The product is good, but the price feels quite high for the portion size.",price_sensitivity,synthetic_review_corpus
R01655,P0237,Thailand,Shopee TH,Seaweed snack,Korean Brand Q,Seaweed Crisps - multi-pack,5,Very convenient for a quick meal after work.,convenience_positive,synthetic_review_corpus
R01656,P0237,Thailand,Shopee TH,Seaweed snack,Korean Brand Q,Seaweed Crisps - multi-pack,4,"The product is good, but the packaging does not feel very strong.",packaging_issue,synthetic_review_corpus
R01657,P0237,Thailand,Shopee TH,Seaweed snack,Korean Brand Q,Seaweed Crisps - multi-pack,3,The label information could be clearer and easier to read.,packaging_issue,synthetic_review_corpus
R01658,P0237,Thailand,Shopee TH,Seaweed snack,Korean Brand Q,Seaweed Crisps - multi-pack,3,"The product is good, but the packaging does not feel very strong.",packaging_issue,synthetic_review_corpus
R01659,P0237,Thailand,Shopee TH,Seaweed snack,Korean Brand Q,Seaweed Crisps - multi-pack,3,Clear halal labeling would make me more confident to purchase.,halal_concern,synthetic_review_corpus
R01660,P0238,Thailand,Lazada TH,Seaweed snack,Japanese Brand W,Seaweed Crisps - tray pack,2,"The product is good, but the packaging does not feel very strong.",packaging_issue,synthetic_review_corpus
R01661,P0238,Thailand,Lazada TH,Seaweed snack,Japanese Brand W,Seaweed Crisps - tray pack,5,I like the rich seasoning and it feels close to real Korean-style food.,taste_authenticity_positive,synthetic_review_corpus
R01662,P0238,Thailand,Lazada TH,Seaweed snack,Japanese Brand W,Seaweed Crisps - tray pack,3,The serving size could be larger for the price.,portion_size,synthetic_review_corpus
R01663,P0238,Thailand,Lazada TH,Seaweed snack,Japanese Brand W,Seaweed Crisps - tray pack,5,Easy to prepare and good for busy weekdays.,convenience_positive,synthetic_review_corpus
R01664,P0238,Thailand,Lazada TH,Seaweed snack,Japanese Brand W,Seaweed Crisps - tray pack,4,Very convenient for a quick meal after work.,convenience_positive,synthetic_review_corpus
R01665,P0238,Thailand,Lazada TH,Seaweed snack,Japanese Brand W,Seaweed Crisps - tray pack,4,Clear halal labeling would make me more confident to purchase.,halal_concern,synthetic_review_corpus
R01666,P0238,Thailand,Lazada TH,Seaweed snack,Japanese Brand W,Seaweed Crisps - tray pack,3,"The taste is fine, but it feels expensive compared with local alternatives.",price_sensitivity,synthetic_review_corpus
R01667,P0238,Thailand,Lazada TH,Seaweed snack,Japanese Brand W,Seaweed Crisps - tray pack,4,"The taste is fine, but it feels expensive compared with local alternatives.",price_sensitivity,synthetic_review_corpus
R01668,P0238,Thailand,Lazada TH,Seaweed snack,Japanese Brand W,Seaweed Crisps - tray pack,5,The taste is very satisfying and works well for a quick Korean meal at home.,taste_authenticity_positive,synthetic_review_corpus
R01669,P0238,Thailand,Lazada TH,Seaweed snack,Japanese Brand W,Seaweed Crisps - tray pack,5,I like the rich seasoning and it feels close to real Korean-style food.,taste_authenticity_positive,synthetic_review_corpus
R01670,P0239,Thailand,Lazada TH,Seaweed snack,Private Label Q,Roasted Seaweed - snack pack,5,The flavor tastes authentic and reminds me of Korean restaurant food.,taste_authenticity_positive,synthetic_review_corpus
R01671,P0239,Thailand,Lazada TH,Seaweed snack,Private Label Q,Roasted Seaweed - snack pack,5,I like the rich seasoning and it feels close to real Korean-style food.,taste_authenticity_positive,synthetic_review_corpus
R01672,P0239,Thailand,Lazada TH,Seaweed snack,Private Label Q,Roasted Seaweed - snack pack,5,The flavor tastes authentic and reminds me of Korean restaurant food.,taste_authenticity_positive,synthetic_review_corpus
R01673,P0239,Thailand,Lazada TH,Seaweed snack,Private Label Q,Roasted Seaweed - snack pack,2,"The taste is nice, but I wish it had less sodium.",health_concern,synthetic_review_corpus
R01674,P0239,Thailand,Lazada TH,Seaweed snack,Private Label Q,Roasted Seaweed - snack pack,5,The taste is very satisfying and works well for a quick Korean meal at home.,taste_authenticity_positive,synthetic_review_corpus
R01675,P0239,Thailand,Lazada TH,Seaweed snack,Private Label Q,Roasted Seaweed - snack pack,4,"The product tastes nice, but the heat level may be difficult for beginners.",too_spicy,synthetic_review_corpus
R01676,P0240,Thailand,Lazada TH,Seaweed snack,Local Brand U,Roasted Seaweed - multi-pack,3,The label information could be clearer and easier to read.,packaging_issue,synthetic_review_corpus
R01677,P0240,Thailand,Lazada TH,Seaweed snack,Local Brand U,Roasted Seaweed - multi-pack,3,I would buy this more often if the halal certification was clearly shown.,halal_concern,synthetic_review_corpus
R01678,P0240,Thailand,Lazada TH,Seaweed snack,Local Brand U,Roasted Seaweed - multi-pack,3,"The product is good, but the price feels quite high for the portion size.",price_sensitivity,synthetic_review_corpus
R01679,P0240,Thailand,Lazada TH,Seaweed snack,Local Brand U,Roasted Seaweed - multi-pack,3,"Good flavor, but it feels a bit heavy for frequent consumption.",health_concern,synthetic_review_corpus
R01680,P0240,Thailand,Lazada TH,Seaweed snack,Local Brand U,Roasted Seaweed - multi-pack,3,"The product is good, but the price feels quite high for the portion size.",price_sensitivity,synthetic_review_corpus
R01681,P0240,Thailand,Lazada TH,Seaweed snack,Local Brand U,Roasted Seaweed - multi-pack,3,"It tastes good, but one pack is not enough for a full meal.",portion_size,synthetic_review_corpus
R01682,P0240,Thailand,Lazada TH,Seaweed snack,Local Brand U,Roasted Seaweed - multi-pack,3,"Good flavor, but it feels a bit heavy for frequent consumption.",health_concern,synthetic_review_corpus
R01683,P0240,Thailand,Lazada TH,Seaweed snack,Local Brand U,Roasted Seaweed - multi-pack,4,Easy to prepare and good for busy weekdays.,convenience_positive,synthetic_review_corpus
R01684,P0240,Thailand,Lazada TH,Seaweed snack,Local Brand U,Roasted Seaweed - multi-pack,4,"The product is good, but the packaging does not feel very strong.",packaging_issue,synthetic_review_corpus
R01685,P0240,Thailand,Lazada TH,Seaweed snack,Local Brand U,Roasted Seaweed - multi-pack,5,I like the rich seasoning and it feels close to real Korean-style food.,taste_authenticity_positive,synthetic_review_corpus
R01686,P0241,Viet Nam,Lazada VN,Korean ramen,Local Brand B,Spicy Ramen - multi-pack,2,"The product is good, but the packaging does not feel very strong.",packaging_issue,synthetic_review_corpus
R01687,P0241,Viet Nam,Lazada VN,Korean ramen,Local Brand B,Spicy Ramen - multi-pack,3,"The taste is fine, but it feels expensive compared with local alternatives.",price_sensitivity,synthetic_review_corpus
R01688,P0241,Viet Nam,Lazada VN,Korean ramen,Local Brand B,Spicy Ramen - multi-pack,5,I like the rich seasoning and it feels close to real Korean-style food.,taste_authenticity_positive,synthetic_review_corpus
R01689,P0241,Viet Nam,Lazada VN,Korean ramen,Local Brand B,Spicy Ramen - multi-pack,3,"The product tastes nice, but the heat level may be difficult for beginners.",too_spicy,synthetic_review_corpus
R01690,P0241,Viet Nam,Lazada VN,Korean ramen,Local Brand B,Spicy Ramen - multi-pack,3,"The taste is fine, but it feels expensive compared with local alternatives.",price_sensitivity,synthetic_review_corpus
R01691,P0242,Viet Nam,Lazada VN,Korean ramen,Private Label V,Cheese Ramen - single pack,4,I like the rich seasoning and it feels close to real Korean-style food.,taste_authenticity_positive,synthetic_review_corpus
R01692,P0242,Viet Nam,Lazada VN,Korean ramen,Private Label V,Cheese Ramen - single pack,2,The portion is smaller than expected.,portion_size,synthetic_review_corpus
R01693,P0242,Viet Nam,Lazada VN,Korean ramen,Private Label V,Cheese Ramen - single pack,4,The flavor tastes authentic and reminds me of Korean restaurant food.,taste_authenticity_positive,synthetic_review_corpus
R01694,P0242,Viet Nam,Lazada VN,Korean ramen,Private Label V,Cheese Ramen - single pack,5,Easy to prepare and good for busy weekdays.,convenience_positive,synthetic_review_corpus
R01695,P0242,Viet Nam,Lazada VN,Korean ramen,Private Label V,Cheese Ramen - single pack,3,I wish there was a milder version because the spice level is too strong.,too_spicy,synthetic_review_corpus
R01696,P0242,Viet Nam,Lazada VN,Korean ramen,Private Label V,Cheese Ramen - single pack,3,"The product is good, but the price feels quite high for the portion size.",price_sensitivity,synthetic_review_corpus
R01697,P0242,Viet Nam,Lazada VN,Korean ramen,Private Label V,Cheese Ramen - single pack,3,The label information could be clearer and easier to read.,packaging_issue,synthetic_review_corpus
R01698,P0242,Viet Nam,Lazada VN,Korean ramen,Private Label V,Cheese Ramen - single pack,2,"The product tastes nice, but the heat level may be difficult for beginners.",too_spicy,synthetic_review_corpus
R01699,P0243,Viet Nam,Lazada VN,Korean ramen,Local Brand B,Cheese Ramen - cup noodle,3,"The taste is fine, but it feels expensive compared with local alternatives.",price_sensitivity,synthetic_review_corpus
R01700,P0243,Viet Nam,Lazada VN,Korean ramen,Local Brand B,Cheese Ramen - cup noodle,5,The taste is very satisfying and works well for a quick Korean meal at home.,taste_authenticity_positive,synthetic_review_corpus
R01701,P0243,Viet Nam,Lazada VN,Korean ramen,Local Brand B,Cheese Ramen - cup noodle,2,I wish there was a milder version because the spice level is too strong.,too_spicy,synthetic_review_corpus
R01702,P0243,Viet Nam,Lazada VN,Korean ramen,Local Brand B,Cheese Ramen - cup noodle,5,The flavor tastes authentic and reminds me of Korean restaurant food.,taste_authenticity_positive,synthetic_review_corpus
R01703,P0243,Viet Nam,Lazada VN,Korean ramen,Local Brand B,Cheese Ramen - cup noodle,2,"The product is good, but the packaging does not feel very strong.",packaging_issue,synthetic_review_corpus
R01704,P0243,Viet Nam,Lazada VN,Korean ramen,Local Brand B,Cheese Ramen - cup noodle,5,I like the rich seasoning and it feels close to real Korean-style food.,taste_authenticity_positive,synthetic_review_corpus
R01705,P0243,Viet Nam,Lazada VN,Korean ramen,Local Brand B,Cheese Ramen - cup noodle,2,"The product tastes nice, but the heat level may be difficult for beginners.",too_spicy,synthetic_review_corpus
R01706,P0243,Viet Nam,Lazada VN,Korean ramen,Local Brand B,Cheese Ramen - cup noodle,5,Very convenient for a quick meal after work.,convenience_positive,synthetic_review_corpus
R01707,P0244,Viet Nam,Shopee VN,Korean ramen,Korean Brand B,Cheese Ramen - single pack,3,The portion is smaller than expected.,portion_size,synthetic_review_corpus
R01708,P0244,Viet Nam,Shopee VN,Korean ramen,Korean Brand B,Cheese Ramen - single pack,3,"The taste is fine, but it feels expensive compared with local alternatives.",price_sensitivity,synthetic_review_corpus
R01709,P0244,Viet Nam,Shopee VN,Korean ramen,Korean Brand B,Cheese Ramen - single pack,4,"The product looks good, but I could not find clear halal information.",halal_concern,synthetic_review_corpus
R01710,P0244,Viet Nam,Shopee VN,Korean ramen,Korean Brand B,Cheese Ramen - single pack,4,Easy to prepare and good for busy weekdays.,convenience_positive,synthetic_review_corpus
R01711,P0244,Viet Nam,Shopee VN,Korean ramen,Korean Brand B,Cheese Ramen - single pack,5,Easy to prepare and good for busy weekdays.,convenience_positive,synthetic_review_corpus
R01712,P0244,Viet Nam,Shopee VN,Korean ramen,Korean Brand B,Cheese Ramen - single pack,2,"The flavor is good, but it is too spicy for my family.",too_spicy,synthetic_review_corpus
R01713,P0244,Viet Nam,Shopee VN,Korean ramen,Korean Brand B,Cheese Ramen - single pack,4,I wish there was a milder version because the spice level is too strong.,too_spicy,synthetic_review_corpus
R01714,P0245,Viet Nam,Shopee VN,Korean ramen,Private Label C,Mild Ramen - cup noodle,4,I like the rich seasoning and it feels close to real Korean-style food.,taste_authenticity_positive,synthetic_review_corpus
R01715,P0245,Viet Nam,Shopee VN,Korean ramen,Private Label C,Mild Ramen - cup noodle,4,I wish there was a milder version because the spice level is too strong.,too_spicy,synthetic_review_corpus
R01716,P0245,Viet Nam,Shopee VN,Korean ramen,Private Label C,Mild Ramen - cup noodle,3,"The product is good, but the packaging does not feel very strong.",packaging_issue,synthetic_review_corpus
R01717,P0245,Viet Nam,Shopee VN,Korean ramen,Private Label C,Mild Ramen - cup noodle,2,"I like it, but I would only buy again if there is a discount.",price_sensitivity,synthetic_review_corpus
R01718,P0245,Viet Nam,Shopee VN,Korean ramen,Private Label C,Mild Ramen - cup noodle,5,I like that it saves time and still tastes good.,convenience_positive,synthetic_review_corpus
R01719,P0245,Viet Nam,Shopee VN,Korean ramen,Private Label C,Mild Ramen - cup noodle,4,"Good flavor, but it feels a bit heavy for frequent consumption.",health_concern,synthetic_review_corpus
R01720,P0245,Viet Nam,Shopee VN,Korean ramen,Private Label C,Mild Ramen - cup noodle,4,The flavor tastes authentic and reminds me of Korean restaurant food.,taste_authenticity_positive,synthetic_review_corpus
R01721,P0245,Viet Nam,Shopee VN,Korean ramen,Private Label C,Mild Ramen - cup noodle,4,The portion is smaller than expected.,portion_size,synthetic_review_corpus
R01722,P0246,Viet Nam,Shopee VN,Korean ramen,Korean Brand S,Mild Ramen - multi-pack,4,I would buy this more often if the halal certification was clearly shown.,halal_concern,synthetic_review_corpus
R01723,P0246,Viet Nam,Shopee VN,Korean ramen,Korean Brand S,Mild Ramen - multi-pack,4,I like the rich seasoning and it feels close to real Korean-style food.,taste_authenticity_positive,synthetic_review_corpus
R01724,P0246,Viet Nam,Shopee VN,Korean ramen,Korean Brand S,Mild Ramen - multi-pack,4,The serving size could be larger for the price.,portion_size,synthetic_review_corpus
R01725,P0246,Viet Nam,Shopee VN,Korean ramen,Korean Brand S,Mild Ramen - multi-pack,5,Easy to prepare and good for busy weekdays.,convenience_positive,synthetic_review_corpus
R01726,P0246,Viet Nam,Shopee VN,Korean ramen,Korean Brand S,Mild Ramen - multi-pack,2,"The product looks good, but I could not find clear halal information.",halal_concern,synthetic_review_corpus
R01727,P0246,Viet Nam,Shopee VN,Korean ramen,Korean Brand S,Mild Ramen - multi-pack,4,I would prefer a healthier version with cleaner ingredients.,health_concern,synthetic_review_corpus
R01728,P0246,Viet Nam,Shopee VN,Korean ramen,Korean Brand S,Mild Ramen - multi-pack,4,The taste is very satisfying and works well for a quick Korean meal at home.,taste_authenticity_positive,synthetic_review_corpus
R01729,P0247,Viet Nam,Lazada VN,Korean ramen,Korean Brand L,Spicy Ramen - multi-pack,5,I like the rich seasoning and it feels close to real Korean-style food.,taste_authenticity_positive,synthetic_review_corpus
R01730,P0247,Viet Nam,Lazada VN,Korean ramen,Korean Brand L,Spicy Ramen - multi-pack,4,The taste is very satisfying and works well for a quick Korean meal at home.,taste_authenticity_positive,synthetic_review_corpus
R01731,P0247,Viet Nam,Lazada VN,Korean ramen,Korean Brand L,Spicy Ramen - multi-pack,5,The taste is very satisfying and works well for a quick Korean meal at home.,taste_authenticity_positive,synthetic_review_corpus
R01732,P0247,Viet Nam,Lazada VN,Korean ramen,Korean Brand L,Spicy Ramen - multi-pack,3,"The flavor is good, but it is too spicy for my family.",too_spicy,synthetic_review_corpus
R01733,P0247,Viet Nam,Lazada VN,Korean ramen,Korean Brand L,Spicy Ramen - multi-pack,4,The packaging could be improved because it was slightly damaged when delivered.,packaging_issue,synthetic_review_corpus
R01734,P0247,Viet Nam,Lazada VN,Korean ramen,Korean Brand L,Spicy Ramen - multi-pack,4,I like the rich seasoning and it feels close to real Korean-style food.,taste_authenticity_positive,synthetic_review_corpus
R01735,P0247,Viet Nam,Lazada VN,Korean ramen,Korean Brand L,Spicy Ramen - multi-pack,4,The flavor tastes authentic and reminds me of Korean restaurant food.,taste_authenticity_positive,synthetic_review_corpus
R01736,P0247,Viet Nam,Lazada VN,Korean ramen,Korean Brand L,Spicy Ramen - multi-pack,3,"It tastes good, but one pack is not enough for a full meal.",portion_size,synthetic_review_corpus
R01737,P0247,Viet Nam,Lazada VN,Korean ramen,Korean Brand L,Spicy Ramen - multi-pack,2,Clear halal labeling would make me more confident to purchase.,halal_concern,synthetic_review_corpus
R01738,P0248,Viet Nam,Lazada VN,Korean ramen,Korean Brand N,Kimchi Ramen - cup noodle,5,Easy to prepare and good for busy weekdays.,convenience_positive,synthetic_review_corpus
R01739,P0248,Viet Nam,Lazada VN,Korean ramen,Korean Brand N,Kimchi Ramen - cup noodle,3,The label information could be clearer and easier to read.,packaging_issue,synthetic_review_corpus
R01740,P0248,Viet Nam,Lazada VN,Korean ramen,Korean Brand N,Kimchi Ramen - cup noodle,5,I like the rich seasoning and it feels close to real Korean-style food.,taste_authenticity_positive,synthetic_review_corpus
R01741,P0248,Viet Nam,Lazada VN,Korean ramen,Korean Brand N,Kimchi Ramen - cup noodle,2,The portion is smaller than expected.,portion_size,synthetic_review_corpus
R01742,P0248,Viet Nam,Lazada VN,Korean ramen,Korean Brand N,Kimchi Ramen - cup noodle,3,"The product tastes nice, but the heat level may be difficult for beginners.",too_spicy,synthetic_review_corpus
R01743,P0248,Viet Nam,Lazada VN,Korean ramen,Korean Brand N,Kimchi Ramen - cup noodle,3,"The taste is nice, but I wish it had less sodium.",health_concern,synthetic_review_corpus
R01744,P0248,Viet Nam,Lazada VN,Korean ramen,Korean Brand N,Kimchi Ramen - cup noodle,3,I would buy this more often if the halal certification was clearly shown.,halal_concern,synthetic_review_corpus
R01745,P0248,Viet Nam,Lazada VN,Korean ramen,Korean Brand N,Kimchi Ramen - cup noodle,3,"The product looks good, but I could not find clear halal information.",halal_concern,synthetic_review_corpus
R01746,P0249,Viet Nam,Lazada VN,Kimchi,Japanese Brand E,Original Kimchi - fresh pack,5,I like that it saves time and still tastes good.,convenience_positive,synthetic_review_corpus
R01747,P0249,Viet Nam,Lazada VN,Kimchi,Japanese Brand E,Original Kimchi - fresh pack,5,The taste is very satisfying and works well for a quick Korean meal at home.,taste_authenticity_positive,synthetic_review_corpus
R01748,P0249,Viet Nam,Lazada VN,Kimchi,Japanese Brand E,Original Kimchi - fresh pack,5,I like the rich seasoning and it feels close to real Korean-style food.,taste_authenticity_positive,synthetic_review_corpus
R01749,P0249,Viet Nam,Lazada VN,Kimchi,Japanese Brand E,Original Kimchi - fresh pack,5,The flavor tastes authentic and reminds me of Korean restaurant food.,taste_authenticity_positive,synthetic_review_corpus
R01750,P0249,Viet Nam,Lazada VN,Kimchi,Japanese Brand E,Original Kimchi - fresh pack,5,The taste is very satisfying and works well for a quick Korean meal at home.,taste_authenticity_positive,synthetic_review_corpus
R01751,P0250,Viet Nam,Shopee VN,Kimchi,Local Brand K,Mild Kimchi - pouch,3,The label information could be clearer and easier to read.,packaging_issue,synthetic_review_corpus
R01752,P0250,Viet Nam,Shopee VN,Kimchi,Local Brand K,Mild Kimchi - pouch,2,"The product is good, but the price feels quite high for the portion size.",price_sensitivity,synthetic_review_corpus
R01753,P0250,Viet Nam,Shopee VN,Kimchi,Local Brand K,Mild Kimchi - pouch,4,"The taste is nice, but I wish it had less sodium.",health_concern,synthetic_review_corpus
R01754,P0250,Viet Nam,Shopee VN,Kimchi,Local Brand K,Mild Kimchi - pouch,5,Very convenient for a quick meal after work.,convenience_positive,synthetic_review_corpus
R01755,P0250,Viet Nam,Shopee VN,Kimchi,Local Brand K,Mild Kimchi - pouch,2,I would buy this more often if the halal certification was clearly shown.,halal_concern,synthetic_review_corpus
R01756,P0250,Viet Nam,Shopee VN,Kimchi,Local Brand K,Mild Kimchi - pouch,4,The flavor tastes authentic and reminds me of Korean restaurant food.,taste_authenticity_positive,synthetic_review_corpus
R01757,P0251,Viet Nam,Shopee VN,Kimchi,Local Brand T,Mild Kimchi - pouch,3,"The product is good, but the price feels quite high for the portion size.",price_sensitivity,synthetic_review_corpus
R01758,P0251,Viet Nam,Shopee VN,Kimchi,Local Brand T,Mild Kimchi - pouch,5,The flavor tastes authentic and reminds me of Korean restaurant food.,taste_authenticity_positive,synthetic_review_corpus
R01759,P0251,Viet Nam,Shopee VN,Kimchi,Local Brand T,Mild Kimchi - pouch,2,"The product looks good, but I could not find clear halal information.",halal_concern,synthetic_review_corpus
R01760,P0251,Viet Nam,Shopee VN,Kimchi,Local Brand T,Mild Kimchi - pouch,3,"The taste is nice, but I wish it had less sodium.",health_concern,synthetic_review_corpus
R01761,P0251,Viet Nam,Shopee VN,Kimchi,Local Brand T,Mild Kimchi - pouch,3,I would prefer a healthier version with cleaner ingredients.,health_concern,synthetic_review_corpus
R01762,P0252,Viet Nam,Lazada VN,Kimchi,Private Label X,Cabbage Kimchi - fresh pack,3,"The product tastes nice, but the heat level may be difficult for beginners.",too_spicy,synthetic_review_corpus
R01763,P0252,Viet Nam,Lazada VN,Kimchi,Private Label X,Cabbage Kimchi - fresh pack,5,The flavor tastes authentic and reminds me of Korean restaurant food.,taste_authenticity_positive,synthetic_review_corpus
R01764,P0252,Viet Nam,Lazada VN,Kimchi,Private Label X,Cabbage Kimchi - fresh pack,3,"It tastes good, but one pack is not enough for a full meal.",portion_size,synthetic_review_corpus
R01765,P0252,Viet Nam,Lazada VN,Kimchi,Private Label X,Cabbage Kimchi - fresh pack,5,I like the rich seasoning and it feels close to real Korean-style food.,taste_authenticity_positive,synthetic_review_corpus
R01766,P0252,Viet Nam,Lazada VN,Kimchi,Private Label X,Cabbage Kimchi - fresh pack,5,I like the rich seasoning and it feels close to real Korean-style food.,taste_authenticity_positive,synthetic_review_corpus
R01767,P0252,Viet Nam,Lazada VN,Kimchi,Private Label X,Cabbage Kimchi - fresh pack,5,The taste is very satisfying and works well for a quick Korean meal at home.,taste_authenticity_positive,synthetic_review_corpus
R01768,P0252,Viet Nam,Lazada VN,Kimchi,Private Label X,Cabbage Kimchi - fresh pack,3,"The product is good, but the packaging does not feel very strong.",packaging_issue,synthetic_review_corpus
R01769,P0253,Viet Nam,Lazada VN,Kimchi,Local Brand F,Fresh Kimchi - pouch,4,The taste is very satisfying and works well for a quick Korean meal at home.,taste_authenticity_positive,synthetic_review_corpus
R01770,P0253,Viet Nam,Lazada VN,Kimchi,Local Brand F,Fresh Kimchi - pouch,5,Very convenient for a quick meal after work.,convenience_positive,synthetic_review_corpus
R01771,P0253,Viet Nam,Lazada VN,Kimchi,Local Brand F,Fresh Kimchi - pouch,5,The taste is very satisfying and works well for a quick Korean meal at home.,taste_authenticity_positive,synthetic_review_corpus
R01772,P0253,Viet Nam,Lazada VN,Kimchi,Local Brand F,Fresh Kimchi - pouch,3,The packaging could be improved because it was slightly damaged when delivered.,packaging_issue,synthetic_review_corpus
R01773,P0254,Viet Nam,Lazada VN,Kimchi,Premium Import Brand E,Fresh Kimchi - jar,2,"The product is good, but the price feels quite high for the portion size.",price_sensitivity,synthetic_review_corpus
R01774,P0254,Viet Nam,Lazada VN,Kimchi,Premium Import Brand E,Fresh Kimchi - jar,3,I would prefer a healthier version with cleaner ingredients.,health_concern,synthetic_review_corpus
R01775,P0254,Viet Nam,Lazada VN,Kimchi,Premium Import Brand E,Fresh Kimchi - jar,3,I would prefer a healthier version with cleaner ingredients.,health_concern,synthetic_review_corpus
R01776,P0254,Viet Nam,Lazada VN,Kimchi,Premium Import Brand E,Fresh Kimchi - jar,3,The serving size could be larger for the price.,portion_size,synthetic_review_corpus
R01777,P0255,Viet Nam,Shopee VN,Kimchi,Korean Brand T,Cabbage Kimchi - fresh pack,2,"I like it, but I would only buy again if there is a discount.",price_sensitivity,synthetic_review_corpus
R01778,P0255,Viet Nam,Shopee VN,Kimchi,Korean Brand T,Cabbage Kimchi - fresh pack,3,"The taste is nice, but I wish it had less sodium.",health_concern,synthetic_review_corpus
R01779,P0255,Viet Nam,Shopee VN,Kimchi,Korean Brand T,Cabbage Kimchi - fresh pack,4,I like the rich seasoning and it feels close to real Korean-style food.,taste_authenticity_positive,synthetic_review_corpus
R01780,P0255,Viet Nam,Shopee VN,Kimchi,Korean Brand T,Cabbage Kimchi - fresh pack,5,The taste is very satisfying and works well for a quick Korean meal at home.,taste_authenticity_positive,synthetic_review_corpus
R01781,P0255,Viet Nam,Shopee VN,Kimchi,Korean Brand T,Cabbage Kimchi - fresh pack,5,I like that it saves time and still tastes good.,convenience_positive,synthetic_review_corpus
R01782,P0255,Viet Nam,Shopee VN,Kimchi,Korean Brand T,Cabbage Kimchi - fresh pack,2,I would prefer a healthier version with cleaner ingredients.,health_concern,synthetic_review_corpus
R01783,P0255,Viet Nam,Shopee VN,Kimchi,Korean Brand T,Cabbage Kimchi - fresh pack,2,I wish there was a milder version because the spice level is too strong.,too_spicy,synthetic_review_corpus
R01784,P0255,Viet Nam,Shopee VN,Kimchi,Korean Brand T,Cabbage Kimchi - fresh pack,5,Very convenient for a quick meal after work.,convenience_positive,synthetic_review_corpus
R01785,P0255,Viet Nam,Shopee VN,Kimchi,Korean Brand T,Cabbage Kimchi - fresh pack,3,"It tastes good, but one pack is not enough for a full meal.",portion_size,synthetic_review_corpus
R01786,P0255,Viet Nam,Shopee VN,Kimchi,Korean Brand T,Cabbage Kimchi - fresh pack,3,"The taste is fine, but it feels expensive compared with local alternatives.",price_sensitivity,synthetic_review_corpus
R01787,P0256,Viet Nam,Lazada VN,Kimchi,Private Label N,Fresh Kimchi - fresh pack,2,The label information could be clearer and easier to read.,packaging_issue,synthetic_review_corpus
R01788,P0256,Viet Nam,Lazada VN,Kimchi,Private Label N,Fresh Kimchi - fresh pack,4,The packaging could be improved because it was slightly damaged when delivered.,packaging_issue,synthetic_review_corpus
R01789,P0256,Viet Nam,Lazada VN,Kimchi,Private Label N,Fresh Kimchi - fresh pack,3,"The product is good, but the packaging does not feel very strong.",packaging_issue,synthetic_review_corpus
R01790,P0256,Viet Nam,Lazada VN,Kimchi,Private Label N,Fresh Kimchi - fresh pack,2,"The taste is nice, but I wish it had less sodium.",health_concern,synthetic_review_corpus
R01791,P0256,Viet Nam,Lazada VN,Kimchi,Private Label N,Fresh Kimchi - fresh pack,2,I wish there was a milder version because the spice level is too strong.,too_spicy,synthetic_review_corpus
R01792,P0256,Viet Nam,Lazada VN,Kimchi,Private Label N,Fresh Kimchi - fresh pack,3,"The taste is nice, but I wish it had less sodium.",health_concern,synthetic_review_corpus
R01793,P0256,Viet Nam,Lazada VN,Kimchi,Private Label N,Fresh Kimchi - fresh pack,3,The packaging could be improved because it was slightly damaged when delivered.,packaging_issue,synthetic_review_corpus
R01794,P0257,Viet Nam,Shopee VN,Gochujang sauce,Korean Brand F,Sweet Spicy Sauce - squeeze bottle,5,I like that it saves time and still tastes good.,convenience_positive,synthetic_review_corpus
R01795,P0257,Viet Nam,Shopee VN,Gochujang sauce,Korean Brand F,Sweet Spicy Sauce - squeeze bottle,4,The flavor tastes authentic and reminds me of Korean restaurant food.,taste_authenticity_positive,synthetic_review_corpus
R01796,P0257,Viet Nam,Shopee VN,Gochujang sauce,Korean Brand F,Sweet Spicy Sauce - squeeze bottle,3,"The taste is nice, but I wish it had less sodium.",health_concern,synthetic_review_corpus
R01797,P0257,Viet Nam,Shopee VN,Gochujang sauce,Korean Brand F,Sweet Spicy Sauce - squeeze bottle,5,The taste is very satisfying and works well for a quick Korean meal at home.,taste_authenticity_positive,synthetic_review_corpus
R01798,P0257,Viet Nam,Shopee VN,Gochujang sauce,Korean Brand F,Sweet Spicy Sauce - squeeze bottle,3,"The flavor is good, but it is too spicy for my family.",too_spicy,synthetic_review_corpus
R01799,P0257,Viet Nam,Shopee VN,Gochujang sauce,Korean Brand F,Sweet Spicy Sauce - squeeze bottle,4,"Good flavor, but it feels a bit heavy for frequent consumption.",health_concern,synthetic_review_corpus
R01800,P0257,Viet Nam,Shopee VN,Gochujang sauce,Korean Brand F,Sweet Spicy Sauce - squeeze bottle,4,"The flavor is good, but it is too spicy for my family.",too_spicy,synthetic_review_corpus
R01801,P0257,Viet Nam,Shopee VN,Gochujang sauce,Korean Brand F,Sweet Spicy Sauce - squeeze bottle,3,"The product is good, but the packaging does not feel very strong.",packaging_issue,synthetic_review_corpus
R01802,P0257,Viet Nam,Shopee VN,Gochujang sauce,Korean Brand F,Sweet Spicy Sauce - squeeze bottle,4,The taste is very satisfying and works well for a quick Korean meal at home.,taste_authenticity_positive,synthetic_review_corpus
R01803,P0258,Viet Nam,Lazada VN,Gochujang sauce,Korean Brand H,Korean Chili Sauce - squeeze bottle,3,I wish there was a milder version because the spice level is too strong.,too_spicy,synthetic_review_corpus
R01804,P0258,Viet Nam,Lazada VN,Gochujang sauce,Korean Brand H,Korean Chili Sauce - squeeze bottle,4,Clear halal labeling would make me more confident to purchase.,halal_concern,synthetic_review_corpus
R01805,P0258,Viet Nam,Lazada VN,Gochujang sauce,Korean Brand H,Korean Chili Sauce - squeeze bottle,4,"The flavor is good, but it is too spicy for my family.",too_spicy,synthetic_review_corpus
R01806,P0258,Viet Nam,Lazada VN,Gochujang sauce,Korean Brand H,Korean Chili Sauce - squeeze bottle,4,"The product tastes nice, but the heat level may be difficult for beginners.",too_spicy,synthetic_review_corpus
R01807,P0258,Viet Nam,Lazada VN,Gochujang sauce,Korean Brand H,Korean Chili Sauce - squeeze bottle,4,"The product is good, but the price feels quite high for the portion size.",price_sensitivity,synthetic_review_corpus
R01808,P0258,Viet Nam,Lazada VN,Gochujang sauce,Korean Brand H,Korean Chili Sauce - squeeze bottle,2,I would prefer a healthier version with cleaner ingredients.,health_concern,synthetic_review_corpus
R01809,P0258,Viet Nam,Lazada VN,Gochujang sauce,Korean Brand H,Korean Chili Sauce - squeeze bottle,4,"The taste is nice, but I wish it had less sodium.",health_concern,synthetic_review_corpus
R01810,P0258,Viet Nam,Lazada VN,Gochujang sauce,Korean Brand H,Korean Chili Sauce - squeeze bottle,4,I like that it saves time and still tastes good.,convenience_positive,synthetic_review_corpus
R01811,P0258,Viet Nam,Lazada VN,Gochujang sauce,Korean Brand H,Korean Chili Sauce - squeeze bottle,5,Very convenient for a quick meal after work.,convenience_positive,synthetic_review_corpus
R01812,P0259,Viet Nam,Lazada VN,Gochujang sauce,Japanese Brand T,Gochujang Sauce - tube,2,"Good flavor, but it feels a bit heavy for frequent consumption.",health_concern,synthetic_review_corpus
R01813,P0259,Viet Nam,Lazada VN,Gochujang sauce,Japanese Brand T,Gochujang Sauce - tube,3,The portion is smaller than expected.,portion_size,synthetic_review_corpus
R01814,P0259,Viet Nam,Lazada VN,Gochujang sauce,Japanese Brand T,Gochujang Sauce - tube,3,"The taste is nice, but I wish it had less sodium.",health_concern,synthetic_review_corpus
R01815,P0259,Viet Nam,Lazada VN,Gochujang sauce,Japanese Brand T,Gochujang Sauce - tube,4,I wish there was a milder version because the spice level is too strong.,too_spicy,synthetic_review_corpus
R01816,P0260,Viet Nam,Lazada VN,Gochujang sauce,Premium Import Brand M,Sweet Spicy Sauce - tube,4,The taste is very satisfying and works well for a quick Korean meal at home.,taste_authenticity_positive,synthetic_review_corpus
R01817,P0260,Viet Nam,Lazada VN,Gochujang sauce,Premium Import Brand M,Sweet Spicy Sauce - tube,5,I like the rich seasoning and it feels close to real Korean-style food.,taste_authenticity_positive,synthetic_review_corpus
R01818,P0260,Viet Nam,Lazada VN,Gochujang sauce,Premium Import Brand M,Sweet Spicy Sauce - tube,3,"Good flavor, but it feels a bit heavy for frequent consumption.",health_concern,synthetic_review_corpus
R01819,P0260,Viet Nam,Lazada VN,Gochujang sauce,Premium Import Brand M,Sweet Spicy Sauce - tube,4,I like that it saves time and still tastes good.,convenience_positive,synthetic_review_corpus
R01820,P0260,Viet Nam,Lazada VN,Gochujang sauce,Premium Import Brand M,Sweet Spicy Sauce - tube,3,"The taste is fine, but it feels expensive compared with local alternatives.",price_sensitivity,synthetic_review_corpus
R01821,P0260,Viet Nam,Lazada VN,Gochujang sauce,Premium Import Brand M,Sweet Spicy Sauce - tube,2,"I like it, but I would only buy again if there is a discount.",price_sensitivity,synthetic_review_corpus
R01822,P0260,Viet Nam,Lazada VN,Gochujang sauce,Premium Import Brand M,Sweet Spicy Sauce - tube,3,"The product is good, but the packaging does not feel very strong.",packaging_issue,synthetic_review_corpus
R01823,P0261,Viet Nam,Lazada VN,Gochujang sauce,Local Brand S,Sweet Spicy Sauce - jar,2,"I like it, but I would only buy again if there is a discount.",price_sensitivity,synthetic_review_corpus
R01824,P0261,Viet Nam,Lazada VN,Gochujang sauce,Local Brand S,Sweet Spicy Sauce - jar,2,"The product is good, but the packaging does not feel very strong.",packaging_issue,synthetic_review_corpus
R01825,P0261,Viet Nam,Lazada VN,Gochujang sauce,Local Brand S,Sweet Spicy Sauce - jar,5,Easy to prepare and good for busy weekdays.,convenience_positive,synthetic_review_corpus
R01826,P0261,Viet Nam,Lazada VN,Gochujang sauce,Local Brand S,Sweet Spicy Sauce - jar,5,I like the rich seasoning and it feels close to real Korean-style food.,taste_authenticity_positive,synthetic_review_corpus
R01827,P0261,Viet Nam,Lazada VN,Gochujang sauce,Local Brand S,Sweet Spicy Sauce - jar,2,"The product is good, but the price feels quite high for the portion size.",price_sensitivity,synthetic_review_corpus
R01828,P0262,Viet Nam,Lazada VN,Gochujang sauce,Premium Import Brand E,Korean Chili Sauce - squeeze bottle,2,I wish there was a milder version because the spice level is too strong.,too_spicy,synthetic_review_corpus
R01829,P0262,Viet Nam,Lazada VN,Gochujang sauce,Premium Import Brand E,Korean Chili Sauce - squeeze bottle,5,I like the rich seasoning and it feels close to real Korean-style food.,taste_authenticity_positive,synthetic_review_corpus
R01830,P0262,Viet Nam,Lazada VN,Gochujang sauce,Premium Import Brand E,Korean Chili Sauce - squeeze bottle,2,"Good flavor, but it feels a bit heavy for frequent consumption.",health_concern,synthetic_review_corpus
R01831,P0262,Viet Nam,Lazada VN,Gochujang sauce,Premium Import Brand E,Korean Chili Sauce - squeeze bottle,4,Clear halal labeling would make me more confident to purchase.,halal_concern,synthetic_review_corpus
R01832,P0262,Viet Nam,Lazada VN,Gochujang sauce,Premium Import Brand E,Korean Chili Sauce - squeeze bottle,3,"The taste is fine, but it feels expensive compared with local alternatives.",price_sensitivity,synthetic_review_corpus
R01833,P0262,Viet Nam,Lazada VN,Gochujang sauce,Premium Import Brand E,Korean Chili Sauce - squeeze bottle,4,Easy to prepare and good for busy weekdays.,convenience_positive,synthetic_review_corpus
R01834,P0262,Viet Nam,Lazada VN,Gochujang sauce,Premium Import Brand E,Korean Chili Sauce - squeeze bottle,2,"The product tastes nice, but the heat level may be difficult for beginners.",too_spicy,synthetic_review_corpus
R01835,P0262,Viet Nam,Lazada VN,Gochujang sauce,Premium Import Brand E,Korean Chili Sauce - squeeze bottle,4,"The taste is nice, but I wish it had less sodium.",health_concern,synthetic_review_corpus
R01836,P0262,Viet Nam,Lazada VN,Gochujang sauce,Premium Import Brand E,Korean Chili Sauce - squeeze bottle,2,I would buy this more often if the halal certification was clearly shown.,halal_concern,synthetic_review_corpus
R01837,P0263,Viet Nam,Shopee VN,Gochujang sauce,Japanese Brand D,Sweet Spicy Sauce - squeeze bottle,5,The taste is very satisfying and works well for a quick Korean meal at home.,taste_authenticity_positive,synthetic_review_corpus
R01838,P0263,Viet Nam,Shopee VN,Gochujang sauce,Japanese Brand D,Sweet Spicy Sauce - squeeze bottle,5,The taste is very satisfying and works well for a quick Korean meal at home.,taste_authenticity_positive,synthetic_review_corpus
R01839,P0263,Viet Nam,Shopee VN,Gochujang sauce,Japanese Brand D,Sweet Spicy Sauce - squeeze bottle,4,I wish there was a milder version because the spice level is too strong.,too_spicy,synthetic_review_corpus
R01840,P0263,Viet Nam,Shopee VN,Gochujang sauce,Japanese Brand D,Sweet Spicy Sauce - squeeze bottle,5,The taste is very satisfying and works well for a quick Korean meal at home.,taste_authenticity_positive,synthetic_review_corpus
R01841,P0263,Viet Nam,Shopee VN,Gochujang sauce,Japanese Brand D,Sweet Spicy Sauce - squeeze bottle,5,The taste is very satisfying and works well for a quick Korean meal at home.,taste_authenticity_positive,synthetic_review_corpus
R01842,P0263,Viet Nam,Shopee VN,Gochujang sauce,Japanese Brand D,Sweet Spicy Sauce - squeeze bottle,4,I like that it saves time and still tastes good.,convenience_positive,synthetic_review_corpus
R01843,P0263,Viet Nam,Shopee VN,Gochujang sauce,Japanese Brand D,Sweet Spicy Sauce - squeeze bottle,5,I like that it saves time and still tastes good.,convenience_positive,synthetic_review_corpus
R01844,P0264,Viet Nam,Shopee VN,Gochujang sauce,Korean Brand Q,Sweet Spicy Sauce - jar,3,I wish there was a milder version because the spice level is too strong.,too_spicy,synthetic_review_corpus
R01845,P0264,Viet Nam,Shopee VN,Gochujang sauce,Korean Brand Q,Sweet Spicy Sauce - jar,5,I like the rich seasoning and it feels close to real Korean-style food.,taste_authenticity_positive,synthetic_review_corpus
R01846,P0264,Viet Nam,Shopee VN,Gochujang sauce,Korean Brand Q,Sweet Spicy Sauce - jar,5,I like that it saves time and still tastes good.,convenience_positive,synthetic_review_corpus
R01847,P0264,Viet Nam,Shopee VN,Gochujang sauce,Korean Brand Q,Sweet Spicy Sauce - jar,4,The flavor tastes authentic and reminds me of Korean restaurant food.,taste_authenticity_positive,synthetic_review_corpus
R01848,P0264,Viet Nam,Shopee VN,Gochujang sauce,Korean Brand Q,Sweet Spicy Sauce - jar,3,"I like it, but I would only buy again if there is a discount.",price_sensitivity,synthetic_review_corpus
R01849,P0264,Viet Nam,Shopee VN,Gochujang sauce,Korean Brand Q,Sweet Spicy Sauce - jar,3,"The flavor is good, but it is too spicy for my family.",too_spicy,synthetic_review_corpus
R01850,P0264,Viet Nam,Shopee VN,Gochujang sauce,Korean Brand Q,Sweet Spicy Sauce - jar,4,"It tastes good, but one pack is not enough for a full meal.",portion_size,synthetic_review_corpus
R01851,P0265,Viet Nam,Shopee VN,Frozen mandu,Private Label Q,Vegetable Mandu - frozen bag,3,"The product looks good, but I could not find clear halal information.",halal_concern,synthetic_review_corpus
R01852,P0265,Viet Nam,Shopee VN,Frozen mandu,Private Label Q,Vegetable Mandu - frozen bag,5,The taste is very satisfying and works well for a quick Korean meal at home.,taste_authenticity_positive,synthetic_review_corpus
R01853,P0265,Viet Nam,Shopee VN,Frozen mandu,Private Label Q,Vegetable Mandu - frozen bag,4,"It tastes good, but one pack is not enough for a full meal.",portion_size,synthetic_review_corpus
R01854,P0265,Viet Nam,Shopee VN,Frozen mandu,Private Label Q,Vegetable Mandu - frozen bag,4,"The product looks good, but I could not find clear halal information.",halal_concern,synthetic_review_corpus
R01855,P0265,Viet Nam,Shopee VN,Frozen mandu,Private Label Q,Vegetable Mandu - frozen bag,5,Easy to prepare and good for busy weekdays.,convenience_positive,synthetic_review_corpus
R01856,P0265,Viet Nam,Shopee VN,Frozen mandu,Private Label Q,Vegetable Mandu - frozen bag,3,The serving size could be larger for the price.,portion_size,synthetic_review_corpus
R01857,P0265,Viet Nam,Shopee VN,Frozen mandu,Private Label Q,Vegetable Mandu - frozen bag,4,"Good flavor, but it feels a bit heavy for frequent consumption.",health_concern,synthetic_review_corpus
R01858,P0265,Viet Nam,Shopee VN,Frozen mandu,Private Label Q,Vegetable Mandu - frozen bag,5,The taste is very satisfying and works well for a quick Korean meal at home.,taste_authenticity_positive,synthetic_review_corpus
R01859,P0266,Viet Nam,Shopee VN,Frozen mandu,Korean Brand H,Kimchi Mandu - family pack,3,"I like it, but I would only buy again if there is a discount.",price_sensitivity,synthetic_review_corpus
R01860,P0266,Viet Nam,Shopee VN,Frozen mandu,Korean Brand H,Kimchi Mandu - family pack,4,The flavor tastes authentic and reminds me of Korean restaurant food.,taste_authenticity_positive,synthetic_review_corpus
R01861,P0266,Viet Nam,Shopee VN,Frozen mandu,Korean Brand H,Kimchi Mandu - family pack,3,The portion is smaller than expected.,portion_size,synthetic_review_corpus
R01862,P0266,Viet Nam,Shopee VN,Frozen mandu,Korean Brand H,Kimchi Mandu - family pack,3,"The taste is fine, but it feels expensive compared with local alternatives.",price_sensitivity,synthetic_review_corpus
R01863,P0266,Viet Nam,Shopee VN,Frozen mandu,Korean Brand H,Kimchi Mandu - family pack,5,Very convenient for a quick meal after work.,convenience_positive,synthetic_review_corpus
R01864,P0266,Viet Nam,Shopee VN,Frozen mandu,Korean Brand H,Kimchi Mandu - family pack,2,"The flavor is good, but it is too spicy for my family.",too_spicy,synthetic_review_corpus
R01865,P0266,Viet Nam,Shopee VN,Frozen mandu,Korean Brand H,Kimchi Mandu - family pack,4,"The taste is fine, but it feels expensive compared with local alternatives.",price_sensitivity,synthetic_review_corpus
R01866,P0266,Viet Nam,Shopee VN,Frozen mandu,Korean Brand H,Kimchi Mandu - family pack,5,I like the rich seasoning and it feels close to real Korean-style food.,taste_authenticity_positive,synthetic_review_corpus
R01867,P0267,Viet Nam,Shopee VN,Frozen mandu,Korean Brand Y,Vegetable Mandu - frozen bag,5,The taste is very satisfying and works well for a quick Korean meal at home.,taste_authenticity_positive,synthetic_review_corpus
R01868,P0267,Viet Nam,Shopee VN,Frozen mandu,Korean Brand Y,Vegetable Mandu - frozen bag,3,I wish there was a milder version because the spice level is too strong.,too_spicy,synthetic_review_corpus
R01869,P0267,Viet Nam,Shopee VN,Frozen mandu,Korean Brand Y,Vegetable Mandu - frozen bag,5,I like that it saves time and still tastes good.,convenience_positive,synthetic_review_corpus
R01870,P0267,Viet Nam,Shopee VN,Frozen mandu,Korean Brand Y,Vegetable Mandu - frozen bag,3,The portion is smaller than expected.,portion_size,synthetic_review_corpus
R01871,P0267,Viet Nam,Shopee VN,Frozen mandu,Korean Brand Y,Vegetable Mandu - frozen bag,3,Clear halal labeling would make me more confident to purchase.,halal_concern,synthetic_review_corpus
R01872,P0267,Viet Nam,Shopee VN,Frozen mandu,Korean Brand Y,Vegetable Mandu - frozen bag,5,The flavor tastes authentic and reminds me of Korean restaurant food.,taste_authenticity_positive,synthetic_review_corpus
R01873,P0267,Viet Nam,Shopee VN,Frozen mandu,Korean Brand Y,Vegetable Mandu - frozen bag,2,"The taste is fine, but it feels expensive compared with local alternatives.",price_sensitivity,synthetic_review_corpus
R01874,P0267,Viet Nam,Shopee VN,Frozen mandu,Korean Brand Y,Vegetable Mandu - frozen bag,3,I wish there was a milder version because the spice level is too strong.,too_spicy,synthetic_review_corpus
R01875,P0268,Viet Nam,Shopee VN,Frozen mandu,Korean Brand Y,Chicken Mandu - family pack,2,"It tastes good, but one pack is not enough for a full meal.",portion_size,synthetic_review_corpus
R01876,P0268,Viet Nam,Shopee VN,Frozen mandu,Korean Brand Y,Chicken Mandu - family pack,5,I like the rich seasoning and it feels close to real Korean-style food.,taste_authenticity_positive,synthetic_review_corpus
R01877,P0268,Viet Nam,Shopee VN,Frozen mandu,Korean Brand Y,Chicken Mandu - family pack,3,I would prefer a healthier version with cleaner ingredients.,health_concern,synthetic_review_corpus
R01878,P0268,Viet Nam,Shopee VN,Frozen mandu,Korean Brand Y,Chicken Mandu - family pack,5,Easy to prepare and good for busy weekdays.,convenience_positive,synthetic_review_corpus
R01879,P0268,Viet Nam,Shopee VN,Frozen mandu,Korean Brand Y,Chicken Mandu - family pack,3,I wish there was a milder version because the spice level is too strong.,too_spicy,synthetic_review_corpus
R01880,P0268,Viet Nam,Shopee VN,Frozen mandu,Korean Brand Y,Chicken Mandu - family pack,4,The label information could be clearer and easier to read.,packaging_issue,synthetic_review_corpus
R01881,P0268,Viet Nam,Shopee VN,Frozen mandu,Korean Brand Y,Chicken Mandu - family pack,3,"The flavor is good, but it is too spicy for my family.",too_spicy,synthetic_review_corpus
R01882,P0268,Viet Nam,Shopee VN,Frozen mandu,Korean Brand Y,Chicken Mandu - family pack,4,The taste is very satisfying and works well for a quick Korean meal at home.,taste_authenticity_positive,synthetic_review_corpus
R01883,P0268,Viet Nam,Shopee VN,Frozen mandu,Korean Brand Y,Chicken Mandu - family pack,5,The taste is very satisfying and works well for a quick Korean meal at home.,taste_authenticity_positive,synthetic_review_corpus
R01884,P0269,Viet Nam,Lazada VN,Frozen mandu,Local Brand A,Vegetable Mandu - frozen bag,5,I like that it saves time and still tastes good.,convenience_positive,synthetic_review_corpus
R01885,P0269,Viet Nam,Lazada VN,Frozen mandu,Local Brand A,Vegetable Mandu - frozen bag,2,I would buy this more often if the halal certification was clearly shown.,halal_concern,synthetic_review_corpus
R01886,P0269,Viet Nam,Lazada VN,Frozen mandu,Local Brand A,Vegetable Mandu - frozen bag,3,"It tastes good, but one pack is not enough for a full meal.",portion_size,synthetic_review_corpus
R01887,P0269,Viet Nam,Lazada VN,Frozen mandu,Local Brand A,Vegetable Mandu - frozen bag,5,The taste is very satisfying and works well for a quick Korean meal at home.,taste_authenticity_positive,synthetic_review_corpus
R01888,P0269,Viet Nam,Lazada VN,Frozen mandu,Local Brand A,Vegetable Mandu - frozen bag,4,The taste is very satisfying and works well for a quick Korean meal at home.,taste_authenticity_positive,synthetic_review_corpus
R01889,P0269,Viet Nam,Lazada VN,Frozen mandu,Local Brand A,Vegetable Mandu - frozen bag,3,The packaging could be improved because it was slightly damaged when delivered.,packaging_issue,synthetic_review_corpus
R01890,P0269,Viet Nam,Lazada VN,Frozen mandu,Local Brand A,Vegetable Mandu - frozen bag,2,The label information could be clearer and easier to read.,packaging_issue,synthetic_review_corpus
R01891,P0269,Viet Nam,Lazada VN,Frozen mandu,Local Brand A,Vegetable Mandu - frozen bag,3,Clear halal labeling would make me more confident to purchase.,halal_concern,synthetic_review_corpus
R01892,P0269,Viet Nam,Lazada VN,Frozen mandu,Local Brand A,Vegetable Mandu - frozen bag,4,"The taste is fine, but it feels expensive compared with local alternatives.",price_sensitivity,synthetic_review_corpus
R01893,P0269,Viet Nam,Lazada VN,Frozen mandu,Local Brand A,Vegetable Mandu - frozen bag,2,"The product looks good, but I could not find clear halal information.",halal_concern,synthetic_review_corpus
R01894,P0270,Viet Nam,Shopee VN,Frozen mandu,Private Label V,Kimchi Mandu - value pack,5,The taste is very satisfying and works well for a quick Korean meal at home.,taste_authenticity_positive,synthetic_review_corpus
R01895,P0270,Viet Nam,Shopee VN,Frozen mandu,Private Label V,Kimchi Mandu - value pack,3,"It tastes good, but one pack is not enough for a full meal.",portion_size,synthetic_review_corpus
R01896,P0270,Viet Nam,Shopee VN,Frozen mandu,Private Label V,Kimchi Mandu - value pack,5,I like that it saves time and still tastes good.,convenience_positive,synthetic_review_corpus
R01897,P0270,Viet Nam,Shopee VN,Frozen mandu,Private Label V,Kimchi Mandu - value pack,2,"It tastes good, but one pack is not enough for a full meal.",portion_size,synthetic_review_corpus
R01898,P0270,Viet Nam,Shopee VN,Frozen mandu,Private Label V,Kimchi Mandu - value pack,4,The flavor tastes authentic and reminds me of Korean restaurant food.,taste_authenticity_positive,synthetic_review_corpus
R01899,P0271,Viet Nam,Shopee VN,Frozen mandu,Private Label B,Chicken Mandu - frozen bag,5,The taste is very satisfying and works well for a quick Korean meal at home.,taste_authenticity_positive,synthetic_review_corpus
R01900,P0271,Viet Nam,Shopee VN,Frozen mandu,Private Label B,Chicken Mandu - frozen bag,3,"Good flavor, but it feels a bit heavy for frequent consumption.",health_concern,synthetic_review_corpus
R01901,P0271,Viet Nam,Shopee VN,Frozen mandu,Private Label B,Chicken Mandu - frozen bag,4,The portion is smaller than expected.,portion_size,synthetic_review_corpus
R01902,P0271,Viet Nam,Shopee VN,Frozen mandu,Private Label B,Chicken Mandu - frozen bag,5,I like the rich seasoning and it feels close to real Korean-style food.,taste_authenticity_positive,synthetic_review_corpus
R01903,P0271,Viet Nam,Shopee VN,Frozen mandu,Private Label B,Chicken Mandu - frozen bag,4,Very convenient for a quick meal after work.,convenience_positive,synthetic_review_corpus
R01904,P0271,Viet Nam,Shopee VN,Frozen mandu,Private Label B,Chicken Mandu - frozen bag,2,"I like it, but I would only buy again if there is a discount.",price_sensitivity,synthetic_review_corpus
R01905,P0271,Viet Nam,Shopee VN,Frozen mandu,Private Label B,Chicken Mandu - frozen bag,3,The portion is smaller than expected.,portion_size,synthetic_review_corpus
R01906,P0271,Viet Nam,Shopee VN,Frozen mandu,Private Label B,Chicken Mandu - frozen bag,3,"The product tastes nice, but the heat level may be difficult for beginners.",too_spicy,synthetic_review_corpus
R01907,P0271,Viet Nam,Shopee VN,Frozen mandu,Private Label B,Chicken Mandu - frozen bag,3,I wish there was a milder version because the spice level is too strong.,too_spicy,synthetic_review_corpus
R01908,P0271,Viet Nam,Shopee VN,Frozen mandu,Private Label B,Chicken Mandu - frozen bag,5,The taste is very satisfying and works well for a quick Korean meal at home.,taste_authenticity_positive,synthetic_review_corpus
R01909,P0272,Viet Nam,Lazada VN,Frozen mandu,Local Brand D,Kimchi Mandu - frozen bag,2,The serving size could be larger for the price.,portion_size,synthetic_review_corpus
R01910,P0272,Viet Nam,Lazada VN,Frozen mandu,Local Brand D,Kimchi Mandu - frozen bag,4,The flavor tastes authentic and reminds me of Korean restaurant food.,taste_authenticity_positive,synthetic_review_corpus
R01911,P0272,Viet Nam,Lazada VN,Frozen mandu,Local Brand D,Kimchi Mandu - frozen bag,2,The serving size could be larger for the price.,portion_size,synthetic_review_corpus
R01912,P0272,Viet Nam,Lazada VN,Frozen mandu,Local Brand D,Kimchi Mandu - frozen bag,5,I like the rich seasoning and it feels close to real Korean-style food.,taste_authenticity_positive,synthetic_review_corpus
R01913,P0272,Viet Nam,Lazada VN,Frozen mandu,Local Brand D,Kimchi Mandu - frozen bag,5,The taste is very satisfying and works well for a quick Korean meal at home.,taste_authenticity_positive,synthetic_review_corpus
R01914,P0272,Viet Nam,Lazada VN,Frozen mandu,Local Brand D,Kimchi Mandu - frozen bag,3,I would buy this more often if the halal certification was clearly shown.,halal_concern,synthetic_review_corpus
R01915,P0272,Viet Nam,Lazada VN,Frozen mandu,Local Brand D,Kimchi Mandu - frozen bag,4,The flavor tastes authentic and reminds me of Korean restaurant food.,taste_authenticity_positive,synthetic_review_corpus
R01916,P0272,Viet Nam,Lazada VN,Frozen mandu,Local Brand D,Kimchi Mandu - frozen bag,3,"The product is good, but the packaging does not feel very strong.",packaging_issue,synthetic_review_corpus
R01917,P0272,Viet Nam,Lazada VN,Frozen mandu,Local Brand D,Kimchi Mandu - frozen bag,4,I would buy this more often if the halal certification was clearly shown.,halal_concern,synthetic_review_corpus
R01918,P0273,Viet Nam,Shopee VN,Ready meal,Local Brand E,Korean Rice Bowl - frozen tray,2,Clear halal labeling would make me more confident to purchase.,halal_concern,synthetic_review_corpus
R01919,P0273,Viet Nam,Shopee VN,Ready meal,Local Brand E,Korean Rice Bowl - frozen tray,4,Easy to prepare and good for busy weekdays.,convenience_positive,synthetic_review_corpus
R01920,P0273,Viet Nam,Shopee VN,Ready meal,Local Brand E,Korean Rice Bowl - frozen tray,3,I would prefer a healthier version with cleaner ingredients.,health_concern,synthetic_review_corpus
R01921,P0273,Viet Nam,Shopee VN,Ready meal,Local Brand E,Korean Rice Bowl - frozen tray,5,I like the rich seasoning and it feels close to real Korean-style food.,taste_authenticity_positive,synthetic_review_corpus
R01922,P0273,Viet Nam,Shopee VN,Ready meal,Local Brand E,Korean Rice Bowl - frozen tray,3,"It tastes good, but one pack is not enough for a full meal.",portion_size,synthetic_review_corpus
R01923,P0273,Viet Nam,Shopee VN,Ready meal,Local Brand E,Korean Rice Bowl - frozen tray,5,Easy to prepare and good for busy weekdays.,convenience_positive,synthetic_review_corpus
R01924,P0274,Viet Nam,Lazada VN,Ready meal,Korean Brand P,Tteokbokki Meal - frozen tray,3,"The taste is fine, but it feels expensive compared with local alternatives.",price_sensitivity,synthetic_review_corpus
R01925,P0274,Viet Nam,Lazada VN,Ready meal,Korean Brand P,Tteokbokki Meal - frozen tray,5,I like the rich seasoning and it feels close to real Korean-style food.,taste_authenticity_positive,synthetic_review_corpus
R01926,P0274,Viet Nam,Lazada VN,Ready meal,Korean Brand P,Tteokbokki Meal - frozen tray,5,I like the rich seasoning and it feels close to real Korean-style food.,taste_authenticity_positive,synthetic_review_corpus
R01927,P0274,Viet Nam,Lazada VN,Ready meal,Korean Brand P,Tteokbokki Meal - frozen tray,4,"The product is good, but the price feels quite high for the portion size.",price_sensitivity,synthetic_review_corpus
R01928,P0274,Viet Nam,Lazada VN,Ready meal,Korean Brand P,Tteokbokki Meal - frozen tray,4,Easy to prepare and good for busy weekdays.,convenience_positive,synthetic_review_corpus
R01929,P0274,Viet Nam,Lazada VN,Ready meal,Korean Brand P,Tteokbokki Meal - frozen tray,3,"The product is good, but the price feels quite high for the portion size.",price_sensitivity,synthetic_review_corpus
R01930,P0275,Viet Nam,Shopee VN,Ready meal,Local Brand T,Bibimbap Bowl - frozen tray,5,I like that it saves time and still tastes good.,convenience_positive,synthetic_review_corpus
R01931,P0275,Viet Nam,Shopee VN,Ready meal,Local Brand T,Bibimbap Bowl - frozen tray,4,"The taste is fine, but it feels expensive compared with local alternatives.",price_sensitivity,synthetic_review_corpus
R01932,P0275,Viet Nam,Shopee VN,Ready meal,Local Brand T,Bibimbap Bowl - frozen tray,2,"The taste is fine, but it feels expensive compared with local alternatives.",price_sensitivity,synthetic_review_corpus
R01933,P0275,Viet Nam,Shopee VN,Ready meal,Local Brand T,Bibimbap Bowl - frozen tray,5,The taste is very satisfying and works well for a quick Korean meal at home.,taste_authenticity_positive,synthetic_review_corpus
R01934,P0276,Viet Nam,Lazada VN,Ready meal,Private Label M,Korean Rice Bowl - meal kit,5,Very convenient for a quick meal after work.,convenience_positive,synthetic_review_corpus
R01935,P0276,Viet Nam,Lazada VN,Ready meal,Private Label M,Korean Rice Bowl - meal kit,4,"The product is good, but the packaging does not feel very strong.",packaging_issue,synthetic_review_corpus
R01936,P0276,Viet Nam,Lazada VN,Ready meal,Private Label M,Korean Rice Bowl - meal kit,2,The packaging could be improved because it was slightly damaged when delivered.,packaging_issue,synthetic_review_corpus
R01937,P0276,Viet Nam,Lazada VN,Ready meal,Private Label M,Korean Rice Bowl - meal kit,4,"The taste is fine, but it feels expensive compared with local alternatives.",price_sensitivity,synthetic_review_corpus
R01938,P0276,Viet Nam,Lazada VN,Ready meal,Private Label M,Korean Rice Bowl - meal kit,3,I would buy this more often if the halal certification was clearly shown.,halal_concern,synthetic_review_corpus
R01939,P0277,Viet Nam,Shopee VN,Ready meal,Korean Brand Z,Bibimbap Bowl - microwave bowl,3,"The taste is fine, but it feels expensive compared with local alternatives.",price_sensitivity,synthetic_review_corpus
R01940,P0277,Viet Nam,Shopee VN,Ready meal,Korean Brand Z,Bibimbap Bowl - microwave bowl,2,I wish there was a milder version because the spice level is too strong.,too_spicy,synthetic_review_corpus
R01941,P0277,Viet Nam,Shopee VN,Ready meal,Korean Brand Z,Bibimbap Bowl - microwave bowl,3,Clear halal labeling would make me more confident to purchase.,halal_concern,synthetic_review_corpus
R01942,P0277,Viet Nam,Shopee VN,Ready meal,Korean Brand Z,Bibimbap Bowl - microwave bowl,2,"I like it, but I would only buy again if there is a discount.",price_sensitivity,synthetic_review_corpus
R01943,P0277,Viet Nam,Shopee VN,Ready meal,Korean Brand Z,Bibimbap Bowl - microwave bowl,4,I like the rich seasoning and it feels close to real Korean-style food.,taste_authenticity_positive,synthetic_review_corpus
R01944,P0277,Viet Nam,Shopee VN,Ready meal,Korean Brand Z,Bibimbap Bowl - microwave bowl,5,The flavor tastes authentic and reminds me of Korean restaurant food.,taste_authenticity_positive,synthetic_review_corpus
R01945,P0278,Viet Nam,Lazada VN,Ready meal,Korean Brand W,Tteokbokki Meal - meal kit,4,The flavor tastes authentic and reminds me of Korean restaurant food.,taste_authenticity_positive,synthetic_review_corpus
R01946,P0278,Viet Nam,Lazada VN,Ready meal,Korean Brand W,Tteokbokki Meal - meal kit,5,The flavor tastes authentic and reminds me of Korean restaurant food.,taste_authenticity_positive,synthetic_review_corpus
R01947,P0278,Viet Nam,Lazada VN,Ready meal,Korean Brand W,Tteokbokki Meal - meal kit,3,The portion is smaller than expected.,portion_size,synthetic_review_corpus
R01948,P0278,Viet Nam,Lazada VN,Ready meal,Korean Brand W,Tteokbokki Meal - meal kit,4,"The product looks good, but I could not find clear halal information.",halal_concern,synthetic_review_corpus
R01949,P0278,Viet Nam,Lazada VN,Ready meal,Korean Brand W,Tteokbokki Meal - meal kit,2,I wish there was a milder version because the spice level is too strong.,too_spicy,synthetic_review_corpus
R01950,P0278,Viet Nam,Lazada VN,Ready meal,Korean Brand W,Tteokbokki Meal - meal kit,4,I like that it saves time and still tastes good.,convenience_positive,synthetic_review_corpus
R01951,P0278,Viet Nam,Lazada VN,Ready meal,Korean Brand W,Tteokbokki Meal - meal kit,4,I would prefer a healthier version with cleaner ingredients.,health_concern,synthetic_review_corpus
R01952,P0278,Viet Nam,Lazada VN,Ready meal,Korean Brand W,Tteokbokki Meal - meal kit,4,The portion is smaller than expected.,portion_size,synthetic_review_corpus
R01953,P0278,Viet Nam,Lazada VN,Ready meal,Korean Brand W,Tteokbokki Meal - meal kit,4,I like the rich seasoning and it feels close to real Korean-style food.,taste_authenticity_positive,synthetic_review_corpus
R01954,P0278,Viet Nam,Lazada VN,Ready meal,Korean Brand W,Tteokbokki Meal - meal kit,3,Clear halal labeling would make me more confident to purchase.,halal_concern,synthetic_review_corpus
R01955,P0279,Viet Nam,Lazada VN,Ready meal,Premium Import Brand E,Bibimbap Bowl - microwave bowl,3,I would buy this more often if the halal certification was clearly shown.,halal_concern,synthetic_review_corpus
R01956,P0279,Viet Nam,Lazada VN,Ready meal,Premium Import Brand E,Bibimbap Bowl - microwave bowl,5,Very convenient for a quick meal after work.,convenience_positive,synthetic_review_corpus
R01957,P0279,Viet Nam,Lazada VN,Ready meal,Premium Import Brand E,Bibimbap Bowl - microwave bowl,5,Easy to prepare and good for busy weekdays.,convenience_positive,synthetic_review_corpus
R01958,P0279,Viet Nam,Lazada VN,Ready meal,Premium Import Brand E,Bibimbap Bowl - microwave bowl,4,"The product is good, but the packaging does not feel very strong.",packaging_issue,synthetic_review_corpus
R01959,P0280,Viet Nam,Lazada VN,Ready meal,Korean Brand B,Korean Rice Bowl - microwave bowl,5,I like that it saves time and still tastes good.,convenience_positive,synthetic_review_corpus
R01960,P0280,Viet Nam,Lazada VN,Ready meal,Korean Brand B,Korean Rice Bowl - microwave bowl,5,Very convenient for a quick meal after work.,convenience_positive,synthetic_review_corpus
R01961,P0280,Viet Nam,Lazada VN,Ready meal,Korean Brand B,Korean Rice Bowl - microwave bowl,3,I wish there was a milder version because the spice level is too strong.,too_spicy,synthetic_review_corpus
R01962,P0280,Viet Nam,Lazada VN,Ready meal,Korean Brand B,Korean Rice Bowl - microwave bowl,5,I like that it saves time and still tastes good.,convenience_positive,synthetic_review_corpus
R01963,P0280,Viet Nam,Lazada VN,Ready meal,Korean Brand B,Korean Rice Bowl - microwave bowl,3,"The taste is nice, but I wish it had less sodium.",health_concern,synthetic_review_corpus
R01964,P0280,Viet Nam,Lazada VN,Ready meal,Korean Brand B,Korean Rice Bowl - microwave bowl,5,The flavor tastes authentic and reminds me of Korean restaurant food.,taste_authenticity_positive,synthetic_review_corpus
R01965,P0280,Viet Nam,Lazada VN,Ready meal,Korean Brand B,Korean Rice Bowl - microwave bowl,3,I would prefer a healthier version with cleaner ingredients.,health_concern,synthetic_review_corpus
R01966,P0280,Viet Nam,Lazada VN,Ready meal,Korean Brand B,Korean Rice Bowl - microwave bowl,5,Easy to prepare and good for busy weekdays.,convenience_positive,synthetic_review_corpus
R01967,P0280,Viet Nam,Lazada VN,Ready meal,Korean Brand B,Korean Rice Bowl - microwave bowl,2,"The product is good, but the price feels quite high for the portion size.",price_sensitivity,synthetic_review_corpus
R01968,P0280,Viet Nam,Lazada VN,Ready meal,Korean Brand B,Korean Rice Bowl - microwave bowl,3,I would buy this more often if the halal certification was clearly shown.,halal_concern,synthetic_review_corpus
R01969,P0281,Viet Nam,Lazada VN,Seaweed snack,Local Brand R,Seaweed Snack - tray pack,2,Clear halal labeling would make me more confident to purchase.,halal_concern,synthetic_review_corpus
R01970,P0281,Viet Nam,Lazada VN,Seaweed snack,Local Brand R,Seaweed Snack - tray pack,2,The packaging could be improved because it was slightly damaged when delivered.,packaging_issue,synthetic_review_corpus
R01971,P0281,Viet Nam,Lazada VN,Seaweed snack,Local Brand R,Seaweed Snack - tray pack,3,"It tastes good, but one pack is not enough for a full meal.",portion_size,synthetic_review_corpus
R01972,P0281,Viet Nam,Lazada VN,Seaweed snack,Local Brand R,Seaweed Snack - tray pack,5,The flavor tastes authentic and reminds me of Korean restaurant food.,taste_authenticity_positive,synthetic_review_corpus
R01973,P0281,Viet Nam,Lazada VN,Seaweed snack,Local Brand R,Seaweed Snack - tray pack,4,The packaging could be improved because it was slightly damaged when delivered.,packaging_issue,synthetic_review_corpus
R01974,P0281,Viet Nam,Lazada VN,Seaweed snack,Local Brand R,Seaweed Snack - tray pack,5,I like that it saves time and still tastes good.,convenience_positive,synthetic_review_corpus
R01975,P0282,Viet Nam,Shopee VN,Seaweed snack,Japanese Brand B,Seaweed Crisps - multi-pack,3,I wish there was a milder version because the spice level is too strong.,too_spicy,synthetic_review_corpus
R01976,P0282,Viet Nam,Shopee VN,Seaweed snack,Japanese Brand B,Seaweed Crisps - multi-pack,3,"Good flavor, but it feels a bit heavy for frequent consumption.",health_concern,synthetic_review_corpus
R01977,P0282,Viet Nam,Shopee VN,Seaweed snack,Japanese Brand B,Seaweed Crisps - multi-pack,3,"It tastes good, but one pack is not enough for a full meal.",portion_size,synthetic_review_corpus
R01978,P0282,Viet Nam,Shopee VN,Seaweed snack,Japanese Brand B,Seaweed Crisps - multi-pack,5,I like the rich seasoning and it feels close to real Korean-style food.,taste_authenticity_positive,synthetic_review_corpus
R01979,P0282,Viet Nam,Shopee VN,Seaweed snack,Japanese Brand B,Seaweed Crisps - multi-pack,3,"It tastes good, but one pack is not enough for a full meal.",portion_size,synthetic_review_corpus
R01980,P0282,Viet Nam,Shopee VN,Seaweed snack,Japanese Brand B,Seaweed Crisps - multi-pack,2,"I like it, but I would only buy again if there is a discount.",price_sensitivity,synthetic_review_corpus
R01981,P0282,Viet Nam,Shopee VN,Seaweed snack,Japanese Brand B,Seaweed Crisps - multi-pack,5,I like the rich seasoning and it feels close to real Korean-style food.,taste_authenticity_positive,synthetic_review_corpus
R01982,P0282,Viet Nam,Shopee VN,Seaweed snack,Japanese Brand B,Seaweed Crisps - multi-pack,3,"The product is good, but the price feels quite high for the portion size.",price_sensitivity,synthetic_review_corpus
R01983,P0282,Viet Nam,Shopee VN,Seaweed snack,Japanese Brand B,Seaweed Crisps - multi-pack,4,The flavor tastes authentic and reminds me of Korean restaurant food.,taste_authenticity_positive,synthetic_review_corpus
R01984,P0283,Viet Nam,Lazada VN,Seaweed snack,Korean Brand N,Seaweed Crisps - multi-pack,3,"The taste is fine, but it feels expensive compared with local alternatives.",price_sensitivity,synthetic_review_corpus
R01985,P0283,Viet Nam,Lazada VN,Seaweed snack,Korean Brand N,Seaweed Crisps - multi-pack,2,"The product is good, but the price feels quite high for the portion size.",price_sensitivity,synthetic_review_corpus
R01986,P0283,Viet Nam,Lazada VN,Seaweed snack,Korean Brand N,Seaweed Crisps - multi-pack,5,The taste is very satisfying and works well for a quick Korean meal at home.,taste_authenticity_positive,synthetic_review_corpus
R01987,P0283,Viet Nam,Lazada VN,Seaweed snack,Korean Brand N,Seaweed Crisps - multi-pack,5,Easy to prepare and good for busy weekdays.,convenience_positive,synthetic_review_corpus
R01988,P0283,Viet Nam,Lazada VN,Seaweed snack,Korean Brand N,Seaweed Crisps - multi-pack,2,The packaging could be improved because it was slightly damaged when delivered.,packaging_issue,synthetic_review_corpus
R01989,P0283,Viet Nam,Lazada VN,Seaweed snack,Korean Brand N,Seaweed Crisps - multi-pack,3,"The product is good, but the packaging does not feel very strong.",packaging_issue,synthetic_review_corpus
R01990,P0284,Viet Nam,Lazada VN,Seaweed snack,Private Label R,Seaweed Crisps - snack pack,2,"The taste is fine, but it feels expensive compared with local alternatives.",price_sensitivity,synthetic_review_corpus
R01991,P0284,Viet Nam,Lazada VN,Seaweed snack,Private Label R,Seaweed Crisps - snack pack,4,"The flavor is good, but it is too spicy for my family.",too_spicy,synthetic_review_corpus
R01992,P0284,Viet Nam,Lazada VN,Seaweed snack,Private Label R,Seaweed Crisps - snack pack,3,The packaging could be improved because it was slightly damaged when delivered.,packaging_issue,synthetic_review_corpus
R01993,P0284,Viet Nam,Lazada VN,Seaweed snack,Private Label R,Seaweed Crisps - snack pack,5,The taste is very satisfying and works well for a quick Korean meal at home.,taste_authenticity_positive,synthetic_review_corpus
R01994,P0284,Viet Nam,Lazada VN,Seaweed snack,Private Label R,Seaweed Crisps - snack pack,5,The flavor tastes authentic and reminds me of Korean restaurant food.,taste_authenticity_positive,synthetic_review_corpus
R01995,P0284,Viet Nam,Lazada VN,Seaweed snack,Private Label R,Seaweed Crisps - snack pack,4,"Good flavor, but it feels a bit heavy for frequent consumption.",health_concern,synthetic_review_corpus
R01996,P0284,Viet Nam,Lazada VN,Seaweed snack,Private Label R,Seaweed Crisps - snack pack,3,The serving size could be larger for the price.,portion_size,synthetic_review_corpus
R01997,P0284,Viet Nam,Lazada VN,Seaweed snack,Private Label R,Seaweed Crisps - snack pack,3,"The taste is nice, but I wish it had less sodium.",health_concern,synthetic_review_corpus
R01998,P0284,Viet Nam,Lazada VN,Seaweed snack,Private Label R,Seaweed Crisps - snack pack,5,The flavor tastes authentic and reminds me of Korean restaurant food.,taste_authenticity_positive,synthetic_review_corpus
R01999,P0284,Viet Nam,Lazada VN,Seaweed snack,Private Label R,Seaweed Crisps - snack pack,3,"The product tastes nice, but the heat level may be difficult for beginners.",too_spicy,synthetic_review_corpus
R02000,P0285,Viet Nam,Lazada VN,Seaweed snack,Korean Brand C,Seaweed Crisps - multi-pack,4,I wish there was a milder version because the spice level is too strong.,too_spicy,synthetic_review_corpus
R02001,P0285,Viet Nam,Lazada VN,Seaweed snack,Korean Brand C,Seaweed Crisps - multi-pack,3,"The product is good, but the packaging does not feel very strong.",packaging_issue,synthetic_review_corpus
R02002,P0285,Viet Nam,Lazada VN,Seaweed snack,Korean Brand C,Seaweed Crisps - multi-pack,5,The flavor tastes authentic and reminds me of Korean restaurant food.,taste_authenticity_positive,synthetic_review_corpus
R02003,P0285,Viet Nam,Lazada VN,Seaweed snack,Korean Brand C,Seaweed Crisps - multi-pack,2,The packaging could be improved because it was slightly damaged when delivered.,packaging_issue,synthetic_review_corpus
R02004,P0285,Viet Nam,Lazada VN,Seaweed snack,Korean Brand C,Seaweed Crisps - multi-pack,3,"The product is good, but the packaging does not feel very strong.",packaging_issue,synthetic_review_corpus
R02005,P0285,Viet Nam,Lazada VN,Seaweed snack,Korean Brand C,Seaweed Crisps - multi-pack,3,The serving size could be larger for the price.,portion_size,synthetic_review_corpus
R02006,P0285,Viet Nam,Lazada VN,Seaweed snack,Korean Brand C,Seaweed Crisps - multi-pack,4,The label information could be clearer and easier to read.,packaging_issue,synthetic_review_corpus
R02007,P0285,Viet Nam,Lazada VN,Seaweed snack,Korean Brand C,Seaweed Crisps - multi-pack,4,I like the rich seasoning and it feels close to real Korean-style food.,taste_authenticity_positive,synthetic_review_corpus
R02008,P0286,Viet Nam,Lazada VN,Seaweed snack,Korean Brand T,Seaweed Snack - snack pack,2,The portion is smaller than expected.,portion_size,synthetic_review_corpus
R02009,P0286,Viet Nam,Lazada VN,Seaweed snack,Korean Brand T,Seaweed Snack - snack pack,3,"The flavor is good, but it is too spicy for my family.",too_spicy,synthetic_review_corpus
R02010,P0286,Viet Nam,Lazada VN,Seaweed snack,Korean Brand T,Seaweed Snack - snack pack,3,The packaging could be improved because it was slightly damaged when delivered.,packaging_issue,synthetic_review_corpus
R02011,P0286,Viet Nam,Lazada VN,Seaweed snack,Korean Brand T,Seaweed Snack - snack pack,3,"The product looks good, but I could not find clear halal information.",halal_concern,synthetic_review_corpus
R02012,P0286,Viet Nam,Lazada VN,Seaweed snack,Korean Brand T,Seaweed Snack - snack pack,2,"It tastes good, but one pack is not enough for a full meal.",portion_size,synthetic_review_corpus
R02013,P0286,Viet Nam,Lazada VN,Seaweed snack,Korean Brand T,Seaweed Snack - snack pack,4,"I like it, but I would only buy again if there is a discount.",price_sensitivity,synthetic_review_corpus
R02014,P0286,Viet Nam,Lazada VN,Seaweed snack,Korean Brand T,Seaweed Snack - snack pack,4,The label information could be clearer and easier to read.,packaging_issue,synthetic_review_corpus
R02015,P0286,Viet Nam,Lazada VN,Seaweed snack,Korean Brand T,Seaweed Snack - snack pack,3,"The product tastes nice, but the heat level may be difficult for beginners.",too_spicy,synthetic_review_corpus
R02016,P0287,Viet Nam,Lazada VN,Seaweed snack,Korean Brand K,Seaweed Snack - multi-pack,3,"Good flavor, but it feels a bit heavy for frequent consumption.",health_concern,synthetic_review_corpus
R02017,P0287,Viet Nam,Lazada VN,Seaweed snack,Korean Brand K,Seaweed Snack - multi-pack,4,The serving size could be larger for the price.,portion_size,synthetic_review_corpus
R02018,P0287,Viet Nam,Lazada VN,Seaweed snack,Korean Brand K,Seaweed Snack - multi-pack,4,"The product is good, but the packaging does not feel very strong.",packaging_issue,synthetic_review_corpus
R02019,P0287,Viet Nam,Lazada VN,Seaweed snack,Korean Brand K,Seaweed Snack - multi-pack,3,"The product is good, but the packaging does not feel very strong.",packaging_issue,synthetic_review_corpus
R02020,P0287,Viet Nam,Lazada VN,Seaweed snack,Korean Brand K,Seaweed Snack - multi-pack,5,The taste is very satisfying and works well for a quick Korean meal at home.,taste_authenticity_positive,synthetic_review_corpus
R02021,P0287,Viet Nam,Lazada VN,Seaweed snack,Korean Brand K,Seaweed Snack - multi-pack,3,"The product is good, but the price feels quite high for the portion size.",price_sensitivity,synthetic_review_corpus
R02022,P0287,Viet Nam,Lazada VN,Seaweed snack,Korean Brand K,Seaweed Snack - multi-pack,4,I like the rich seasoning and it feels close to real Korean-style food.,taste_authenticity_positive,synthetic_review_corpus
R02023,P0287,Viet Nam,Lazada VN,Seaweed snack,Korean Brand K,Seaweed Snack - multi-pack,4,I like the rich seasoning and it feels close to real Korean-style food.,taste_authenticity_positive,synthetic_review_corpus
R02024,P0287,Viet Nam,Lazada VN,Seaweed snack,Korean Brand K,Seaweed Snack - multi-pack,4,"I like it, but I would only buy again if there is a discount.",price_sensitivity,synthetic_review_corpus
R02025,P0287,Viet Nam,Lazada VN,Seaweed snack,Korean Brand K,Seaweed Snack - multi-pack,5,Very convenient for a quick meal after work.,convenience_positive,synthetic_review_corpus
R02026,P0288,Viet Nam,Lazada VN,Seaweed snack,Korean Brand B,Seaweed Crisps - multi-pack,4,The portion is smaller than expected.,portion_size,synthetic_review_corpus
R02027,P0288,Viet Nam,Lazada VN,Seaweed snack,Korean Brand B,Seaweed Crisps - multi-pack,2,"It tastes good, but one pack is not enough for a full meal.",portion_size,synthetic_review_corpus
R02028,P0288,Viet Nam,Lazada VN,Seaweed snack,Korean Brand B,Seaweed Crisps - multi-pack,3,"The flavor is good, but it is too spicy for my family.",too_spicy,synthetic_review_corpus
R02029,P0288,Viet Nam,Lazada VN,Seaweed snack,Korean Brand B,Seaweed Crisps - multi-pack,5,The flavor tastes authentic and reminds me of Korean restaurant food.,taste_authenticity_positive,synthetic_review_corpus
R02030,P0288,Viet Nam,Lazada VN,Seaweed snack,Korean Brand B,Seaweed Crisps - multi-pack,4,Very convenient for a quick meal after work.,convenience_positive,synthetic_review_corpus
R02031,P0288,Viet Nam,Lazada VN,Seaweed snack,Korean Brand B,Seaweed Crisps - multi-pack,3,The label information could be clearer and easier to read.,packaging_issue,synthetic_review_corpus
R02032,P0288,Viet Nam,Lazada VN,Seaweed snack,Korean Brand B,Seaweed Crisps - multi-pack,4,"The taste is nice, but I wish it had less sodium.",health_concern,synthetic_review_corpus
R02033,P0288,Viet Nam,Lazada VN,Seaweed snack,Korean Brand B,Seaweed Crisps - multi-pack,4,The portion is smaller than expected.,portion_size,synthetic_review_corpus
R02034,P0288,Viet Nam,Lazada VN,Seaweed snack,Korean Brand B,Seaweed Crisps - multi-pack,3,The serving size could be larger for the price.,portion_size,synthetic_review_corpus
R02035,P0288,Viet Nam,Lazada VN,Seaweed snack,Korean Brand B,Seaweed Crisps - multi-pack,4,The flavor tastes authentic and reminds me of Korean restaurant food.,taste_authenticity_positive,synthetic_review_corpus
R02036,P0289,United States,Walmart,Korean ramen,Local Brand B,Spicy Ramen - cup noodle,2,"The product tastes nice, but the heat level may be difficult for beginners.",too_spicy,synthetic_review_corpus
R02037,P0289,United States,Walmart,Korean ramen,Local Brand B,Spicy Ramen - cup noodle,2,The label information could be clearer and easier to read.,packaging_issue,synthetic_review_corpus
R02038,P0289,United States,Walmart,Korean ramen,Local Brand B,Spicy Ramen - cup noodle,3,The portion is smaller than expected.,portion_size,synthetic_review_corpus
R02039,P0289,United States,Walmart,Korean ramen,Local Brand B,Spicy Ramen - cup noodle,3,"The taste is nice, but I wish it had less sodium.",health_concern,synthetic_review_corpus
R02040,P0289,United States,Walmart,Korean ramen,Local Brand B,Spicy Ramen - cup noodle,5,I like the rich seasoning and it feels close to real Korean-style food.,taste_authenticity_positive,synthetic_review_corpus
R02041,P0289,United States,Walmart,Korean ramen,Local Brand B,Spicy Ramen - cup noodle,5,I like that it saves time and still tastes good.,convenience_positive,synthetic_review_corpus
R02042,P0289,United States,Walmart,Korean ramen,Local Brand B,Spicy Ramen - cup noodle,3,"The taste is fine, but it feels expensive compared with local alternatives.",price_sensitivity,synthetic_review_corpus
R02043,P0289,United States,Walmart,Korean ramen,Local Brand B,Spicy Ramen - cup noodle,4,Very convenient for a quick meal after work.,convenience_positive,synthetic_review_corpus
R02044,P0289,United States,Walmart,Korean ramen,Local Brand B,Spicy Ramen - cup noodle,3,"It tastes good, but one pack is not enough for a full meal.",portion_size,synthetic_review_corpus
R02045,P0290,United States,Walmart,Korean ramen,Korean Brand F,Spicy Ramen - cup noodle,4,The label information could be clearer and easier to read.,packaging_issue,synthetic_review_corpus
R02046,P0290,United States,Walmart,Korean ramen,Korean Brand F,Spicy Ramen - cup noodle,4,"The product is good, but the packaging does not feel very strong.",packaging_issue,synthetic_review_corpus
R02047,P0290,United States,Walmart,Korean ramen,Korean Brand F,Spicy Ramen - cup noodle,5,I like that it saves time and still tastes good.,convenience_positive,synthetic_review_corpus
R02048,P0290,United States,Walmart,Korean ramen,Korean Brand F,Spicy Ramen - cup noodle,4,The label information could be clearer and easier to read.,packaging_issue,synthetic_review_corpus
R02049,P0290,United States,Walmart,Korean ramen,Korean Brand F,Spicy Ramen - cup noodle,3,"The flavor is good, but it is too spicy for my family.",too_spicy,synthetic_review_corpus
R02050,P0290,United States,Walmart,Korean ramen,Korean Brand F,Spicy Ramen - cup noodle,5,I like that it saves time and still tastes good.,convenience_positive,synthetic_review_corpus
R02051,P0290,United States,Walmart,Korean ramen,Korean Brand F,Spicy Ramen - cup noodle,5,The flavor tastes authentic and reminds me of Korean restaurant food.,taste_authenticity_positive,synthetic_review_corpus
R02052,P0290,United States,Walmart,Korean ramen,Korean Brand F,Spicy Ramen - cup noodle,3,Clear halal labeling would make me more confident to purchase.,halal_concern,synthetic_review_corpus
R02053,P0290,United States,Walmart,Korean ramen,Korean Brand F,Spicy Ramen - cup noodle,4,The portion is smaller than expected.,portion_size,synthetic_review_corpus
R02054,P0291,United States,Amazon US,Korean ramen,Private Label B,Mild Ramen - multi-pack,5,The taste is very satisfying and works well for a quick Korean meal at home.,taste_authenticity_positive,synthetic_review_corpus
R02055,P0291,United States,Amazon US,Korean ramen,Private Label B,Mild Ramen - multi-pack,5,The flavor tastes authentic and reminds me of Korean restaurant food.,taste_authenticity_positive,synthetic_review_corpus
R02056,P0291,United States,Amazon US,Korean ramen,Private Label B,Mild Ramen - multi-pack,3,"The product is good, but the price feels quite high for the portion size.",price_sensitivity,synthetic_review_corpus
R02057,P0291,United States,Amazon US,Korean ramen,Private Label B,Mild Ramen - multi-pack,4,The taste is very satisfying and works well for a quick Korean meal at home.,taste_authenticity_positive,synthetic_review_corpus
R02058,P0292,United States,Amazon US,Korean ramen,Korean Brand N,Spicy Ramen - multi-pack,4,"The product is good, but the price feels quite high for the portion size.",price_sensitivity,synthetic_review_corpus
R02059,P0292,United States,Amazon US,Korean ramen,Korean Brand N,Spicy Ramen - multi-pack,4,I like the rich seasoning and it feels close to real Korean-style food.,taste_authenticity_positive,synthetic_review_corpus
R02060,P0292,United States,Amazon US,Korean ramen,Korean Brand N,Spicy Ramen - multi-pack,5,I like the rich seasoning and it feels close to real Korean-style food.,taste_authenticity_positive,synthetic_review_corpus
R02061,P0292,United States,Amazon US,Korean ramen,Korean Brand N,Spicy Ramen - multi-pack,3,I wish there was a milder version because the spice level is too strong.,too_spicy,synthetic_review_corpus
R02062,P0292,United States,Amazon US,Korean ramen,Korean Brand N,Spicy Ramen - multi-pack,4,"The product is good, but the price feels quite high for the portion size.",price_sensitivity,synthetic_review_corpus
R02063,P0293,United States,Amazon US,Korean ramen,Japanese Brand Q,Spicy Ramen - multi-pack,4,The taste is very satisfying and works well for a quick Korean meal at home.,taste_authenticity_positive,synthetic_review_corpus
R02064,P0293,United States,Amazon US,Korean ramen,Japanese Brand Q,Spicy Ramen - multi-pack,2,"The product looks good, but I could not find clear halal information.",halal_concern,synthetic_review_corpus
R02065,P0293,United States,Amazon US,Korean ramen,Japanese Brand Q,Spicy Ramen - multi-pack,5,I like the rich seasoning and it feels close to real Korean-style food.,taste_authenticity_positive,synthetic_review_corpus
R02066,P0293,United States,Amazon US,Korean ramen,Japanese Brand Q,Spicy Ramen - multi-pack,4,The taste is very satisfying and works well for a quick Korean meal at home.,taste_authenticity_positive,synthetic_review_corpus
R02067,P0293,United States,Amazon US,Korean ramen,Japanese Brand Q,Spicy Ramen - multi-pack,4,I would buy this more often if the halal certification was clearly shown.,halal_concern,synthetic_review_corpus
R02068,P0293,United States,Amazon US,Korean ramen,Japanese Brand Q,Spicy Ramen - multi-pack,5,Very convenient for a quick meal after work.,convenience_positive,synthetic_review_corpus
R02069,P0293,United States,Amazon US,Korean ramen,Japanese Brand Q,Spicy Ramen - multi-pack,2,The label information could be clearer and easier to read.,packaging_issue,synthetic_review_corpus
R02070,P0293,United States,Amazon US,Korean ramen,Japanese Brand Q,Spicy Ramen - multi-pack,4,Clear halal labeling would make me more confident to purchase.,halal_concern,synthetic_review_corpus
R02071,P0293,United States,Amazon US,Korean ramen,Japanese Brand Q,Spicy Ramen - multi-pack,3,Clear halal labeling would make me more confident to purchase.,halal_concern,synthetic_review_corpus
R02072,P0293,United States,Amazon US,Korean ramen,Japanese Brand Q,Spicy Ramen - multi-pack,4,"The flavor is good, but it is too spicy for my family.",too_spicy,synthetic_review_corpus
R02073,P0294,United States,Amazon US,Korean ramen,Local Brand J,Mild Ramen - cup noodle,5,I like the rich seasoning and it feels close to real Korean-style food.,taste_authenticity_positive,synthetic_review_corpus
R02074,P0294,United States,Amazon US,Korean ramen,Local Brand J,Mild Ramen - cup noodle,3,"The product is good, but the packaging does not feel very strong.",packaging_issue,synthetic_review_corpus
R02075,P0294,United States,Amazon US,Korean ramen,Local Brand J,Mild Ramen - cup noodle,4,"The taste is fine, but it feels expensive compared with local alternatives.",price_sensitivity,synthetic_review_corpus
R02076,P0294,United States,Amazon US,Korean ramen,Local Brand J,Mild Ramen - cup noodle,4,The packaging could be improved because it was slightly damaged when delivered.,packaging_issue,synthetic_review_corpus
R02077,P0294,United States,Amazon US,Korean ramen,Local Brand J,Mild Ramen - cup noodle,3,The label information could be clearer and easier to read.,packaging_issue,synthetic_review_corpus
R02078,P0295,United States,Amazon US,Korean ramen,Korean Brand N,Spicy Ramen - cup noodle,4,"The product tastes nice, but the heat level may be difficult for beginners.",too_spicy,synthetic_review_corpus
R02079,P0295,United States,Amazon US,Korean ramen,Korean Brand N,Spicy Ramen - cup noodle,4,"I like it, but I would only buy again if there is a discount.",price_sensitivity,synthetic_review_corpus
R02080,P0295,United States,Amazon US,Korean ramen,Korean Brand N,Spicy Ramen - cup noodle,4,I like that it saves time and still tastes good.,convenience_positive,synthetic_review_corpus
R02081,P0295,United States,Amazon US,Korean ramen,Korean Brand N,Spicy Ramen - cup noodle,4,The taste is very satisfying and works well for a quick Korean meal at home.,taste_authenticity_positive,synthetic_review_corpus
R02082,P0295,United States,Amazon US,Korean ramen,Korean Brand N,Spicy Ramen - cup noodle,4,The serving size could be larger for the price.,portion_size,synthetic_review_corpus
R02083,P0295,United States,Amazon US,Korean ramen,Korean Brand N,Spicy Ramen - cup noodle,3,"The product is good, but the price feels quite high for the portion size.",price_sensitivity,synthetic_review_corpus
R02084,P0295,United States,Amazon US,Korean ramen,Korean Brand N,Spicy Ramen - cup noodle,5,I like the rich seasoning and it feels close to real Korean-style food.,taste_authenticity_positive,synthetic_review_corpus
R02085,P0295,United States,Amazon US,Korean ramen,Korean Brand N,Spicy Ramen - cup noodle,3,"The taste is nice, but I wish it had less sodium.",health_concern,synthetic_review_corpus
R02086,P0295,United States,Amazon US,Korean ramen,Korean Brand N,Spicy Ramen - cup noodle,2,"The taste is fine, but it feels expensive compared with local alternatives.",price_sensitivity,synthetic_review_corpus
R02087,P0295,United States,Amazon US,Korean ramen,Korean Brand N,Spicy Ramen - cup noodle,3,"The taste is fine, but it feels expensive compared with local alternatives.",price_sensitivity,synthetic_review_corpus
R02088,P0296,United States,Walmart,Korean ramen,Private Label V,Kimchi Ramen - single pack,4,The label information could be clearer and easier to read.,packaging_issue,synthetic_review_corpus
R02089,P0296,United States,Walmart,Korean ramen,Private Label V,Kimchi Ramen - single pack,3,"The flavor is good, but it is too spicy for my family.",too_spicy,synthetic_review_corpus
R02090,P0296,United States,Walmart,Korean ramen,Private Label V,Kimchi Ramen - single pack,3,I wish there was a milder version because the spice level is too strong.,too_spicy,synthetic_review_corpus
R02091,P0296,United States,Walmart,Korean ramen,Private Label V,Kimchi Ramen - single pack,4,The flavor tastes authentic and reminds me of Korean restaurant food.,taste_authenticity_positive,synthetic_review_corpus
R02092,P0296,United States,Walmart,Korean ramen,Private Label V,Kimchi Ramen - single pack,2,"The product is good, but the price feels quite high for the portion size.",price_sensitivity,synthetic_review_corpus
R02093,P0297,United States,Walmart,Kimchi,Korean Brand Q,Fresh Kimchi - jar,2,I would prefer a healthier version with cleaner ingredients.,health_concern,synthetic_review_corpus
R02094,P0297,United States,Walmart,Kimchi,Korean Brand Q,Fresh Kimchi - jar,2,"The flavor is good, but it is too spicy for my family.",too_spicy,synthetic_review_corpus
R02095,P0297,United States,Walmart,Kimchi,Korean Brand Q,Fresh Kimchi - jar,2,The serving size could be larger for the price.,portion_size,synthetic_review_corpus
R02096,P0297,United States,Walmart,Kimchi,Korean Brand Q,Fresh Kimchi - jar,3,"The flavor is good, but it is too spicy for my family.",too_spicy,synthetic_review_corpus
R02097,P0297,United States,Walmart,Kimchi,Korean Brand Q,Fresh Kimchi - jar,3,"It tastes good, but one pack is not enough for a full meal.",portion_size,synthetic_review_corpus
R02098,P0297,United States,Walmart,Kimchi,Korean Brand Q,Fresh Kimchi - jar,3,"The taste is fine, but it feels expensive compared with local alternatives.",price_sensitivity,synthetic_review_corpus
R02099,P0297,United States,Walmart,Kimchi,Korean Brand Q,Fresh Kimchi - jar,4,The flavor tastes authentic and reminds me of Korean restaurant food.,taste_authenticity_positive,synthetic_review_corpus
R02100,P0298,United States,Walmart,Kimchi,Premium Import Brand X,Original Kimchi - pouch,4,"It tastes good, but one pack is not enough for a full meal.",portion_size,synthetic_review_corpus
R02101,P0298,United States,Walmart,Kimchi,Premium Import Brand X,Original Kimchi - pouch,4,I like that it saves time and still tastes good.,convenience_positive,synthetic_review_corpus
R02102,P0298,United States,Walmart,Kimchi,Premium Import Brand X,Original Kimchi - pouch,4,I wish there was a milder version because the spice level is too strong.,too_spicy,synthetic_review_corpus
R02103,P0298,United States,Walmart,Kimchi,Premium Import Brand X,Original Kimchi - pouch,3,"I like it, but I would only buy again if there is a discount.",price_sensitivity,synthetic_review_corpus
R02104,P0298,United States,Walmart,Kimchi,Premium Import Brand X,Original Kimchi - pouch,4,"The taste is nice, but I wish it had less sodium.",health_concern,synthetic_review_corpus
R02105,P0298,United States,Walmart,Kimchi,Premium Import Brand X,Original Kimchi - pouch,3,"The product is good, but the price feels quite high for the portion size.",price_sensitivity,synthetic_review_corpus
R02106,P0298,United States,Walmart,Kimchi,Premium Import Brand X,Original Kimchi - pouch,3,"The product tastes nice, but the heat level may be difficult for beginners.",too_spicy,synthetic_review_corpus
R02107,P0299,United States,Amazon US,Kimchi,Local Brand F,Fresh Kimchi - pouch,5,I like the rich seasoning and it feels close to real Korean-style food.,taste_authenticity_positive,synthetic_review_corpus
R02108,P0299,United States,Amazon US,Kimchi,Local Brand F,Fresh Kimchi - pouch,3,"The product is good, but the price feels quite high for the portion size.",price_sensitivity,synthetic_review_corpus
R02109,P0299,United States,Amazon US,Kimchi,Local Brand F,Fresh Kimchi - pouch,4,"The product tastes nice, but the heat level may be difficult for beginners.",too_spicy,synthetic_review_corpus
R02110,P0299,United States,Amazon US,Kimchi,Local Brand F,Fresh Kimchi - pouch,3,"The product looks good, but I could not find clear halal information.",halal_concern,synthetic_review_corpus
R02111,P0299,United States,Amazon US,Kimchi,Local Brand F,Fresh Kimchi - pouch,4,I like the rich seasoning and it feels close to real Korean-style food.,taste_authenticity_positive,synthetic_review_corpus
R02112,P0299,United States,Amazon US,Kimchi,Local Brand F,Fresh Kimchi - pouch,3,"The taste is nice, but I wish it had less sodium.",health_concern,synthetic_review_corpus
R02113,P0299,United States,Amazon US,Kimchi,Local Brand F,Fresh Kimchi - pouch,3,"The product is good, but the price feels quite high for the portion size.",price_sensitivity,synthetic_review_corpus
R02114,P0299,United States,Amazon US,Kimchi,Local Brand F,Fresh Kimchi - pouch,4,"The flavor is good, but it is too spicy for my family.",too_spicy,synthetic_review_corpus
R02115,P0300,United States,Walmart,Kimchi,Local Brand E,Fresh Kimchi - jar,3,"The taste is fine, but it feels expensive compared with local alternatives.",price_sensitivity,synthetic_review_corpus
R02116,P0300,United States,Walmart,Kimchi,Local Brand E,Fresh Kimchi - jar,5,Very convenient for a quick meal after work.,convenience_positive,synthetic_review_corpus
R02117,P0300,United States,Walmart,Kimchi,Local Brand E,Fresh Kimchi - jar,2,I would buy this more often if the halal certification was clearly shown.,halal_concern,synthetic_review_corpus
R02118,P0300,United States,Walmart,Kimchi,Local Brand E,Fresh Kimchi - jar,5,The taste is very satisfying and works well for a quick Korean meal at home.,taste_authenticity_positive,synthetic_review_corpus
R02119,P0301,United States,Walmart,Kimchi,Korean Brand Q,Fresh Kimchi - pouch,4,The taste is very satisfying and works well for a quick Korean meal at home.,taste_authenticity_positive,synthetic_review_corpus
R02120,P0301,United States,Walmart,Kimchi,Korean Brand Q,Fresh Kimchi - pouch,2,"The product is good, but the packaging does not feel very strong.",packaging_issue,synthetic_review_corpus
R02121,P0301,United States,Walmart,Kimchi,Korean Brand Q,Fresh Kimchi - pouch,3,"The flavor is good, but it is too spicy for my family.",too_spicy,synthetic_review_corpus
R02122,P0301,United States,Walmart,Kimchi,Korean Brand Q,Fresh Kimchi - pouch,2,The packaging could be improved because it was slightly damaged when delivered.,packaging_issue,synthetic_review_corpus
R02123,P0301,United States,Walmart,Kimchi,Korean Brand Q,Fresh Kimchi - pouch,3,"The taste is fine, but it feels expensive compared with local alternatives.",price_sensitivity,synthetic_review_corpus
R02124,P0301,United States,Walmart,Kimchi,Korean Brand Q,Fresh Kimchi - pouch,4,The portion is smaller than expected.,portion_size,synthetic_review_corpus
R02125,P0301,United States,Walmart,Kimchi,Korean Brand Q,Fresh Kimchi - pouch,5,The taste is very satisfying and works well for a quick Korean meal at home.,taste_authenticity_positive,synthetic_review_corpus
R02126,P0301,United States,Walmart,Kimchi,Korean Brand Q,Fresh Kimchi - pouch,3,The label information could be clearer and easier to read.,packaging_issue,synthetic_review_corpus
R02127,P0302,United States,Amazon US,Kimchi,Korean Brand Z,Mild Kimchi - fresh pack,4,"The product is good, but the price feels quite high for the portion size.",price_sensitivity,synthetic_review_corpus
R02128,P0302,United States,Amazon US,Kimchi,Korean Brand Z,Mild Kimchi - fresh pack,4,"It tastes good, but one pack is not enough for a full meal.",portion_size,synthetic_review_corpus
R02129,P0302,United States,Amazon US,Kimchi,Korean Brand Z,Mild Kimchi - fresh pack,2,"Good flavor, but it feels a bit heavy for frequent consumption.",health_concern,synthetic_review_corpus
R02130,P0302,United States,Amazon US,Kimchi,Korean Brand Z,Mild Kimchi - fresh pack,3,"The product is good, but the price feels quite high for the portion size.",price_sensitivity,synthetic_review_corpus
R02131,P0302,United States,Amazon US,Kimchi,Korean Brand Z,Mild Kimchi - fresh pack,5,I like the rich seasoning and it feels close to real Korean-style food.,taste_authenticity_positive,synthetic_review_corpus
R02132,P0302,United States,Amazon US,Kimchi,Korean Brand Z,Mild Kimchi - fresh pack,2,"The product is good, but the packaging does not feel very strong.",packaging_issue,synthetic_review_corpus
R02133,P0302,United States,Amazon US,Kimchi,Korean Brand Z,Mild Kimchi - fresh pack,3,"It tastes good, but one pack is not enough for a full meal.",portion_size,synthetic_review_corpus
R02134,P0302,United States,Amazon US,Kimchi,Korean Brand Z,Mild Kimchi - fresh pack,5,I like the rich seasoning and it feels close to real Korean-style food.,taste_authenticity_positive,synthetic_review_corpus
R02135,P0302,United States,Amazon US,Kimchi,Korean Brand Z,Mild Kimchi - fresh pack,5,The flavor tastes authentic and reminds me of Korean restaurant food.,taste_authenticity_positive,synthetic_review_corpus
R02136,P0302,United States,Amazon US,Kimchi,Korean Brand Z,Mild Kimchi - fresh pack,5,The flavor tastes authentic and reminds me of Korean restaurant food.,taste_authenticity_positive,synthetic_review_corpus
R02137,P0303,United States,Walmart,Kimchi,Private Label E,Original Kimchi - jar,5,The flavor tastes authentic and reminds me of Korean restaurant food.,taste_authenticity_positive,synthetic_review_corpus
R02138,P0303,United States,Walmart,Kimchi,Private Label E,Original Kimchi - jar,2,"The flavor is good, but it is too spicy for my family.",too_spicy,synthetic_review_corpus
R02139,P0303,United States,Walmart,Kimchi,Private Label E,Original Kimchi - jar,5,I like the rich seasoning and it feels close to real Korean-style food.,taste_authenticity_positive,synthetic_review_corpus
R02140,P0303,United States,Walmart,Kimchi,Private Label E,Original Kimchi - jar,4,I like the rich seasoning and it feels close to real Korean-style food.,taste_authenticity_positive,synthetic_review_corpus
R02141,P0303,United States,Walmart,Kimchi,Private Label E,Original Kimchi - jar,4,The taste is very satisfying and works well for a quick Korean meal at home.,taste_authenticity_positive,synthetic_review_corpus
R02142,P0304,United States,Amazon US,Kimchi,Local Brand E,Fresh Kimchi - pouch,4,I wish there was a milder version because the spice level is too strong.,too_spicy,synthetic_review_corpus
R02143,P0304,United States,Amazon US,Kimchi,Local Brand E,Fresh Kimchi - pouch,4,I wish there was a milder version because the spice level is too strong.,too_spicy,synthetic_review_corpus
R02144,P0304,United States,Amazon US,Kimchi,Local Brand E,Fresh Kimchi - pouch,2,"The product tastes nice, but the heat level may be difficult for beginners.",too_spicy,synthetic_review_corpus
R02145,P0304,United States,Amazon US,Kimchi,Local Brand E,Fresh Kimchi - pouch,3,"The taste is nice, but I wish it had less sodium.",health_concern,synthetic_review_corpus
R02146,P0304,United States,Amazon US,Kimchi,Local Brand E,Fresh Kimchi - pouch,4,Very convenient for a quick meal after work.,convenience_positive,synthetic_review_corpus
R02147,P0305,United States,Amazon US,Gochujang sauce,Local Brand D,Sweet Spicy Sauce - tube,4,Very convenient for a quick meal after work.,convenience_positive,synthetic_review_corpus
R02148,P0305,United States,Amazon US,Gochujang sauce,Local Brand D,Sweet Spicy Sauce - tube,5,Very convenient for a quick meal after work.,convenience_positive,synthetic_review_corpus
R02149,P0305,United States,Amazon US,Gochujang sauce,Local Brand D,Sweet Spicy Sauce - tube,3,The portion is smaller than expected.,portion_size,synthetic_review_corpus
R02150,P0305,United States,Amazon US,Gochujang sauce,Local Brand D,Sweet Spicy Sauce - tube,4,I like that it saves time and still tastes good.,convenience_positive,synthetic_review_corpus
R02151,P0305,United States,Amazon US,Gochujang sauce,Local Brand D,Sweet Spicy Sauce - tube,4,"The product tastes nice, but the heat level may be difficult for beginners.",too_spicy,synthetic_review_corpus
R02152,P0305,United States,Amazon US,Gochujang sauce,Local Brand D,Sweet Spicy Sauce - tube,2,I would buy this more often if the halal certification was clearly shown.,halal_concern,synthetic_review_corpus
R02153,P0305,United States,Amazon US,Gochujang sauce,Local Brand D,Sweet Spicy Sauce - tube,3,"I like it, but I would only buy again if there is a discount.",price_sensitivity,synthetic_review_corpus
R02154,P0305,United States,Amazon US,Gochujang sauce,Local Brand D,Sweet Spicy Sauce - tube,3,I wish there was a milder version because the spice level is too strong.,too_spicy,synthetic_review_corpus
R02155,P0305,United States,Amazon US,Gochujang sauce,Local Brand D,Sweet Spicy Sauce - tube,2,"The product is good, but the packaging does not feel very strong.",packaging_issue,synthetic_review_corpus
R02156,P0306,United States,Amazon US,Gochujang sauce,Korean Brand H,Korean Chili Sauce - squeeze bottle,4,I like that it saves time and still tastes good.,convenience_positive,synthetic_review_corpus
R02157,P0306,United States,Amazon US,Gochujang sauce,Korean Brand H,Korean Chili Sauce - squeeze bottle,4,"The product is good, but the packaging does not feel very strong.",packaging_issue,synthetic_review_corpus
R02158,P0306,United States,Amazon US,Gochujang sauce,Korean Brand H,Korean Chili Sauce - squeeze bottle,3,The serving size could be larger for the price.,portion_size,synthetic_review_corpus
R02159,P0306,United States,Amazon US,Gochujang sauce,Korean Brand H,Korean Chili Sauce - squeeze bottle,3,The packaging could be improved because it was slightly damaged when delivered.,packaging_issue,synthetic_review_corpus
R02160,P0306,United States,Amazon US,Gochujang sauce,Korean Brand H,Korean Chili Sauce - squeeze bottle,4,Easy to prepare and good for busy weekdays.,convenience_positive,synthetic_review_corpus
R02161,P0307,United States,Walmart,Gochujang sauce,Private Label T,Korean Chili Sauce - squeeze bottle,4,I like the rich seasoning and it feels close to real Korean-style food.,taste_authenticity_positive,synthetic_review_corpus
R02162,P0307,United States,Walmart,Gochujang sauce,Private Label T,Korean Chili Sauce - squeeze bottle,5,The flavor tastes authentic and reminds me of Korean restaurant food.,taste_authenticity_positive,synthetic_review_corpus
R02163,P0307,United States,Walmart,Gochujang sauce,Private Label T,Korean Chili Sauce - squeeze bottle,5,Very convenient for a quick meal after work.,convenience_positive,synthetic_review_corpus
R02164,P0307,United States,Walmart,Gochujang sauce,Private Label T,Korean Chili Sauce - squeeze bottle,2,I wish there was a milder version because the spice level is too strong.,too_spicy,synthetic_review_corpus
R02165,P0307,United States,Walmart,Gochujang sauce,Private Label T,Korean Chili Sauce - squeeze bottle,4,I like the rich seasoning and it feels close to real Korean-style food.,taste_authenticity_positive,synthetic_review_corpus
R02166,P0307,United States,Walmart,Gochujang sauce,Private Label T,Korean Chili Sauce - squeeze bottle,3,"I like it, but I would only buy again if there is a discount.",price_sensitivity,synthetic_review_corpus
R02167,P0307,United States,Walmart,Gochujang sauce,Private Label T,Korean Chili Sauce - squeeze bottle,4,I like the rich seasoning and it feels close to real Korean-style food.,taste_authenticity_positive,synthetic_review_corpus
R02168,P0307,United States,Walmart,Gochujang sauce,Private Label T,Korean Chili Sauce - squeeze bottle,4,I like the rich seasoning and it feels close to real Korean-style food.,taste_authenticity_positive,synthetic_review_corpus
R02169,P0307,United States,Walmart,Gochujang sauce,Private Label T,Korean Chili Sauce - squeeze bottle,2,The label information could be clearer and easier to read.,packaging_issue,synthetic_review_corpus
R02170,P0308,United States,Amazon US,Gochujang sauce,Local Brand S,Sweet Spicy Sauce - tube,4,"It tastes good, but one pack is not enough for a full meal.",portion_size,synthetic_review_corpus
R02171,P0308,United States,Amazon US,Gochujang sauce,Local Brand S,Sweet Spicy Sauce - tube,5,Easy to prepare and good for busy weekdays.,convenience_positive,synthetic_review_corpus
R02172,P0308,United States,Amazon US,Gochujang sauce,Local Brand S,Sweet Spicy Sauce - tube,5,The taste is very satisfying and works well for a quick Korean meal at home.,taste_authenticity_positive,synthetic_review_corpus
R02173,P0308,United States,Amazon US,Gochujang sauce,Local Brand S,Sweet Spicy Sauce - tube,2,I would buy this more often if the halal certification was clearly shown.,halal_concern,synthetic_review_corpus
R02174,P0308,United States,Amazon US,Gochujang sauce,Local Brand S,Sweet Spicy Sauce - tube,4,"The product is good, but the price feels quite high for the portion size.",price_sensitivity,synthetic_review_corpus
R02175,P0308,United States,Amazon US,Gochujang sauce,Local Brand S,Sweet Spicy Sauce - tube,2,"The product is good, but the price feels quite high for the portion size.",price_sensitivity,synthetic_review_corpus
R02176,P0308,United States,Amazon US,Gochujang sauce,Local Brand S,Sweet Spicy Sauce - tube,5,The taste is very satisfying and works well for a quick Korean meal at home.,taste_authenticity_positive,synthetic_review_corpus
R02177,P0308,United States,Amazon US,Gochujang sauce,Local Brand S,Sweet Spicy Sauce - tube,5,The taste is very satisfying and works well for a quick Korean meal at home.,taste_authenticity_positive,synthetic_review_corpus
R02178,P0309,United States,Amazon US,Gochujang sauce,Local Brand X,Sweet Spicy Sauce - tube,2,"The taste is nice, but I wish it had less sodium.",health_concern,synthetic_review_corpus
R02179,P0309,United States,Amazon US,Gochujang sauce,Local Brand X,Sweet Spicy Sauce - tube,5,The flavor tastes authentic and reminds me of Korean restaurant food.,taste_authenticity_positive,synthetic_review_corpus
R02180,P0309,United States,Amazon US,Gochujang sauce,Local Brand X,Sweet Spicy Sauce - tube,4,The flavor tastes authentic and reminds me of Korean restaurant food.,taste_authenticity_positive,synthetic_review_corpus
R02181,P0309,United States,Amazon US,Gochujang sauce,Local Brand X,Sweet Spicy Sauce - tube,4,"It tastes good, but one pack is not enough for a full meal.",portion_size,synthetic_review_corpus
R02182,P0309,United States,Amazon US,Gochujang sauce,Local Brand X,Sweet Spicy Sauce - tube,4,"The taste is fine, but it feels expensive compared with local alternatives.",price_sensitivity,synthetic_review_corpus
R02183,P0309,United States,Amazon US,Gochujang sauce,Local Brand X,Sweet Spicy Sauce - tube,2,"The product is good, but the packaging does not feel very strong.",packaging_issue,synthetic_review_corpus
R02184,P0309,United States,Amazon US,Gochujang sauce,Local Brand X,Sweet Spicy Sauce - tube,3,"Good flavor, but it feels a bit heavy for frequent consumption.",health_concern,synthetic_review_corpus
R02185,P0309,United States,Amazon US,Gochujang sauce,Local Brand X,Sweet Spicy Sauce - tube,3,"The product tastes nice, but the heat level may be difficult for beginners.",too_spicy,synthetic_review_corpus
R02186,P0310,United States,Walmart,Gochujang sauce,Private Label C,Gochujang Sauce - tube,2,"It tastes good, but one pack is not enough for a full meal.",portion_size,synthetic_review_corpus
R02187,P0310,United States,Walmart,Gochujang sauce,Private Label C,Gochujang Sauce - tube,2,"The taste is nice, but I wish it had less sodium.",health_concern,synthetic_review_corpus
R02188,P0310,United States,Walmart,Gochujang sauce,Private Label C,Gochujang Sauce - tube,5,The taste is very satisfying and works well for a quick Korean meal at home.,taste_authenticity_positive,synthetic_review_corpus
R02189,P0310,United States,Walmart,Gochujang sauce,Private Label C,Gochujang Sauce - tube,2,"I like it, but I would only buy again if there is a discount.",price_sensitivity,synthetic_review_corpus
R02190,P0311,United States,Walmart,Gochujang sauce,Japanese Brand V,Sweet Spicy Sauce - jar,4,I like the rich seasoning and it feels close to real Korean-style food.,taste_authenticity_positive,synthetic_review_corpus
R02191,P0311,United States,Walmart,Gochujang sauce,Japanese Brand V,Sweet Spicy Sauce - jar,4,"The product tastes nice, but the heat level may be difficult for beginners.",too_spicy,synthetic_review_corpus
R02192,P0311,United States,Walmart,Gochujang sauce,Japanese Brand V,Sweet Spicy Sauce - jar,4,"The taste is nice, but I wish it had less sodium.",health_concern,synthetic_review_corpus
R02193,P0311,United States,Walmart,Gochujang sauce,Japanese Brand V,Sweet Spicy Sauce - jar,5,The taste is very satisfying and works well for a quick Korean meal at home.,taste_authenticity_positive,synthetic_review_corpus
R02194,P0312,United States,Amazon US,Gochujang sauce,Local Brand W,Korean Chili Sauce - jar,3,"The product tastes nice, but the heat level may be difficult for beginners.",too_spicy,synthetic_review_corpus
R02195,P0312,United States,Amazon US,Gochujang sauce,Local Brand W,Korean Chili Sauce - jar,4,Very convenient for a quick meal after work.,convenience_positive,synthetic_review_corpus
R02196,P0312,United States,Amazon US,Gochujang sauce,Local Brand W,Korean Chili Sauce - jar,4,"It tastes good, but one pack is not enough for a full meal.",portion_size,synthetic_review_corpus
R02197,P0312,United States,Amazon US,Gochujang sauce,Local Brand W,Korean Chili Sauce - jar,4,I like the rich seasoning and it feels close to real Korean-style food.,taste_authenticity_positive,synthetic_review_corpus
R02198,P0312,United States,Amazon US,Gochujang sauce,Local Brand W,Korean Chili Sauce - jar,3,"The flavor is good, but it is too spicy for my family.",too_spicy,synthetic_review_corpus
R02199,P0313,United States,Walmart,Frozen mandu,Korean Brand K,Kimchi Mandu - family pack,3,"I like it, but I would only buy again if there is a discount.",price_sensitivity,synthetic_review_corpus
R02200,P0313,United States,Walmart,Frozen mandu,Korean Brand K,Kimchi Mandu - family pack,3,"It tastes good, but one pack is not enough for a full meal.",portion_size,synthetic_review_corpus
R02201,P0313,United States,Walmart,Frozen mandu,Korean Brand K,Kimchi Mandu - family pack,4,I would buy this more often if the halal certification was clearly shown.,halal_concern,synthetic_review_corpus
R02202,P0313,United States,Walmart,Frozen mandu,Korean Brand K,Kimchi Mandu - family pack,5,Very convenient for a quick meal after work.,convenience_positive,synthetic_review_corpus
R02203,P0313,United States,Walmart,Frozen mandu,Korean Brand K,Kimchi Mandu - family pack,5,Easy to prepare and good for busy weekdays.,convenience_positive,synthetic_review_corpus
R02204,P0313,United States,Walmart,Frozen mandu,Korean Brand K,Kimchi Mandu - family pack,3,Clear halal labeling would make me more confident to purchase.,halal_concern,synthetic_review_corpus
R02205,P0313,United States,Walmart,Frozen mandu,Korean Brand K,Kimchi Mandu - family pack,3,"I like it, but I would only buy again if there is a discount.",price_sensitivity,synthetic_review_corpus
R02206,P0313,United States,Walmart,Frozen mandu,Korean Brand K,Kimchi Mandu - family pack,3,"The product is good, but the price feels quite high for the portion size.",price_sensitivity,synthetic_review_corpus
R02207,P0313,United States,Walmart,Frozen mandu,Korean Brand K,Kimchi Mandu - family pack,4,I like that it saves time and still tastes good.,convenience_positive,synthetic_review_corpus
R02208,P0313,United States,Walmart,Frozen mandu,Korean Brand K,Kimchi Mandu - family pack,5,The taste is very satisfying and works well for a quick Korean meal at home.,taste_authenticity_positive,synthetic_review_corpus
R02209,P0314,United States,Amazon US,Frozen mandu,Japanese Brand R,Kimchi Mandu - family pack,3,The serving size could be larger for the price.,portion_size,synthetic_review_corpus
R02210,P0314,United States,Amazon US,Frozen mandu,Japanese Brand R,Kimchi Mandu - family pack,3,"The taste is fine, but it feels expensive compared with local alternatives.",price_sensitivity,synthetic_review_corpus
R02211,P0314,United States,Amazon US,Frozen mandu,Japanese Brand R,Kimchi Mandu - family pack,4,Clear halal labeling would make me more confident to purchase.,halal_concern,synthetic_review_corpus
R02212,P0314,United States,Amazon US,Frozen mandu,Japanese Brand R,Kimchi Mandu - family pack,5,I like that it saves time and still tastes good.,convenience_positive,synthetic_review_corpus
R02213,P0314,United States,Amazon US,Frozen mandu,Japanese Brand R,Kimchi Mandu - family pack,2,The serving size could be larger for the price.,portion_size,synthetic_review_corpus
R02214,P0314,United States,Amazon US,Frozen mandu,Japanese Brand R,Kimchi Mandu - family pack,4,The flavor tastes authentic and reminds me of Korean restaurant food.,taste_authenticity_positive,synthetic_review_corpus
R02215,P0314,United States,Amazon US,Frozen mandu,Japanese Brand R,Kimchi Mandu - family pack,4,The label information could be clearer and easier to read.,packaging_issue,synthetic_review_corpus
R02216,P0314,United States,Amazon US,Frozen mandu,Japanese Brand R,Kimchi Mandu - family pack,2,"It tastes good, but one pack is not enough for a full meal.",portion_size,synthetic_review_corpus
R02217,P0315,United States,Amazon US,Frozen mandu,Korean Brand L,Vegetable Mandu - value pack,5,I like that it saves time and still tastes good.,convenience_positive,synthetic_review_corpus
R02218,P0315,United States,Amazon US,Frozen mandu,Korean Brand L,Vegetable Mandu - value pack,3,Clear halal labeling would make me more confident to purchase.,halal_concern,synthetic_review_corpus
R02219,P0315,United States,Amazon US,Frozen mandu,Korean Brand L,Vegetable Mandu - value pack,4,The serving size could be larger for the price.,portion_size,synthetic_review_corpus
R02220,P0315,United States,Amazon US,Frozen mandu,Korean Brand L,Vegetable Mandu - value pack,4,I like that it saves time and still tastes good.,convenience_positive,synthetic_review_corpus
R02221,P0315,United States,Amazon US,Frozen mandu,Korean Brand L,Vegetable Mandu - value pack,2,Clear halal labeling would make me more confident to purchase.,halal_concern,synthetic_review_corpus
R02222,P0315,United States,Amazon US,Frozen mandu,Korean Brand L,Vegetable Mandu - value pack,5,The flavor tastes authentic and reminds me of Korean restaurant food.,taste_authenticity_positive,synthetic_review_corpus
R02223,P0315,United States,Amazon US,Frozen mandu,Korean Brand L,Vegetable Mandu - value pack,4,"I like it, but I would only buy again if there is a discount.",price_sensitivity,synthetic_review_corpus
R02224,P0316,United States,Walmart,Frozen mandu,Korean Brand D,Vegetable Mandu - value pack,3,"The taste is fine, but it feels expensive compared with local alternatives.",price_sensitivity,synthetic_review_corpus
R02225,P0316,United States,Walmart,Frozen mandu,Korean Brand D,Vegetable Mandu - value pack,5,I like that it saves time and still tastes good.,convenience_positive,synthetic_review_corpus
R02226,P0316,United States,Walmart,Frozen mandu,Korean Brand D,Vegetable Mandu - value pack,2,"The product is good, but the price feels quite high for the portion size.",price_sensitivity,synthetic_review_corpus
R02227,P0316,United States,Walmart,Frozen mandu,Korean Brand D,Vegetable Mandu - value pack,3,"The product is good, but the packaging does not feel very strong.",packaging_issue,synthetic_review_corpus
R02228,P0316,United States,Walmart,Frozen mandu,Korean Brand D,Vegetable Mandu - value pack,3,"It tastes good, but one pack is not enough for a full meal.",portion_size,synthetic_review_corpus
R02229,P0316,United States,Walmart,Frozen mandu,Korean Brand D,Vegetable Mandu - value pack,3,Clear halal labeling would make me more confident to purchase.,halal_concern,synthetic_review_corpus
R02230,P0316,United States,Walmart,Frozen mandu,Korean Brand D,Vegetable Mandu - value pack,3,The serving size could be larger for the price.,portion_size,synthetic_review_corpus
R02231,P0316,United States,Walmart,Frozen mandu,Korean Brand D,Vegetable Mandu - value pack,3,Clear halal labeling would make me more confident to purchase.,halal_concern,synthetic_review_corpus
R02232,P0317,United States,Amazon US,Frozen mandu,Local Brand E,Pork Mandu - frozen bag,2,"It tastes good, but one pack is not enough for a full meal.",portion_size,synthetic_review_corpus
R02233,P0317,United States,Amazon US,Frozen mandu,Local Brand E,Pork Mandu - frozen bag,5,The flavor tastes authentic and reminds me of Korean restaurant food.,taste_authenticity_positive,synthetic_review_corpus
R02234,P0317,United States,Amazon US,Frozen mandu,Local Brand E,Pork Mandu - frozen bag,5,I like that it saves time and still tastes good.,convenience_positive,synthetic_review_corpus
R02235,P0317,United States,Amazon US,Frozen mandu,Local Brand E,Pork Mandu - frozen bag,4,The taste is very satisfying and works well for a quick Korean meal at home.,taste_authenticity_positive,synthetic_review_corpus
R02236,P0317,United States,Amazon US,Frozen mandu,Local Brand E,Pork Mandu - frozen bag,3,The packaging could be improved because it was slightly damaged when delivered.,packaging_issue,synthetic_review_corpus
R02237,P0317,United States,Amazon US,Frozen mandu,Local Brand E,Pork Mandu - frozen bag,5,Very convenient for a quick meal after work.,convenience_positive,synthetic_review_corpus
R02238,P0317,United States,Amazon US,Frozen mandu,Local Brand E,Pork Mandu - frozen bag,5,The taste is very satisfying and works well for a quick Korean meal at home.,taste_authenticity_positive,synthetic_review_corpus
R02239,P0317,United States,Amazon US,Frozen mandu,Local Brand E,Pork Mandu - frozen bag,4,Very convenient for a quick meal after work.,convenience_positive,synthetic_review_corpus
R02240,P0318,United States,Amazon US,Frozen mandu,Korean Brand P,Chicken Mandu - value pack,5,The taste is very satisfying and works well for a quick Korean meal at home.,taste_authenticity_positive,synthetic_review_corpus
R02241,P0318,United States,Amazon US,Frozen mandu,Korean Brand P,Chicken Mandu - value pack,3,I wish there was a milder version because the spice level is too strong.,too_spicy,synthetic_review_corpus
R02242,P0318,United States,Amazon US,Frozen mandu,Korean Brand P,Chicken Mandu - value pack,4,I like the rich seasoning and it feels close to real Korean-style food.,taste_authenticity_positive,synthetic_review_corpus
R02243,P0318,United States,Amazon US,Frozen mandu,Korean Brand P,Chicken Mandu - value pack,3,"The product is good, but the price feels quite high for the portion size.",price_sensitivity,synthetic_review_corpus
R02244,P0319,United States,Amazon US,Frozen mandu,Private Label L,Chicken Mandu - value pack,3,"The product is good, but the price feels quite high for the portion size.",price_sensitivity,synthetic_review_corpus
R02245,P0319,United States,Amazon US,Frozen mandu,Private Label L,Chicken Mandu - value pack,2,"I like it, but I would only buy again if there is a discount.",price_sensitivity,synthetic_review_corpus
R02246,P0319,United States,Amazon US,Frozen mandu,Private Label L,Chicken Mandu - value pack,3,"It tastes good, but one pack is not enough for a full meal.",portion_size,synthetic_review_corpus
R02247,P0319,United States,Amazon US,Frozen mandu,Private Label L,Chicken Mandu - value pack,4,The flavor tastes authentic and reminds me of Korean restaurant food.,taste_authenticity_positive,synthetic_review_corpus
R02248,P0319,United States,Amazon US,Frozen mandu,Private Label L,Chicken Mandu - value pack,5,I like the rich seasoning and it feels close to real Korean-style food.,taste_authenticity_positive,synthetic_review_corpus
R02249,P0319,United States,Amazon US,Frozen mandu,Private Label L,Chicken Mandu - value pack,4,Easy to prepare and good for busy weekdays.,convenience_positive,synthetic_review_corpus
R02250,P0319,United States,Amazon US,Frozen mandu,Private Label L,Chicken Mandu - value pack,4,Very convenient for a quick meal after work.,convenience_positive,synthetic_review_corpus
R02251,P0319,United States,Amazon US,Frozen mandu,Private Label L,Chicken Mandu - value pack,3,Clear halal labeling would make me more confident to purchase.,halal_concern,synthetic_review_corpus
R02252,P0319,United States,Amazon US,Frozen mandu,Private Label L,Chicken Mandu - value pack,3,The packaging could be improved because it was slightly damaged when delivered.,packaging_issue,synthetic_review_corpus
R02253,P0320,United States,Amazon US,Frozen mandu,Local Brand K,Kimchi Mandu - family pack,5,I like that it saves time and still tastes good.,convenience_positive,synthetic_review_corpus
R02254,P0320,United States,Amazon US,Frozen mandu,Local Brand K,Kimchi Mandu - family pack,4,The serving size could be larger for the price.,portion_size,synthetic_review_corpus
R02255,P0320,United States,Amazon US,Frozen mandu,Local Brand K,Kimchi Mandu - family pack,2,"The product looks good, but I could not find clear halal information.",halal_concern,synthetic_review_corpus
R02256,P0320,United States,Amazon US,Frozen mandu,Local Brand K,Kimchi Mandu - family pack,3,"I like it, but I would only buy again if there is a discount.",price_sensitivity,synthetic_review_corpus
R02257,P0320,United States,Amazon US,Frozen mandu,Local Brand K,Kimchi Mandu - family pack,4,The flavor tastes authentic and reminds me of Korean restaurant food.,taste_authenticity_positive,synthetic_review_corpus
R02258,P0320,United States,Amazon US,Frozen mandu,Local Brand K,Kimchi Mandu - family pack,5,The flavor tastes authentic and reminds me of Korean restaurant food.,taste_authenticity_positive,synthetic_review_corpus
R02259,P0320,United States,Amazon US,Frozen mandu,Local Brand K,Kimchi Mandu - family pack,2,I wish there was a milder version because the spice level is too strong.,too_spicy,synthetic_review_corpus
R02260,P0320,United States,Amazon US,Frozen mandu,Local Brand K,Kimchi Mandu - family pack,5,I like the rich seasoning and it feels close to real Korean-style food.,taste_authenticity_positive,synthetic_review_corpus
R02261,P0321,United States,Amazon US,Ready meal,Korean Brand H,Tteokbokki Meal - meal kit,4,"The taste is fine, but it feels expensive compared with local alternatives.",price_sensitivity,synthetic_review_corpus
R02262,P0321,United States,Amazon US,Ready meal,Korean Brand H,Tteokbokki Meal - meal kit,4,I like the rich seasoning and it feels close to real Korean-style food.,taste_authenticity_positive,synthetic_review_corpus
R02263,P0321,United States,Amazon US,Ready meal,Korean Brand H,Tteokbokki Meal - meal kit,5,Very convenient for a quick meal after work.,convenience_positive,synthetic_review_corpus
R02264,P0321,United States,Amazon US,Ready meal,Korean Brand H,Tteokbokki Meal - meal kit,4,"I like it, but I would only buy again if there is a discount.",price_sensitivity,synthetic_review_corpus
R02265,P0321,United States,Amazon US,Ready meal,Korean Brand H,Tteokbokki Meal - meal kit,3,"The product looks good, but I could not find clear halal information.",halal_concern,synthetic_review_corpus
R02266,P0321,United States,Amazon US,Ready meal,Korean Brand H,Tteokbokki Meal - meal kit,5,I like the rich seasoning and it feels close to real Korean-style food.,taste_authenticity_positive,synthetic_review_corpus
R02267,P0322,United States,Walmart,Ready meal,Korean Brand W,Bulgogi Meal - frozen tray,3,"The flavor is good, but it is too spicy for my family.",too_spicy,synthetic_review_corpus
R02268,P0322,United States,Walmart,Ready meal,Korean Brand W,Bulgogi Meal - frozen tray,2,"The product is good, but the packaging does not feel very strong.",packaging_issue,synthetic_review_corpus
R02269,P0322,United States,Walmart,Ready meal,Korean Brand W,Bulgogi Meal - frozen tray,3,"The taste is fine, but it feels expensive compared with local alternatives.",price_sensitivity,synthetic_review_corpus
R02270,P0322,United States,Walmart,Ready meal,Korean Brand W,Bulgogi Meal - frozen tray,3,Clear halal labeling would make me more confident to purchase.,halal_concern,synthetic_review_corpus
R02271,P0322,United States,Walmart,Ready meal,Korean Brand W,Bulgogi Meal - frozen tray,2,"The product is good, but the price feels quite high for the portion size.",price_sensitivity,synthetic_review_corpus
R02272,P0322,United States,Walmart,Ready meal,Korean Brand W,Bulgogi Meal - frozen tray,2,"The product is good, but the price feels quite high for the portion size.",price_sensitivity,synthetic_review_corpus
R02273,P0323,United States,Walmart,Ready meal,Local Brand E,Korean Rice Bowl - meal kit,2,"I like it, but I would only buy again if there is a discount.",price_sensitivity,synthetic_review_corpus
R02274,P0323,United States,Walmart,Ready meal,Local Brand E,Korean Rice Bowl - meal kit,3,"The product is good, but the packaging does not feel very strong.",packaging_issue,synthetic_review_corpus
R02275,P0323,United States,Walmart,Ready meal,Local Brand E,Korean Rice Bowl - meal kit,4,Very convenient for a quick meal after work.,convenience_positive,synthetic_review_corpus
R02276,P0323,United States,Walmart,Ready meal,Local Brand E,Korean Rice Bowl - meal kit,3,The label information could be clearer and easier to read.,packaging_issue,synthetic_review_corpus
R02277,P0323,United States,Walmart,Ready meal,Local Brand E,Korean Rice Bowl - meal kit,4,The taste is very satisfying and works well for a quick Korean meal at home.,taste_authenticity_positive,synthetic_review_corpus
R02278,P0323,United States,Walmart,Ready meal,Local Brand E,Korean Rice Bowl - meal kit,4,"The flavor is good, but it is too spicy for my family.",too_spicy,synthetic_review_corpus
R02279,P0324,United States,Walmart,Ready meal,Private Label B,Tteokbokki Meal - meal kit,4,"The flavor is good, but it is too spicy for my family.",too_spicy,synthetic_review_corpus
R02280,P0324,United States,Walmart,Ready meal,Private Label B,Tteokbokki Meal - meal kit,5,The taste is very satisfying and works well for a quick Korean meal at home.,taste_authenticity_positive,synthetic_review_corpus
R02281,P0324,United States,Walmart,Ready meal,Private Label B,Tteokbokki Meal - meal kit,3,The serving size could be larger for the price.,portion_size,synthetic_review_corpus
R02282,P0324,United States,Walmart,Ready meal,Private Label B,Tteokbokki Meal - meal kit,5,The taste is very satisfying and works well for a quick Korean meal at home.,taste_authenticity_positive,synthetic_review_corpus
R02283,P0324,United States,Walmart,Ready meal,Private Label B,Tteokbokki Meal - meal kit,3,"I like it, but I would only buy again if there is a discount.",price_sensitivity,synthetic_review_corpus
R02284,P0324,United States,Walmart,Ready meal,Private Label B,Tteokbokki Meal - meal kit,3,Clear halal labeling would make me more confident to purchase.,halal_concern,synthetic_review_corpus
R02285,P0324,United States,Walmart,Ready meal,Private Label B,Tteokbokki Meal - meal kit,3,"Good flavor, but it feels a bit heavy for frequent consumption.",health_concern,synthetic_review_corpus
R02286,P0324,United States,Walmart,Ready meal,Private Label B,Tteokbokki Meal - meal kit,4,"The product is good, but the price feels quite high for the portion size.",price_sensitivity,synthetic_review_corpus
R02287,P0324,United States,Walmart,Ready meal,Private Label B,Tteokbokki Meal - meal kit,3,Clear halal labeling would make me more confident to purchase.,halal_concern,synthetic_review_corpus
R02288,P0325,United States,Walmart,Ready meal,Local Brand Q,Korean Rice Bowl - frozen tray,4,Clear halal labeling would make me more confident to purchase.,halal_concern,synthetic_review_corpus
R02289,P0325,United States,Walmart,Ready meal,Local Brand Q,Korean Rice Bowl - frozen tray,5,Easy to prepare and good for busy weekdays.,convenience_positive,synthetic_review_corpus
R02290,P0325,United States,Walmart,Ready meal,Local Brand Q,Korean Rice Bowl - frozen tray,4,I like the rich seasoning and it feels close to real Korean-style food.,taste_authenticity_positive,synthetic_review_corpus
R02291,P0325,United States,Walmart,Ready meal,Local Brand Q,Korean Rice Bowl - frozen tray,3,"The product is good, but the packaging does not feel very strong.",packaging_issue,synthetic_review_corpus
R02292,P0325,United States,Walmart,Ready meal,Local Brand Q,Korean Rice Bowl - frozen tray,4,Very convenient for a quick meal after work.,convenience_positive,synthetic_review_corpus
R02293,P0325,United States,Walmart,Ready meal,Local Brand Q,Korean Rice Bowl - frozen tray,5,The flavor tastes authentic and reminds me of Korean restaurant food.,taste_authenticity_positive,synthetic_review_corpus
R02294,P0325,United States,Walmart,Ready meal,Local Brand Q,Korean Rice Bowl - frozen tray,2,"I like it, but I would only buy again if there is a discount.",price_sensitivity,synthetic_review_corpus
R02295,P0325,United States,Walmart,Ready meal,Local Brand Q,Korean Rice Bowl - frozen tray,3,"The product looks good, but I could not find clear halal information.",halal_concern,synthetic_review_corpus
R02296,P0325,United States,Walmart,Ready meal,Local Brand Q,Korean Rice Bowl - frozen tray,3,Clear halal labeling would make me more confident to purchase.,halal_concern,synthetic_review_corpus
R02297,P0326,United States,Amazon US,Ready meal,Korean Brand L,Korean Rice Bowl - meal kit,4,I like that it saves time and still tastes good.,convenience_positive,synthetic_review_corpus
R02298,P0326,United States,Amazon US,Ready meal,Korean Brand L,Korean Rice Bowl - meal kit,3,"The taste is fine, but it feels expensive compared with local alternatives.",price_sensitivity,synthetic_review_corpus
R02299,P0326,United States,Amazon US,Ready meal,Korean Brand L,Korean Rice Bowl - meal kit,4,I like the rich seasoning and it feels close to real Korean-style food.,taste_authenticity_positive,synthetic_review_corpus
R02300,P0326,United States,Amazon US,Ready meal,Korean Brand L,Korean Rice Bowl - meal kit,4,I like that it saves time and still tastes good.,convenience_positive,synthetic_review_corpus
R02301,P0327,United States,Amazon US,Ready meal,Korean Brand B,Bibimbap Bowl - frozen tray,2,Clear halal labeling would make me more confident to purchase.,halal_concern,synthetic_review_corpus
R02302,P0327,United States,Amazon US,Ready meal,Korean Brand B,Bibimbap Bowl - frozen tray,5,Easy to prepare and good for busy weekdays.,convenience_positive,synthetic_review_corpus
R02303,P0327,United States,Amazon US,Ready meal,Korean Brand B,Bibimbap Bowl - frozen tray,3,The serving size could be larger for the price.,portion_size,synthetic_review_corpus
R02304,P0327,United States,Amazon US,Ready meal,Korean Brand B,Bibimbap Bowl - frozen tray,4,Easy to prepare and good for busy weekdays.,convenience_positive,synthetic_review_corpus
R02305,P0327,United States,Amazon US,Ready meal,Korean Brand B,Bibimbap Bowl - frozen tray,3,I would buy this more often if the halal certification was clearly shown.,halal_concern,synthetic_review_corpus
R02306,P0327,United States,Amazon US,Ready meal,Korean Brand B,Bibimbap Bowl - frozen tray,3,"The product is good, but the price feels quite high for the portion size.",price_sensitivity,synthetic_review_corpus
R02307,P0327,United States,Amazon US,Ready meal,Korean Brand B,Bibimbap Bowl - frozen tray,3,"The taste is fine, but it feels expensive compared with local alternatives.",price_sensitivity,synthetic_review_corpus
R02308,P0327,United States,Amazon US,Ready meal,Korean Brand B,Bibimbap Bowl - frozen tray,4,Very convenient for a quick meal after work.,convenience_positive,synthetic_review_corpus
R02309,P0327,United States,Amazon US,Ready meal,Korean Brand B,Bibimbap Bowl - frozen tray,2,I would buy this more often if the halal certification was clearly shown.,halal_concern,synthetic_review_corpus
R02310,P0328,United States,Amazon US,Ready meal,Korean Brand S,Bulgogi Meal - meal kit,4,Easy to prepare and good for busy weekdays.,convenience_positive,synthetic_review_corpus
R02311,P0328,United States,Amazon US,Ready meal,Korean Brand S,Bulgogi Meal - meal kit,5,I like the rich seasoning and it feels close to real Korean-style food.,taste_authenticity_positive,synthetic_review_corpus
R02312,P0328,United States,Amazon US,Ready meal,Korean Brand S,Bulgogi Meal - meal kit,4,I like that it saves time and still tastes good.,convenience_positive,synthetic_review_corpus
R02313,P0328,United States,Amazon US,Ready meal,Korean Brand S,Bulgogi Meal - meal kit,5,I like the rich seasoning and it feels close to real Korean-style food.,taste_authenticity_positive,synthetic_review_corpus
R02314,P0329,United States,Amazon US,Seaweed snack,Local Brand V,Seaweed Snack - multi-pack,5,The taste is very satisfying and works well for a quick Korean meal at home.,taste_authenticity_positive,synthetic_review_corpus
R02315,P0329,United States,Amazon US,Seaweed snack,Local Brand V,Seaweed Snack - multi-pack,4,"The taste is fine, but it feels expensive compared with local alternatives.",price_sensitivity,synthetic_review_corpus
R02316,P0329,United States,Amazon US,Seaweed snack,Local Brand V,Seaweed Snack - multi-pack,3,"The product looks good, but I could not find clear halal information.",halal_concern,synthetic_review_corpus
R02317,P0329,United States,Amazon US,Seaweed snack,Local Brand V,Seaweed Snack - multi-pack,5,The taste is very satisfying and works well for a quick Korean meal at home.,taste_authenticity_positive,synthetic_review_corpus
R02318,P0329,United States,Amazon US,Seaweed snack,Local Brand V,Seaweed Snack - multi-pack,2,The packaging could be improved because it was slightly damaged when delivered.,packaging_issue,synthetic_review_corpus
R02319,P0329,United States,Amazon US,Seaweed snack,Local Brand V,Seaweed Snack - multi-pack,5,The flavor tastes authentic and reminds me of Korean restaurant food.,taste_authenticity_positive,synthetic_review_corpus
R02320,P0329,United States,Amazon US,Seaweed snack,Local Brand V,Seaweed Snack - multi-pack,3,"The flavor is good, but it is too spicy for my family.",too_spicy,synthetic_review_corpus
R02321,P0330,United States,Amazon US,Seaweed snack,Korean Brand U,Seaweed Snack - multi-pack,4,"I like it, but I would only buy again if there is a discount.",price_sensitivity,synthetic_review_corpus
R02322,P0330,United States,Amazon US,Seaweed snack,Korean Brand U,Seaweed Snack - multi-pack,3,"The flavor is good, but it is too spicy for my family.",too_spicy,synthetic_review_corpus
R02323,P0330,United States,Amazon US,Seaweed snack,Korean Brand U,Seaweed Snack - multi-pack,3,The serving size could be larger for the price.,portion_size,synthetic_review_corpus
R02324,P0330,United States,Amazon US,Seaweed snack,Korean Brand U,Seaweed Snack - multi-pack,5,I like that it saves time and still tastes good.,convenience_positive,synthetic_review_corpus
R02325,P0330,United States,Amazon US,Seaweed snack,Korean Brand U,Seaweed Snack - multi-pack,2,The label information could be clearer and easier to read.,packaging_issue,synthetic_review_corpus
R02326,P0330,United States,Amazon US,Seaweed snack,Korean Brand U,Seaweed Snack - multi-pack,3,I would prefer a healthier version with cleaner ingredients.,health_concern,synthetic_review_corpus
R02327,P0330,United States,Amazon US,Seaweed snack,Korean Brand U,Seaweed Snack - multi-pack,2,I would buy this more often if the halal certification was clearly shown.,halal_concern,synthetic_review_corpus
R02328,P0330,United States,Amazon US,Seaweed snack,Korean Brand U,Seaweed Snack - multi-pack,5,I like the rich seasoning and it feels close to real Korean-style food.,taste_authenticity_positive,synthetic_review_corpus
R02329,P0331,United States,Walmart,Seaweed snack,Japanese Brand M,Seaweed Snack - snack pack,4,The serving size could be larger for the price.,portion_size,synthetic_review_corpus
R02330,P0331,United States,Walmart,Seaweed snack,Japanese Brand M,Seaweed Snack - snack pack,3,The portion is smaller than expected.,portion_size,synthetic_review_corpus
R02331,P0331,United States,Walmart,Seaweed snack,Japanese Brand M,Seaweed Snack - snack pack,5,The flavor tastes authentic and reminds me of Korean restaurant food.,taste_authenticity_positive,synthetic_review_corpus
R02332,P0331,United States,Walmart,Seaweed snack,Japanese Brand M,Seaweed Snack - snack pack,4,"The flavor is good, but it is too spicy for my family.",too_spicy,synthetic_review_corpus
R02333,P0331,United States,Walmart,Seaweed snack,Japanese Brand M,Seaweed Snack - snack pack,4,I would prefer a healthier version with cleaner ingredients.,health_concern,synthetic_review_corpus
R02334,P0331,United States,Walmart,Seaweed snack,Japanese Brand M,Seaweed Snack - snack pack,3,The portion is smaller than expected.,portion_size,synthetic_review_corpus
R02335,P0331,United States,Walmart,Seaweed snack,Japanese Brand M,Seaweed Snack - snack pack,4,Easy to prepare and good for busy weekdays.,convenience_positive,synthetic_review_corpus
R02336,P0331,United States,Walmart,Seaweed snack,Japanese Brand M,Seaweed Snack - snack pack,2,The packaging could be improved because it was slightly damaged when delivered.,packaging_issue,synthetic_review_corpus
R02337,P0332,United States,Amazon US,Seaweed snack,Premium Import Brand Y,Seaweed Crisps - tray pack,4,"The product tastes nice, but the heat level may be difficult for beginners.",too_spicy,synthetic_review_corpus
R02338,P0332,United States,Amazon US,Seaweed snack,Premium Import Brand Y,Seaweed Crisps - tray pack,2,"It tastes good, but one pack is not enough for a full meal.",portion_size,synthetic_review_corpus
R02339,P0332,United States,Amazon US,Seaweed snack,Premium Import Brand Y,Seaweed Crisps - tray pack,5,The flavor tastes authentic and reminds me of Korean restaurant food.,taste_authenticity_positive,synthetic_review_corpus
R02340,P0332,United States,Amazon US,Seaweed snack,Premium Import Brand Y,Seaweed Crisps - tray pack,5,I like the rich seasoning and it feels close to real Korean-style food.,taste_authenticity_positive,synthetic_review_corpus
R02341,P0332,United States,Amazon US,Seaweed snack,Premium Import Brand Y,Seaweed Crisps - tray pack,5,The flavor tastes authentic and reminds me of Korean restaurant food.,taste_authenticity_positive,synthetic_review_corpus
R02342,P0333,United States,Amazon US,Seaweed snack,Local Brand U,Seaweed Crisps - tray pack,3,The serving size could be larger for the price.,portion_size,synthetic_review_corpus
R02343,P0333,United States,Amazon US,Seaweed snack,Local Brand U,Seaweed Crisps - tray pack,4,"The taste is fine, but it feels expensive compared with local alternatives.",price_sensitivity,synthetic_review_corpus
R02344,P0333,United States,Amazon US,Seaweed snack,Local Brand U,Seaweed Crisps - tray pack,3,"The taste is fine, but it feels expensive compared with local alternatives.",price_sensitivity,synthetic_review_corpus
R02345,P0333,United States,Amazon US,Seaweed snack,Local Brand U,Seaweed Crisps - tray pack,2,The packaging could be improved because it was slightly damaged when delivered.,packaging_issue,synthetic_review_corpus
R02346,P0334,United States,Amazon US,Seaweed snack,Japanese Brand S,Seaweed Crisps - snack pack,3,"The product is good, but the packaging does not feel very strong.",packaging_issue,synthetic_review_corpus
R02347,P0334,United States,Amazon US,Seaweed snack,Japanese Brand S,Seaweed Crisps - snack pack,4,I like the rich seasoning and it feels close to real Korean-style food.,taste_authenticity_positive,synthetic_review_corpus
R02348,P0334,United States,Amazon US,Seaweed snack,Japanese Brand S,Seaweed Crisps - snack pack,3,"Good flavor, but it feels a bit heavy for frequent consumption.",health_concern,synthetic_review_corpus
R02349,P0334,United States,Amazon US,Seaweed snack,Japanese Brand S,Seaweed Crisps - snack pack,5,The taste is very satisfying and works well for a quick Korean meal at home.,taste_authenticity_positive,synthetic_review_corpus
R02350,P0334,United States,Amazon US,Seaweed snack,Japanese Brand S,Seaweed Crisps - snack pack,4,The label information could be clearer and easier to read.,packaging_issue,synthetic_review_corpus
R02351,P0334,United States,Amazon US,Seaweed snack,Japanese Brand S,Seaweed Crisps - snack pack,4,The flavor tastes authentic and reminds me of Korean restaurant food.,taste_authenticity_positive,synthetic_review_corpus
R02352,P0335,United States,Walmart,Seaweed snack,Korean Brand U,Seaweed Crisps - snack pack,3,I would prefer a healthier version with cleaner ingredients.,health_concern,synthetic_review_corpus
R02353,P0335,United States,Walmart,Seaweed snack,Korean Brand U,Seaweed Crisps - snack pack,4,"The taste is nice, but I wish it had less sodium.",health_concern,synthetic_review_corpus
R02354,P0335,United States,Walmart,Seaweed snack,Korean Brand U,Seaweed Crisps - snack pack,4,The taste is very satisfying and works well for a quick Korean meal at home.,taste_authenticity_positive,synthetic_review_corpus
R02355,P0335,United States,Walmart,Seaweed snack,Korean Brand U,Seaweed Crisps - snack pack,3,The serving size could be larger for the price.,portion_size,synthetic_review_corpus
R02356,P0336,United States,Amazon US,Seaweed snack,Korean Brand E,Seaweed Snack - multi-pack,5,Very convenient for a quick meal after work.,convenience_positive,synthetic_review_corpus
R02357,P0336,United States,Amazon US,Seaweed snack,Korean Brand E,Seaweed Snack - multi-pack,4,Clear halal labeling would make me more confident to purchase.,halal_concern,synthetic_review_corpus
R02358,P0336,United States,Amazon US,Seaweed snack,Korean Brand E,Seaweed Snack - multi-pack,2,"I like it, but I would only buy again if there is a discount.",price_sensitivity,synthetic_review_corpus
R02359,P0336,United States,Amazon US,Seaweed snack,Korean Brand E,Seaweed Snack - multi-pack,4,The serving size could be larger for the price.,portion_size,synthetic_review_corpus
R02360,P0336,United States,Amazon US,Seaweed snack,Korean Brand E,Seaweed Snack - multi-pack,4,Easy to prepare and good for busy weekdays.,convenience_positive,synthetic_review_corpus
R02361,P0337,Australia,Amazon AU,Korean ramen,Korean Brand Z,Spicy Ramen - multi-pack,2,The label information could be clearer and easier to read.,packaging_issue,synthetic_review_corpus
R02362,P0337,Australia,Amazon AU,Korean ramen,Korean Brand Z,Spicy Ramen - multi-pack,3,I would buy this more often if the halal certification was clearly shown.,halal_concern,synthetic_review_corpus
R02363,P0337,Australia,Amazon AU,Korean ramen,Korean Brand Z,Spicy Ramen - multi-pack,3,Clear halal labeling would make me more confident to purchase.,halal_concern,synthetic_review_corpus
R02364,P0337,Australia,Amazon AU,Korean ramen,Korean Brand Z,Spicy Ramen - multi-pack,5,The taste is very satisfying and works well for a quick Korean meal at home.,taste_authenticity_positive,synthetic_review_corpus
R02365,P0337,Australia,Amazon AU,Korean ramen,Korean Brand Z,Spicy Ramen - multi-pack,5,The flavor tastes authentic and reminds me of Korean restaurant food.,taste_authenticity_positive,synthetic_review_corpus
R02366,P0338,Australia,Amazon AU,Korean ramen,Local Brand R,Cheese Ramen - cup noodle,4,I like that it saves time and still tastes good.,convenience_positive,synthetic_review_corpus
R02367,P0338,Australia,Amazon AU,Korean ramen,Local Brand R,Cheese Ramen - cup noodle,3,"The product is good, but the price feels quite high for the portion size.",price_sensitivity,synthetic_review_corpus
R02368,P0338,Australia,Amazon AU,Korean ramen,Local Brand R,Cheese Ramen - cup noodle,5,The flavor tastes authentic and reminds me of Korean restaurant food.,taste_authenticity_positive,synthetic_review_corpus
R02369,P0338,Australia,Amazon AU,Korean ramen,Local Brand R,Cheese Ramen - cup noodle,4,"The product is good, but the packaging does not feel very strong.",packaging_issue,synthetic_review_corpus
R02370,P0338,Australia,Amazon AU,Korean ramen,Local Brand R,Cheese Ramen - cup noodle,3,The serving size could be larger for the price.,portion_size,synthetic_review_corpus
R02371,P0339,Australia,Woolworths,Korean ramen,Premium Import Brand L,Kimchi Ramen - cup noodle,3,Clear halal labeling would make me more confident to purchase.,halal_concern,synthetic_review_corpus
R02372,P0339,Australia,Woolworths,Korean ramen,Premium Import Brand L,Kimchi Ramen - cup noodle,3,"The taste is fine, but it feels expensive compared with local alternatives.",price_sensitivity,synthetic_review_corpus
R02373,P0339,Australia,Woolworths,Korean ramen,Premium Import Brand L,Kimchi Ramen - cup noodle,5,I like the rich seasoning and it feels close to real Korean-style food.,taste_authenticity_positive,synthetic_review_corpus
R02374,P0339,Australia,Woolworths,Korean ramen,Premium Import Brand L,Kimchi Ramen - cup noodle,4,The serving size could be larger for the price.,portion_size,synthetic_review_corpus
R02375,P0339,Australia,Woolworths,Korean ramen,Premium Import Brand L,Kimchi Ramen - cup noodle,2,"I like it, but I would only buy again if there is a discount.",price_sensitivity,synthetic_review_corpus
R02376,P0339,Australia,Woolworths,Korean ramen,Premium Import Brand L,Kimchi Ramen - cup noodle,3,I wish there was a milder version because the spice level is too strong.,too_spicy,synthetic_review_corpus
R02377,P0339,Australia,Woolworths,Korean ramen,Premium Import Brand L,Kimchi Ramen - cup noodle,3,"The product tastes nice, but the heat level may be difficult for beginners.",too_spicy,synthetic_review_corpus
R02378,P0339,Australia,Woolworths,Korean ramen,Premium Import Brand L,Kimchi Ramen - cup noodle,3,Clear halal labeling would make me more confident to purchase.,halal_concern,synthetic_review_corpus
R02379,P0340,Australia,Woolworths,Korean ramen,Local Brand J,Kimchi Ramen - single pack,3,"The product is good, but the price feels quite high for the portion size.",price_sensitivity,synthetic_review_corpus
R02380,P0340,Australia,Woolworths,Korean ramen,Local Brand J,Kimchi Ramen - single pack,3,I wish there was a milder version because the spice level is too strong.,too_spicy,synthetic_review_corpus
R02381,P0340,Australia,Woolworths,Korean ramen,Local Brand J,Kimchi Ramen - single pack,3,"The product is good, but the packaging does not feel very strong.",packaging_issue,synthetic_review_corpus
R02382,P0340,Australia,Woolworths,Korean ramen,Local Brand J,Kimchi Ramen - single pack,3,"It tastes good, but one pack is not enough for a full meal.",portion_size,synthetic_review_corpus
R02383,P0340,Australia,Woolworths,Korean ramen,Local Brand J,Kimchi Ramen - single pack,2,"The product is good, but the packaging does not feel very strong.",packaging_issue,synthetic_review_corpus
R02384,P0340,Australia,Woolworths,Korean ramen,Local Brand J,Kimchi Ramen - single pack,5,Easy to prepare and good for busy weekdays.,convenience_positive,synthetic_review_corpus
R02385,P0341,Australia,Amazon AU,Korean ramen,Premium Import Brand Y,Mild Ramen - multi-pack,4,"The flavor is good, but it is too spicy for my family.",too_spicy,synthetic_review_corpus
R02386,P0341,Australia,Amazon AU,Korean ramen,Premium Import Brand Y,Mild Ramen - multi-pack,3,I would buy this more often if the halal certification was clearly shown.,halal_concern,synthetic_review_corpus
R02387,P0341,Australia,Amazon AU,Korean ramen,Premium Import Brand Y,Mild Ramen - multi-pack,3,"The product looks good, but I could not find clear halal information.",halal_concern,synthetic_review_corpus
R02388,P0341,Australia,Amazon AU,Korean ramen,Premium Import Brand Y,Mild Ramen - multi-pack,5,The taste is very satisfying and works well for a quick Korean meal at home.,taste_authenticity_positive,synthetic_review_corpus
R02389,P0341,Australia,Amazon AU,Korean ramen,Premium Import Brand Y,Mild Ramen - multi-pack,3,The serving size could be larger for the price.,portion_size,synthetic_review_corpus
R02390,P0341,Australia,Amazon AU,Korean ramen,Premium Import Brand Y,Mild Ramen - multi-pack,3,"The product tastes nice, but the heat level may be difficult for beginners.",too_spicy,synthetic_review_corpus
R02391,P0341,Australia,Amazon AU,Korean ramen,Premium Import Brand Y,Mild Ramen - multi-pack,2,"Good flavor, but it feels a bit heavy for frequent consumption.",health_concern,synthetic_review_corpus
R02392,P0342,Australia,Woolworths,Korean ramen,Korean Brand J,Kimchi Ramen - cup noodle,2,"The product looks good, but I could not find clear halal information.",halal_concern,synthetic_review_corpus
R02393,P0342,Australia,Woolworths,Korean ramen,Korean Brand J,Kimchi Ramen - cup noodle,5,I like that it saves time and still tastes good.,convenience_positive,synthetic_review_corpus
R02394,P0342,Australia,Woolworths,Korean ramen,Korean Brand J,Kimchi Ramen - cup noodle,3,"The product tastes nice, but the heat level may be difficult for beginners.",too_spicy,synthetic_review_corpus
R02395,P0342,Australia,Woolworths,Korean ramen,Korean Brand J,Kimchi Ramen - cup noodle,3,"It tastes good, but one pack is not enough for a full meal.",portion_size,synthetic_review_corpus
R02396,P0342,Australia,Woolworths,Korean ramen,Korean Brand J,Kimchi Ramen - cup noodle,3,"The taste is fine, but it feels expensive compared with local alternatives.",price_sensitivity,synthetic_review_corpus
R02397,P0342,Australia,Woolworths,Korean ramen,Korean Brand J,Kimchi Ramen - cup noodle,5,The taste is very satisfying and works well for a quick Korean meal at home.,taste_authenticity_positive,synthetic_review_corpus
R02398,P0343,Australia,Amazon AU,Korean ramen,Local Brand M,Mild Ramen - multi-pack,2,"The product tastes nice, but the heat level may be difficult for beginners.",too_spicy,synthetic_review_corpus
R02399,P0343,Australia,Amazon AU,Korean ramen,Local Brand M,Mild Ramen - multi-pack,3,"The taste is fine, but it feels expensive compared with local alternatives.",price_sensitivity,synthetic_review_corpus
R02400,P0343,Australia,Amazon AU,Korean ramen,Local Brand M,Mild Ramen - multi-pack,3,The packaging could be improved because it was slightly damaged when delivered.,packaging_issue,synthetic_review_corpus
R02401,P0343,Australia,Amazon AU,Korean ramen,Local Brand M,Mild Ramen - multi-pack,4,Very convenient for a quick meal after work.,convenience_positive,synthetic_review_corpus
R02402,P0343,Australia,Amazon AU,Korean ramen,Local Brand M,Mild Ramen - multi-pack,4,Very convenient for a quick meal after work.,convenience_positive,synthetic_review_corpus
R02403,P0343,Australia,Amazon AU,Korean ramen,Local Brand M,Mild Ramen - multi-pack,3,"The taste is fine, but it feels expensive compared with local alternatives.",price_sensitivity,synthetic_review_corpus
R02404,P0343,Australia,Amazon AU,Korean ramen,Local Brand M,Mild Ramen - multi-pack,3,Clear halal labeling would make me more confident to purchase.,halal_concern,synthetic_review_corpus
R02405,P0343,Australia,Amazon AU,Korean ramen,Local Brand M,Mild Ramen - multi-pack,5,Easy to prepare and good for busy weekdays.,convenience_positive,synthetic_review_corpus
R02406,P0343,Australia,Amazon AU,Korean ramen,Local Brand M,Mild Ramen - multi-pack,4,I like that it saves time and still tastes good.,convenience_positive,synthetic_review_corpus
R02407,P0343,Australia,Amazon AU,Korean ramen,Local Brand M,Mild Ramen - multi-pack,5,Easy to prepare and good for busy weekdays.,convenience_positive,synthetic_review_corpus
R02408,P0344,Australia,Woolworths,Korean ramen,Korean Brand M,Cheese Ramen - single pack,3,"The taste is fine, but it feels expensive compared with local alternatives.",price_sensitivity,synthetic_review_corpus
R02409,P0344,Australia,Woolworths,Korean ramen,Korean Brand M,Cheese Ramen - single pack,5,Very convenient for a quick meal after work.,convenience_positive,synthetic_review_corpus
R02410,P0344,Australia,Woolworths,Korean ramen,Korean Brand M,Cheese Ramen - single pack,4,I like that it saves time and still tastes good.,convenience_positive,synthetic_review_corpus
R02411,P0344,Australia,Woolworths,Korean ramen,Korean Brand M,Cheese Ramen - single pack,4,The taste is very satisfying and works well for a quick Korean meal at home.,taste_authenticity_positive,synthetic_review_corpus
R02412,P0344,Australia,Woolworths,Korean ramen,Korean Brand M,Cheese Ramen - single pack,5,Very convenient for a quick meal after work.,convenience_positive,synthetic_review_corpus
R02413,P0344,Australia,Woolworths,Korean ramen,Korean Brand M,Cheese Ramen - single pack,4,I like that it saves time and still tastes good.,convenience_positive,synthetic_review_corpus
R02414,P0345,Australia,Woolworths,Kimchi,Japanese Brand J,Original Kimchi - fresh pack,3,"The product tastes nice, but the heat level may be difficult for beginners.",too_spicy,synthetic_review_corpus
R02415,P0345,Australia,Woolworths,Kimchi,Japanese Brand J,Original Kimchi - fresh pack,5,The taste is very satisfying and works well for a quick Korean meal at home.,taste_authenticity_positive,synthetic_review_corpus
R02416,P0345,Australia,Woolworths,Kimchi,Japanese Brand J,Original Kimchi - fresh pack,4,"The product tastes nice, but the heat level may be difficult for beginners.",too_spicy,synthetic_review_corpus
R02417,P0345,Australia,Woolworths,Kimchi,Japanese Brand J,Original Kimchi - fresh pack,2,I wish there was a milder version because the spice level is too strong.,too_spicy,synthetic_review_corpus
R02418,P0345,Australia,Woolworths,Kimchi,Japanese Brand J,Original Kimchi - fresh pack,2,The label information could be clearer and easier to read.,packaging_issue,synthetic_review_corpus
R02419,P0345,Australia,Woolworths,Kimchi,Japanese Brand J,Original Kimchi - fresh pack,4,I would buy this more often if the halal certification was clearly shown.,halal_concern,synthetic_review_corpus
R02420,P0345,Australia,Woolworths,Kimchi,Japanese Brand J,Original Kimchi - fresh pack,2,"The product looks good, but I could not find clear halal information.",halal_concern,synthetic_review_corpus
R02421,P0345,Australia,Woolworths,Kimchi,Japanese Brand J,Original Kimchi - fresh pack,3,The serving size could be larger for the price.,portion_size,synthetic_review_corpus
R02422,P0345,Australia,Woolworths,Kimchi,Japanese Brand J,Original Kimchi - fresh pack,4,Easy to prepare and good for busy weekdays.,convenience_positive,synthetic_review_corpus
R02423,P0346,Australia,Amazon AU,Kimchi,Korean Brand H,Cabbage Kimchi - jar,4,I like that it saves time and still tastes good.,convenience_positive,synthetic_review_corpus
R02424,P0346,Australia,Amazon AU,Kimchi,Korean Brand H,Cabbage Kimchi - jar,5,I like that it saves time and still tastes good.,convenience_positive,synthetic_review_corpus
R02425,P0346,Australia,Amazon AU,Kimchi,Korean Brand H,Cabbage Kimchi - jar,3,"Good flavor, but it feels a bit heavy for frequent consumption.",health_concern,synthetic_review_corpus
R02426,P0346,Australia,Amazon AU,Kimchi,Korean Brand H,Cabbage Kimchi - jar,3,"Good flavor, but it feels a bit heavy for frequent consumption.",health_concern,synthetic_review_corpus
R02427,P0346,Australia,Amazon AU,Kimchi,Korean Brand H,Cabbage Kimchi - jar,2,"It tastes good, but one pack is not enough for a full meal.",portion_size,synthetic_review_corpus
R02428,P0346,Australia,Amazon AU,Kimchi,Korean Brand H,Cabbage Kimchi - jar,5,The taste is very satisfying and works well for a quick Korean meal at home.,taste_authenticity_positive,synthetic_review_corpus
R02429,P0346,Australia,Amazon AU,Kimchi,Korean Brand H,Cabbage Kimchi - jar,3,"The taste is fine, but it feels expensive compared with local alternatives.",price_sensitivity,synthetic_review_corpus
R02430,P0346,Australia,Amazon AU,Kimchi,Korean Brand H,Cabbage Kimchi - jar,5,The taste is very satisfying and works well for a quick Korean meal at home.,taste_authenticity_positive,synthetic_review_corpus
R02431,P0346,Australia,Amazon AU,Kimchi,Korean Brand H,Cabbage Kimchi - jar,5,I like the rich seasoning and it feels close to real Korean-style food.,taste_authenticity_positive,synthetic_review_corpus
R02432,P0346,Australia,Amazon AU,Kimchi,Korean Brand H,Cabbage Kimchi - jar,4,I like the rich seasoning and it feels close to real Korean-style food.,taste_authenticity_positive,synthetic_review_corpus
R02433,P0347,Australia,Amazon AU,Kimchi,Local Brand L,Mild Kimchi - pouch,3,"The product is good, but the price feels quite high for the portion size.",price_sensitivity,synthetic_review_corpus
R02434,P0347,Australia,Amazon AU,Kimchi,Local Brand L,Mild Kimchi - pouch,2,"Good flavor, but it feels a bit heavy for frequent consumption.",health_concern,synthetic_review_corpus
R02435,P0347,Australia,Amazon AU,Kimchi,Local Brand L,Mild Kimchi - pouch,4,The flavor tastes authentic and reminds me of Korean restaurant food.,taste_authenticity_positive,synthetic_review_corpus
R02436,P0347,Australia,Amazon AU,Kimchi,Local Brand L,Mild Kimchi - pouch,4,The flavor tastes authentic and reminds me of Korean restaurant food.,taste_authenticity_positive,synthetic_review_corpus
R02437,P0347,Australia,Amazon AU,Kimchi,Local Brand L,Mild Kimchi - pouch,3,"The product is good, but the packaging does not feel very strong.",packaging_issue,synthetic_review_corpus
R02438,P0348,Australia,Amazon AU,Kimchi,Japanese Brand F,Mild Kimchi - fresh pack,3,I would buy this more often if the halal certification was clearly shown.,halal_concern,synthetic_review_corpus
R02439,P0348,Australia,Amazon AU,Kimchi,Japanese Brand F,Mild Kimchi - fresh pack,2,The portion is smaller than expected.,portion_size,synthetic_review_corpus
R02440,P0348,Australia,Amazon AU,Kimchi,Japanese Brand F,Mild Kimchi - fresh pack,5,The taste is very satisfying and works well for a quick Korean meal at home.,taste_authenticity_positive,synthetic_review_corpus
R02441,P0348,Australia,Amazon AU,Kimchi,Japanese Brand F,Mild Kimchi - fresh pack,5,The flavor tastes authentic and reminds me of Korean restaurant food.,taste_authenticity_positive,synthetic_review_corpus
R02442,P0348,Australia,Amazon AU,Kimchi,Japanese Brand F,Mild Kimchi - fresh pack,3,The portion is smaller than expected.,portion_size,synthetic_review_corpus
R02443,P0348,Australia,Amazon AU,Kimchi,Japanese Brand F,Mild Kimchi - fresh pack,4,I would prefer a healthier version with cleaner ingredients.,health_concern,synthetic_review_corpus
R02444,P0348,Australia,Amazon AU,Kimchi,Japanese Brand F,Mild Kimchi - fresh pack,2,The packaging could be improved because it was slightly damaged when delivered.,packaging_issue,synthetic_review_corpus
R02445,P0348,Australia,Amazon AU,Kimchi,Japanese Brand F,Mild Kimchi - fresh pack,5,I like the rich seasoning and it feels close to real Korean-style food.,taste_authenticity_positive,synthetic_review_corpus
R02446,P0349,Australia,Woolworths,Kimchi,Local Brand L,Original Kimchi - pouch,2,"Good flavor, but it feels a bit heavy for frequent consumption.",health_concern,synthetic_review_corpus
R02447,P0349,Australia,Woolworths,Kimchi,Local Brand L,Original Kimchi - pouch,3,"I like it, but I would only buy again if there is a discount.",price_sensitivity,synthetic_review_corpus
R02448,P0349,Australia,Woolworths,Kimchi,Local Brand L,Original Kimchi - pouch,2,The portion is smaller than expected.,portion_size,synthetic_review_corpus
R02449,P0349,Australia,Woolworths,Kimchi,Local Brand L,Original Kimchi - pouch,3,"The product is good, but the price feels quite high for the portion size.",price_sensitivity,synthetic_review_corpus
R02450,P0349,Australia,Woolworths,Kimchi,Local Brand L,Original Kimchi - pouch,2,"Good flavor, but it feels a bit heavy for frequent consumption.",health_concern,synthetic_review_corpus
R02451,P0350,Australia,Amazon AU,Kimchi,Premium Import Brand H,Cabbage Kimchi - fresh pack,5,I like the rich seasoning and it feels close to real Korean-style food.,taste_authenticity_positive,synthetic_review_corpus
R02452,P0350,Australia,Amazon AU,Kimchi,Premium Import Brand H,Cabbage Kimchi - fresh pack,3,"The product is good, but the price feels quite high for the portion size.",price_sensitivity,synthetic_review_corpus
R02453,P0350,Australia,Amazon AU,Kimchi,Premium Import Brand H,Cabbage Kimchi - fresh pack,5,The taste is very satisfying and works well for a quick Korean meal at home.,taste_authenticity_positive,synthetic_review_corpus
R02454,P0350,Australia,Amazon AU,Kimchi,Premium Import Brand H,Cabbage Kimchi - fresh pack,3,I would buy this more often if the halal certification was clearly shown.,halal_concern,synthetic_review_corpus
R02455,P0350,Australia,Amazon AU,Kimchi,Premium Import Brand H,Cabbage Kimchi - fresh pack,5,I like the rich seasoning and it feels close to real Korean-style food.,taste_authenticity_positive,synthetic_review_corpus
R02456,P0350,Australia,Amazon AU,Kimchi,Premium Import Brand H,Cabbage Kimchi - fresh pack,3,I would prefer a healthier version with cleaner ingredients.,health_concern,synthetic_review_corpus
R02457,P0350,Australia,Amazon AU,Kimchi,Premium Import Brand H,Cabbage Kimchi - fresh pack,4,The flavor tastes authentic and reminds me of Korean restaurant food.,taste_authenticity_positive,synthetic_review_corpus
R02458,P0351,Australia,Amazon AU,Kimchi,Korean Brand N,Mild Kimchi - jar,5,The taste is very satisfying and works well for a quick Korean meal at home.,taste_authenticity_positive,synthetic_review_corpus
R02459,P0351,Australia,Amazon AU,Kimchi,Korean Brand N,Mild Kimchi - jar,3,"The taste is fine, but it feels expensive compared with local alternatives.",price_sensitivity,synthetic_review_corpus
R02460,P0351,Australia,Amazon AU,Kimchi,Korean Brand N,Mild Kimchi - jar,4,The taste is very satisfying and works well for a quick Korean meal at home.,taste_authenticity_positive,synthetic_review_corpus
R02461,P0351,Australia,Amazon AU,Kimchi,Korean Brand N,Mild Kimchi - jar,5,The taste is very satisfying and works well for a quick Korean meal at home.,taste_authenticity_positive,synthetic_review_corpus
R02462,P0352,Australia,Amazon AU,Kimchi,Premium Import Brand B,Cabbage Kimchi - pouch,5,The flavor tastes authentic and reminds me of Korean restaurant food.,taste_authenticity_positive,synthetic_review_corpus
R02463,P0352,Australia,Amazon AU,Kimchi,Premium Import Brand B,Cabbage Kimchi - pouch,2,The serving size could be larger for the price.,portion_size,synthetic_review_corpus
R02464,P0352,Australia,Amazon AU,Kimchi,Premium Import Brand B,Cabbage Kimchi - pouch,4,The taste is very satisfying and works well for a quick Korean meal at home.,taste_authenticity_positive,synthetic_review_corpus
R02465,P0352,Australia,Amazon AU,Kimchi,Premium Import Brand B,Cabbage Kimchi - pouch,4,"Good flavor, but it feels a bit heavy for frequent consumption.",health_concern,synthetic_review_corpus
R02466,P0352,Australia,Amazon AU,Kimchi,Premium Import Brand B,Cabbage Kimchi - pouch,2,I would prefer a healthier version with cleaner ingredients.,health_concern,synthetic_review_corpus
R02467,P0352,Australia,Amazon AU,Kimchi,Premium Import Brand B,Cabbage Kimchi - pouch,2,"The taste is nice, but I wish it had less sodium.",health_concern,synthetic_review_corpus
R02468,P0353,Australia,Woolworths,Gochujang sauce,Local Brand K,Korean Chili Sauce - jar,3,"The product tastes nice, but the heat level may be difficult for beginners.",too_spicy,synthetic_review_corpus
R02469,P0353,Australia,Woolworths,Gochujang sauce,Local Brand K,Korean Chili Sauce - jar,3,"The taste is fine, but it feels expensive compared with local alternatives.",price_sensitivity,synthetic_review_corpus
R02470,P0353,Australia,Woolworths,Gochujang sauce,Local Brand K,Korean Chili Sauce - jar,3,I wish there was a milder version because the spice level is too strong.,too_spicy,synthetic_review_corpus
R02471,P0353,Australia,Woolworths,Gochujang sauce,Local Brand K,Korean Chili Sauce - jar,3,"The taste is fine, but it feels expensive compared with local alternatives.",price_sensitivity,synthetic_review_corpus
R02472,P0353,Australia,Woolworths,Gochujang sauce,Local Brand K,Korean Chili Sauce - jar,3,"Good flavor, but it feels a bit heavy for frequent consumption.",health_concern,synthetic_review_corpus
R02473,P0353,Australia,Woolworths,Gochujang sauce,Local Brand K,Korean Chili Sauce - jar,5,The flavor tastes authentic and reminds me of Korean restaurant food.,taste_authenticity_positive,synthetic_review_corpus
R02474,P0353,Australia,Woolworths,Gochujang sauce,Local Brand K,Korean Chili Sauce - jar,2,"I like it, but I would only buy again if there is a discount.",price_sensitivity,synthetic_review_corpus
R02475,P0354,Australia,Woolworths,Gochujang sauce,Private Label Q,Korean Chili Sauce - squeeze bottle,2,"The product is good, but the packaging does not feel very strong.",packaging_issue,synthetic_review_corpus
R02476,P0354,Australia,Woolworths,Gochujang sauce,Private Label Q,Korean Chili Sauce - squeeze bottle,3,"The product looks good, but I could not find clear halal information.",halal_concern,synthetic_review_corpus
R02477,P0354,Australia,Woolworths,Gochujang sauce,Private Label Q,Korean Chili Sauce - squeeze bottle,4,The taste is very satisfying and works well for a quick Korean meal at home.,taste_authenticity_positive,synthetic_review_corpus
R02478,P0354,Australia,Woolworths,Gochujang sauce,Private Label Q,Korean Chili Sauce - squeeze bottle,3,"The product is good, but the packaging does not feel very strong.",packaging_issue,synthetic_review_corpus
R02479,P0354,Australia,Woolworths,Gochujang sauce,Private Label Q,Korean Chili Sauce - squeeze bottle,5,The taste is very satisfying and works well for a quick Korean meal at home.,taste_authenticity_positive,synthetic_review_corpus
R02480,P0354,Australia,Woolworths,Gochujang sauce,Private Label Q,Korean Chili Sauce - squeeze bottle,5,The flavor tastes authentic and reminds me of Korean restaurant food.,taste_authenticity_positive,synthetic_review_corpus
R02481,P0354,Australia,Woolworths,Gochujang sauce,Private Label Q,Korean Chili Sauce - squeeze bottle,2,"The product is good, but the price feels quite high for the portion size.",price_sensitivity,synthetic_review_corpus
R02482,P0355,Australia,Amazon AU,Gochujang sauce,Private Label Q,Sweet Spicy Sauce - squeeze bottle,3,The label information could be clearer and easier to read.,packaging_issue,synthetic_review_corpus
R02483,P0355,Australia,Amazon AU,Gochujang sauce,Private Label Q,Sweet Spicy Sauce - squeeze bottle,5,I like the rich seasoning and it feels close to real Korean-style food.,taste_authenticity_positive,synthetic_review_corpus
R02484,P0355,Australia,Amazon AU,Gochujang sauce,Private Label Q,Sweet Spicy Sauce - squeeze bottle,4,The flavor tastes authentic and reminds me of Korean restaurant food.,taste_authenticity_positive,synthetic_review_corpus
R02485,P0355,Australia,Amazon AU,Gochujang sauce,Private Label Q,Sweet Spicy Sauce - squeeze bottle,3,"The taste is fine, but it feels expensive compared with local alternatives.",price_sensitivity,synthetic_review_corpus
R02486,P0355,Australia,Amazon AU,Gochujang sauce,Private Label Q,Sweet Spicy Sauce - squeeze bottle,2,"It tastes good, but one pack is not enough for a full meal.",portion_size,synthetic_review_corpus
R02487,P0355,Australia,Amazon AU,Gochujang sauce,Private Label Q,Sweet Spicy Sauce - squeeze bottle,2,"The product is good, but the price feels quite high for the portion size.",price_sensitivity,synthetic_review_corpus
R02488,P0356,Australia,Woolworths,Gochujang sauce,Japanese Brand K,Sweet Spicy Sauce - jar,5,I like that it saves time and still tastes good.,convenience_positive,synthetic_review_corpus
R02489,P0356,Australia,Woolworths,Gochujang sauce,Japanese Brand K,Sweet Spicy Sauce - jar,3,The label information could be clearer and easier to read.,packaging_issue,synthetic_review_corpus
R02490,P0356,Australia,Woolworths,Gochujang sauce,Japanese Brand K,Sweet Spicy Sauce - jar,2,"Good flavor, but it feels a bit heavy for frequent consumption.",health_concern,synthetic_review_corpus
R02491,P0356,Australia,Woolworths,Gochujang sauce,Japanese Brand K,Sweet Spicy Sauce - jar,3,"The product tastes nice, but the heat level may be difficult for beginners.",too_spicy,synthetic_review_corpus
R02492,P0356,Australia,Woolworths,Gochujang sauce,Japanese Brand K,Sweet Spicy Sauce - jar,4,I like the rich seasoning and it feels close to real Korean-style food.,taste_authenticity_positive,synthetic_review_corpus
R02493,P0357,Australia,Amazon AU,Gochujang sauce,Korean Brand P,Sweet Spicy Sauce - jar,3,"The taste is fine, but it feels expensive compared with local alternatives.",price_sensitivity,synthetic_review_corpus
R02494,P0357,Australia,Amazon AU,Gochujang sauce,Korean Brand P,Sweet Spicy Sauce - jar,4,The taste is very satisfying and works well for a quick Korean meal at home.,taste_authenticity_positive,synthetic_review_corpus
R02495,P0357,Australia,Amazon AU,Gochujang sauce,Korean Brand P,Sweet Spicy Sauce - jar,3,"Good flavor, but it feels a bit heavy for frequent consumption.",health_concern,synthetic_review_corpus
R02496,P0357,Australia,Amazon AU,Gochujang sauce,Korean Brand P,Sweet Spicy Sauce - jar,4,The taste is very satisfying and works well for a quick Korean meal at home.,taste_authenticity_positive,synthetic_review_corpus
R02497,P0357,Australia,Amazon AU,Gochujang sauce,Korean Brand P,Sweet Spicy Sauce - jar,3,The packaging could be improved because it was slightly damaged when delivered.,packaging_issue,synthetic_review_corpus
R02498,P0357,Australia,Amazon AU,Gochujang sauce,Korean Brand P,Sweet Spicy Sauce - jar,3,"The product tastes nice, but the heat level may be difficult for beginners.",too_spicy,synthetic_review_corpus
R02499,P0357,Australia,Amazon AU,Gochujang sauce,Korean Brand P,Sweet Spicy Sauce - jar,5,The flavor tastes authentic and reminds me of Korean restaurant food.,taste_authenticity_positive,synthetic_review_corpus
R02500,P0357,Australia,Amazon AU,Gochujang sauce,Korean Brand P,Sweet Spicy Sauce - jar,2,I would prefer a healthier version with cleaner ingredients.,health_concern,synthetic_review_corpus
R02501,P0357,Australia,Amazon AU,Gochujang sauce,Korean Brand P,Sweet Spicy Sauce - jar,3,"It tastes good, but one pack is not enough for a full meal.",portion_size,synthetic_review_corpus
R02502,P0358,Australia,Woolworths,Gochujang sauce,Korean Brand E,Korean Chili Sauce - tube,3,"The flavor is good, but it is too spicy for my family.",too_spicy,synthetic_review_corpus
R02503,P0358,Australia,Woolworths,Gochujang sauce,Korean Brand E,Korean Chili Sauce - tube,3,"The product tastes nice, but the heat level may be difficult for beginners.",too_spicy,synthetic_review_corpus
R02504,P0358,Australia,Woolworths,Gochujang sauce,Korean Brand E,Korean Chili Sauce - tube,4,Very convenient for a quick meal after work.,convenience_positive,synthetic_review_corpus
R02505,P0358,Australia,Woolworths,Gochujang sauce,Korean Brand E,Korean Chili Sauce - tube,4,The flavor tastes authentic and reminds me of Korean restaurant food.,taste_authenticity_positive,synthetic_review_corpus
R02506,P0358,Australia,Woolworths,Gochujang sauce,Korean Brand E,Korean Chili Sauce - tube,3,The packaging could be improved because it was slightly damaged when delivered.,packaging_issue,synthetic_review_corpus
R02507,P0358,Australia,Woolworths,Gochujang sauce,Korean Brand E,Korean Chili Sauce - tube,5,The taste is very satisfying and works well for a quick Korean meal at home.,taste_authenticity_positive,synthetic_review_corpus
R02508,P0358,Australia,Woolworths,Gochujang sauce,Korean Brand E,Korean Chili Sauce - tube,5,The taste is very satisfying and works well for a quick Korean meal at home.,taste_authenticity_positive,synthetic_review_corpus
R02509,P0358,Australia,Woolworths,Gochujang sauce,Korean Brand E,Korean Chili Sauce - tube,3,"The product is good, but the price feels quite high for the portion size.",price_sensitivity,synthetic_review_corpus
R02510,P0358,Australia,Woolworths,Gochujang sauce,Korean Brand E,Korean Chili Sauce - tube,5,I like the rich seasoning and it feels close to real Korean-style food.,taste_authenticity_positive,synthetic_review_corpus
R02511,P0358,Australia,Woolworths,Gochujang sauce,Korean Brand E,Korean Chili Sauce - tube,2,The packaging could be improved because it was slightly damaged when delivered.,packaging_issue,synthetic_review_corpus
R02512,P0359,Australia,Woolworths,Gochujang sauce,Premium Import Brand H,Korean Chili Sauce - jar,4,"I like it, but I would only buy again if there is a discount.",price_sensitivity,synthetic_review_corpus
R02513,P0359,Australia,Woolworths,Gochujang sauce,Premium Import Brand H,Korean Chili Sauce - jar,5,Easy to prepare and good for busy weekdays.,convenience_positive,synthetic_review_corpus
R02514,P0359,Australia,Woolworths,Gochujang sauce,Premium Import Brand H,Korean Chili Sauce - jar,4,I like that it saves time and still tastes good.,convenience_positive,synthetic_review_corpus
R02515,P0359,Australia,Woolworths,Gochujang sauce,Premium Import Brand H,Korean Chili Sauce - jar,5,I like the rich seasoning and it feels close to real Korean-style food.,taste_authenticity_positive,synthetic_review_corpus
R02516,P0359,Australia,Woolworths,Gochujang sauce,Premium Import Brand H,Korean Chili Sauce - jar,3,I would buy this more often if the halal certification was clearly shown.,halal_concern,synthetic_review_corpus
R02517,P0359,Australia,Woolworths,Gochujang sauce,Premium Import Brand H,Korean Chili Sauce - jar,4,I would buy this more often if the halal certification was clearly shown.,halal_concern,synthetic_review_corpus
R02518,P0359,Australia,Woolworths,Gochujang sauce,Premium Import Brand H,Korean Chili Sauce - jar,4,Clear halal labeling would make me more confident to purchase.,halal_concern,synthetic_review_corpus
R02519,P0359,Australia,Woolworths,Gochujang sauce,Premium Import Brand H,Korean Chili Sauce - jar,2,"The product looks good, but I could not find clear halal information.",halal_concern,synthetic_review_corpus
R02520,P0360,Australia,Woolworths,Gochujang sauce,Premium Import Brand U,Gochujang Sauce - squeeze bottle,5,The flavor tastes authentic and reminds me of Korean restaurant food.,taste_authenticity_positive,synthetic_review_corpus
R02521,P0360,Australia,Woolworths,Gochujang sauce,Premium Import Brand U,Gochujang Sauce - squeeze bottle,3,"I like it, but I would only buy again if there is a discount.",price_sensitivity,synthetic_review_corpus
R02522,P0360,Australia,Woolworths,Gochujang sauce,Premium Import Brand U,Gochujang Sauce - squeeze bottle,4,"It tastes good, but one pack is not enough for a full meal.",portion_size,synthetic_review_corpus
R02523,P0360,Australia,Woolworths,Gochujang sauce,Premium Import Brand U,Gochujang Sauce - squeeze bottle,3,"Good flavor, but it feels a bit heavy for frequent consumption.",health_concern,synthetic_review_corpus
R02524,P0360,Australia,Woolworths,Gochujang sauce,Premium Import Brand U,Gochujang Sauce - squeeze bottle,2,"The flavor is good, but it is too spicy for my family.",too_spicy,synthetic_review_corpus
R02525,P0360,Australia,Woolworths,Gochujang sauce,Premium Import Brand U,Gochujang Sauce - squeeze bottle,3,"The flavor is good, but it is too spicy for my family.",too_spicy,synthetic_review_corpus
R02526,P0360,Australia,Woolworths,Gochujang sauce,Premium Import Brand U,Gochujang Sauce - squeeze bottle,4,"The flavor is good, but it is too spicy for my family.",too_spicy,synthetic_review_corpus
R02527,P0360,Australia,Woolworths,Gochujang sauce,Premium Import Brand U,Gochujang Sauce - squeeze bottle,3,I wish there was a milder version because the spice level is too strong.,too_spicy,synthetic_review_corpus
R02528,P0361,Australia,Woolworths,Frozen mandu,Japanese Brand X,Pork Mandu - frozen bag,5,I like that it saves time and still tastes good.,convenience_positive,synthetic_review_corpus
R02529,P0361,Australia,Woolworths,Frozen mandu,Japanese Brand X,Pork Mandu - frozen bag,3,I would buy this more often if the halal certification was clearly shown.,halal_concern,synthetic_review_corpus
R02530,P0361,Australia,Woolworths,Frozen mandu,Japanese Brand X,Pork Mandu - frozen bag,3,"The product tastes nice, but the heat level may be difficult for beginners.",too_spicy,synthetic_review_corpus
R02531,P0361,Australia,Woolworths,Frozen mandu,Japanese Brand X,Pork Mandu - frozen bag,2,"The product tastes nice, but the heat level may be difficult for beginners.",too_spicy,synthetic_review_corpus
R02532,P0361,Australia,Woolworths,Frozen mandu,Japanese Brand X,Pork Mandu - frozen bag,3,The serving size could be larger for the price.,portion_size,synthetic_review_corpus
R02533,P0361,Australia,Woolworths,Frozen mandu,Japanese Brand X,Pork Mandu - frozen bag,4,Easy to prepare and good for busy weekdays.,convenience_positive,synthetic_review_corpus
R02534,P0361,Australia,Woolworths,Frozen mandu,Japanese Brand X,Pork Mandu - frozen bag,2,"It tastes good, but one pack is not enough for a full meal.",portion_size,synthetic_review_corpus
R02535,P0361,Australia,Woolworths,Frozen mandu,Japanese Brand X,Pork Mandu - frozen bag,4,The taste is very satisfying and works well for a quick Korean meal at home.,taste_authenticity_positive,synthetic_review_corpus
R02536,P0362,Australia,Woolworths,Frozen mandu,Korean Brand Y,Vegetable Mandu - value pack,3,"The taste is fine, but it feels expensive compared with local alternatives.",price_sensitivity,synthetic_review_corpus
R02537,P0362,Australia,Woolworths,Frozen mandu,Korean Brand Y,Vegetable Mandu - value pack,3,"I like it, but I would only buy again if there is a discount.",price_sensitivity,synthetic_review_corpus
R02538,P0362,Australia,Woolworths,Frozen mandu,Korean Brand Y,Vegetable Mandu - value pack,4,"The product is good, but the price feels quite high for the portion size.",price_sensitivity,synthetic_review_corpus
R02539,P0362,Australia,Woolworths,Frozen mandu,Korean Brand Y,Vegetable Mandu - value pack,4,The serving size could be larger for the price.,portion_size,synthetic_review_corpus
R02540,P0363,Australia,Amazon AU,Frozen mandu,Local Brand V,Chicken Mandu - family pack,3,"I like it, but I would only buy again if there is a discount.",price_sensitivity,synthetic_review_corpus
R02541,P0363,Australia,Amazon AU,Frozen mandu,Local Brand V,Chicken Mandu - family pack,4,The serving size could be larger for the price.,portion_size,synthetic_review_corpus
R02542,P0363,Australia,Amazon AU,Frozen mandu,Local Brand V,Chicken Mandu - family pack,4,The flavor tastes authentic and reminds me of Korean restaurant food.,taste_authenticity_positive,synthetic_review_corpus
R02543,P0363,Australia,Amazon AU,Frozen mandu,Local Brand V,Chicken Mandu - family pack,4,Very convenient for a quick meal after work.,convenience_positive,synthetic_review_corpus
R02544,P0363,Australia,Amazon AU,Frozen mandu,Local Brand V,Chicken Mandu - family pack,3,The label information could be clearer and easier to read.,packaging_issue,synthetic_review_corpus
R02545,P0363,Australia,Amazon AU,Frozen mandu,Local Brand V,Chicken Mandu - family pack,2,I would buy this more often if the halal certification was clearly shown.,halal_concern,synthetic_review_corpus
R02546,P0363,Australia,Amazon AU,Frozen mandu,Local Brand V,Chicken Mandu - family pack,5,The taste is very satisfying and works well for a quick Korean meal at home.,taste_authenticity_positive,synthetic_review_corpus
R02547,P0363,Australia,Amazon AU,Frozen mandu,Local Brand V,Chicken Mandu - family pack,5,Very convenient for a quick meal after work.,convenience_positive,synthetic_review_corpus
R02548,P0363,Australia,Amazon AU,Frozen mandu,Local Brand V,Chicken Mandu - family pack,3,"I like it, but I would only buy again if there is a discount.",price_sensitivity,synthetic_review_corpus
R02549,P0363,Australia,Amazon AU,Frozen mandu,Local Brand V,Chicken Mandu - family pack,5,I like that it saves time and still tastes good.,convenience_positive,synthetic_review_corpus
R02550,P0364,Australia,Amazon AU,Frozen mandu,Premium Import Brand Z,Vegetable Mandu - family pack,4,The serving size could be larger for the price.,portion_size,synthetic_review_corpus
R02551,P0364,Australia,Amazon AU,Frozen mandu,Premium Import Brand Z,Vegetable Mandu - family pack,3,"The product looks good, but I could not find clear halal information.",halal_concern,synthetic_review_corpus
R02552,P0364,Australia,Amazon AU,Frozen mandu,Premium Import Brand Z,Vegetable Mandu - family pack,3,"The product is good, but the price feels quite high for the portion size.",price_sensitivity,synthetic_review_corpus
R02553,P0364,Australia,Amazon AU,Frozen mandu,Premium Import Brand Z,Vegetable Mandu - family pack,4,"The product looks good, but I could not find clear halal information.",halal_concern,synthetic_review_corpus
R02554,P0364,Australia,Amazon AU,Frozen mandu,Premium Import Brand Z,Vegetable Mandu - family pack,3,"The product is good, but the price feels quite high for the portion size.",price_sensitivity,synthetic_review_corpus
R02555,P0364,Australia,Amazon AU,Frozen mandu,Premium Import Brand Z,Vegetable Mandu - family pack,4,The packaging could be improved because it was slightly damaged when delivered.,packaging_issue,synthetic_review_corpus
R02556,P0364,Australia,Amazon AU,Frozen mandu,Premium Import Brand Z,Vegetable Mandu - family pack,5,I like that it saves time and still tastes good.,convenience_positive,synthetic_review_corpus
R02557,P0364,Australia,Amazon AU,Frozen mandu,Premium Import Brand Z,Vegetable Mandu - family pack,3,"The product looks good, but I could not find clear halal information.",halal_concern,synthetic_review_corpus
R02558,P0365,Australia,Woolworths,Frozen mandu,Japanese Brand X,Chicken Mandu - value pack,3,"The product is good, but the packaging does not feel very strong.",packaging_issue,synthetic_review_corpus
R02559,P0365,Australia,Woolworths,Frozen mandu,Japanese Brand X,Chicken Mandu - value pack,4,I like the rich seasoning and it feels close to real Korean-style food.,taste_authenticity_positive,synthetic_review_corpus
R02560,P0365,Australia,Woolworths,Frozen mandu,Japanese Brand X,Chicken Mandu - value pack,5,I like the rich seasoning and it feels close to real Korean-style food.,taste_authenticity_positive,synthetic_review_corpus
R02561,P0365,Australia,Woolworths,Frozen mandu,Japanese Brand X,Chicken Mandu - value pack,3,I would buy this more often if the halal certification was clearly shown.,halal_concern,synthetic_review_corpus
R02562,P0366,Australia,Amazon AU,Frozen mandu,Japanese Brand S,Kimchi Mandu - frozen bag,5,The taste is very satisfying and works well for a quick Korean meal at home.,taste_authenticity_positive,synthetic_review_corpus
R02563,P0366,Australia,Amazon AU,Frozen mandu,Japanese Brand S,Kimchi Mandu - frozen bag,3,Clear halal labeling would make me more confident to purchase.,halal_concern,synthetic_review_corpus
R02564,P0366,Australia,Amazon AU,Frozen mandu,Japanese Brand S,Kimchi Mandu - frozen bag,5,Easy to prepare and good for busy weekdays.,convenience_positive,synthetic_review_corpus
R02565,P0366,Australia,Amazon AU,Frozen mandu,Japanese Brand S,Kimchi Mandu - frozen bag,3,"The taste is fine, but it feels expensive compared with local alternatives.",price_sensitivity,synthetic_review_corpus
R02566,P0366,Australia,Amazon AU,Frozen mandu,Japanese Brand S,Kimchi Mandu - frozen bag,5,I like that it saves time and still tastes good.,convenience_positive,synthetic_review_corpus
R02567,P0366,Australia,Amazon AU,Frozen mandu,Japanese Brand S,Kimchi Mandu - frozen bag,5,The flavor tastes authentic and reminds me of Korean restaurant food.,taste_authenticity_positive,synthetic_review_corpus
R02568,P0366,Australia,Amazon AU,Frozen mandu,Japanese Brand S,Kimchi Mandu - frozen bag,2,The packaging could be improved because it was slightly damaged when delivered.,packaging_issue,synthetic_review_corpus
R02569,P0366,Australia,Amazon AU,Frozen mandu,Japanese Brand S,Kimchi Mandu - frozen bag,3,The serving size could be larger for the price.,portion_size,synthetic_review_corpus
R02570,P0366,Australia,Amazon AU,Frozen mandu,Japanese Brand S,Kimchi Mandu - frozen bag,5,Easy to prepare and good for busy weekdays.,convenience_positive,synthetic_review_corpus
R02571,P0366,Australia,Amazon AU,Frozen mandu,Japanese Brand S,Kimchi Mandu - frozen bag,3,I wish there was a milder version because the spice level is too strong.,too_spicy,synthetic_review_corpus
R02572,P0367,Australia,Woolworths,Frozen mandu,Korean Brand T,Chicken Mandu - frozen bag,3,The portion is smaller than expected.,portion_size,synthetic_review_corpus
R02573,P0367,Australia,Woolworths,Frozen mandu,Korean Brand T,Chicken Mandu - frozen bag,3,Clear halal labeling would make me more confident to purchase.,halal_concern,synthetic_review_corpus
R02574,P0367,Australia,Woolworths,Frozen mandu,Korean Brand T,Chicken Mandu - frozen bag,2,The label information could be clearer and easier to read.,packaging_issue,synthetic_review_corpus
R02575,P0367,Australia,Woolworths,Frozen mandu,Korean Brand T,Chicken Mandu - frozen bag,3,Clear halal labeling would make me more confident to purchase.,halal_concern,synthetic_review_corpus
R02576,P0367,Australia,Woolworths,Frozen mandu,Korean Brand T,Chicken Mandu - frozen bag,5,Very convenient for a quick meal after work.,convenience_positive,synthetic_review_corpus
R02577,P0367,Australia,Woolworths,Frozen mandu,Korean Brand T,Chicken Mandu - frozen bag,5,The flavor tastes authentic and reminds me of Korean restaurant food.,taste_authenticity_positive,synthetic_review_corpus
R02578,P0368,Australia,Amazon AU,Frozen mandu,Korean Brand D,Chicken Mandu - family pack,5,The taste is very satisfying and works well for a quick Korean meal at home.,taste_authenticity_positive,synthetic_review_corpus
R02579,P0368,Australia,Amazon AU,Frozen mandu,Korean Brand D,Chicken Mandu - family pack,3,"The product is good, but the packaging does not feel very strong.",packaging_issue,synthetic_review_corpus
R02580,P0368,Australia,Amazon AU,Frozen mandu,Korean Brand D,Chicken Mandu - family pack,3,I wish there was a milder version because the spice level is too strong.,too_spicy,synthetic_review_corpus
R02581,P0368,Australia,Amazon AU,Frozen mandu,Korean Brand D,Chicken Mandu - family pack,5,The flavor tastes authentic and reminds me of Korean restaurant food.,taste_authenticity_positive,synthetic_review_corpus
R02582,P0368,Australia,Amazon AU,Frozen mandu,Korean Brand D,Chicken Mandu - family pack,3,"It tastes good, but one pack is not enough for a full meal.",portion_size,synthetic_review_corpus
R02583,P0368,Australia,Amazon AU,Frozen mandu,Korean Brand D,Chicken Mandu - family pack,3,"The product looks good, but I could not find clear halal information.",halal_concern,synthetic_review_corpus
R02584,P0368,Australia,Amazon AU,Frozen mandu,Korean Brand D,Chicken Mandu - family pack,3,Clear halal labeling would make me more confident to purchase.,halal_concern,synthetic_review_corpus
R02585,P0368,Australia,Amazon AU,Frozen mandu,Korean Brand D,Chicken Mandu - family pack,3,Clear halal labeling would make me more confident to purchase.,halal_concern,synthetic_review_corpus
R02586,P0368,Australia,Amazon AU,Frozen mandu,Korean Brand D,Chicken Mandu - family pack,2,"I like it, but I would only buy again if there is a discount.",price_sensitivity,synthetic_review_corpus
R02587,P0369,Australia,Woolworths,Ready meal,Korean Brand Q,Tteokbokki Meal - microwave bowl,2,The portion is smaller than expected.,portion_size,synthetic_review_corpus
R02588,P0369,Australia,Woolworths,Ready meal,Korean Brand Q,Tteokbokki Meal - microwave bowl,5,The taste is very satisfying and works well for a quick Korean meal at home.,taste_authenticity_positive,synthetic_review_corpus
R02589,P0369,Australia,Woolworths,Ready meal,Korean Brand Q,Tteokbokki Meal - microwave bowl,4,"The product looks good, but I could not find clear halal information.",halal_concern,synthetic_review_corpus
R02590,P0369,Australia,Woolworths,Ready meal,Korean Brand Q,Tteokbokki Meal - microwave bowl,5,The taste is very satisfying and works well for a quick Korean meal at home.,taste_authenticity_positive,synthetic_review_corpus
R02591,P0369,Australia,Woolworths,Ready meal,Korean Brand Q,Tteokbokki Meal - microwave bowl,2,"The product tastes nice, but the heat level may be difficult for beginners.",too_spicy,synthetic_review_corpus
R02592,P0369,Australia,Woolworths,Ready meal,Korean Brand Q,Tteokbokki Meal - microwave bowl,3,I would prefer a healthier version with cleaner ingredients.,health_concern,synthetic_review_corpus
R02593,P0369,Australia,Woolworths,Ready meal,Korean Brand Q,Tteokbokki Meal - microwave bowl,2,"The product looks good, but I could not find clear halal information.",halal_concern,synthetic_review_corpus
R02594,P0369,Australia,Woolworths,Ready meal,Korean Brand Q,Tteokbokki Meal - microwave bowl,4,The packaging could be improved because it was slightly damaged when delivered.,packaging_issue,synthetic_review_corpus
R02595,P0370,Australia,Woolworths,Ready meal,Local Brand X,Korean Rice Bowl - meal kit,5,Easy to prepare and good for busy weekdays.,convenience_positive,synthetic_review_corpus
R02596,P0370,Australia,Woolworths,Ready meal,Local Brand X,Korean Rice Bowl - meal kit,5,I like that it saves time and still tastes good.,convenience_positive,synthetic_review_corpus
R02597,P0370,Australia,Woolworths,Ready meal,Local Brand X,Korean Rice Bowl - meal kit,5,Very convenient for a quick meal after work.,convenience_positive,synthetic_review_corpus
R02598,P0370,Australia,Woolworths,Ready meal,Local Brand X,Korean Rice Bowl - meal kit,4,I wish there was a milder version because the spice level is too strong.,too_spicy,synthetic_review_corpus
R02599,P0370,Australia,Woolworths,Ready meal,Local Brand X,Korean Rice Bowl - meal kit,5,I like that it saves time and still tastes good.,convenience_positive,synthetic_review_corpus
R02600,P0371,Australia,Amazon AU,Ready meal,Korean Brand G,Bibimbap Bowl - frozen tray,2,I would buy this more often if the halal certification was clearly shown.,halal_concern,synthetic_review_corpus
R02601,P0371,Australia,Amazon AU,Ready meal,Korean Brand G,Bibimbap Bowl - frozen tray,5,Very convenient for a quick meal after work.,convenience_positive,synthetic_review_corpus
R02602,P0371,Australia,Amazon AU,Ready meal,Korean Brand G,Bibimbap Bowl - frozen tray,5,The flavor tastes authentic and reminds me of Korean restaurant food.,taste_authenticity_positive,synthetic_review_corpus
R02603,P0371,Australia,Amazon AU,Ready meal,Korean Brand G,Bibimbap Bowl - frozen tray,5,The taste is very satisfying and works well for a quick Korean meal at home.,taste_authenticity_positive,synthetic_review_corpus
R02604,P0371,Australia,Amazon AU,Ready meal,Korean Brand G,Bibimbap Bowl - frozen tray,3,"The taste is fine, but it feels expensive compared with local alternatives.",price_sensitivity,synthetic_review_corpus
R02605,P0371,Australia,Amazon AU,Ready meal,Korean Brand G,Bibimbap Bowl - frozen tray,2,"The product is good, but the price feels quite high for the portion size.",price_sensitivity,synthetic_review_corpus
R02606,P0371,Australia,Amazon AU,Ready meal,Korean Brand G,Bibimbap Bowl - frozen tray,2,"The taste is fine, but it feels expensive compared with local alternatives.",price_sensitivity,synthetic_review_corpus
R02607,P0372,Australia,Amazon AU,Ready meal,Local Brand B,Bibimbap Bowl - frozen tray,3,The portion is smaller than expected.,portion_size,synthetic_review_corpus
R02608,P0372,Australia,Amazon AU,Ready meal,Local Brand B,Bibimbap Bowl - frozen tray,4,"The product is good, but the price feels quite high for the portion size.",price_sensitivity,synthetic_review_corpus
R02609,P0372,Australia,Amazon AU,Ready meal,Local Brand B,Bibimbap Bowl - frozen tray,2,Clear halal labeling would make me more confident to purchase.,halal_concern,synthetic_review_corpus
R02610,P0372,Australia,Amazon AU,Ready meal,Local Brand B,Bibimbap Bowl - frozen tray,3,"The taste is fine, but it feels expensive compared with local alternatives.",price_sensitivity,synthetic_review_corpus
R02611,P0372,Australia,Amazon AU,Ready meal,Local Brand B,Bibimbap Bowl - frozen tray,4,The flavor tastes authentic and reminds me of Korean restaurant food.,taste_authenticity_positive,synthetic_review_corpus
R02612,P0372,Australia,Amazon AU,Ready meal,Local Brand B,Bibimbap Bowl - frozen tray,3,The serving size could be larger for the price.,portion_size,synthetic_review_corpus
R02613,P0373,Australia,Woolworths,Ready meal,Korean Brand W,Bulgogi Meal - microwave bowl,2,"I like it, but I would only buy again if there is a discount.",price_sensitivity,synthetic_review_corpus
R02614,P0373,Australia,Woolworths,Ready meal,Korean Brand W,Bulgogi Meal - microwave bowl,5,Very convenient for a quick meal after work.,convenience_positive,synthetic_review_corpus
R02615,P0373,Australia,Woolworths,Ready meal,Korean Brand W,Bulgogi Meal - microwave bowl,5,The flavor tastes authentic and reminds me of Korean restaurant food.,taste_authenticity_positive,synthetic_review_corpus
R02616,P0373,Australia,Woolworths,Ready meal,Korean Brand W,Bulgogi Meal - microwave bowl,4,Clear halal labeling would make me more confident to purchase.,halal_concern,synthetic_review_corpus
R02617,P0373,Australia,Woolworths,Ready meal,Korean Brand W,Bulgogi Meal - microwave bowl,5,The taste is very satisfying and works well for a quick Korean meal at home.,taste_authenticity_positive,synthetic_review_corpus
R02618,P0374,Australia,Woolworths,Ready meal,Premium Import Brand N,Bibimbap Bowl - meal kit,5,I like that it saves time and still tastes good.,convenience_positive,synthetic_review_corpus
R02619,P0374,Australia,Woolworths,Ready meal,Premium Import Brand N,Bibimbap Bowl - meal kit,5,Easy to prepare and good for busy weekdays.,convenience_positive,synthetic_review_corpus
R02620,P0374,Australia,Woolworths,Ready meal,Premium Import Brand N,Bibimbap Bowl - meal kit,3,Clear halal labeling would make me more confident to purchase.,halal_concern,synthetic_review_corpus
R02621,P0374,Australia,Woolworths,Ready meal,Premium Import Brand N,Bibimbap Bowl - meal kit,2,I would buy this more often if the halal certification was clearly shown.,halal_concern,synthetic_review_corpus
R02622,P0374,Australia,Woolworths,Ready meal,Premium Import Brand N,Bibimbap Bowl - meal kit,4,The label information could be clearer and easier to read.,packaging_issue,synthetic_review_corpus
R02623,P0374,Australia,Woolworths,Ready meal,Premium Import Brand N,Bibimbap Bowl - meal kit,3,The serving size could be larger for the price.,portion_size,synthetic_review_corpus
R02624,P0375,Australia,Amazon AU,Ready meal,Japanese Brand T,Bulgogi Meal - microwave bowl,5,The flavor tastes authentic and reminds me of Korean restaurant food.,taste_authenticity_positive,synthetic_review_corpus
R02625,P0375,Australia,Amazon AU,Ready meal,Japanese Brand T,Bulgogi Meal - microwave bowl,5,Very convenient for a quick meal after work.,convenience_positive,synthetic_review_corpus
R02626,P0375,Australia,Amazon AU,Ready meal,Japanese Brand T,Bulgogi Meal - microwave bowl,4,Easy to prepare and good for busy weekdays.,convenience_positive,synthetic_review_corpus
R02627,P0375,Australia,Amazon AU,Ready meal,Japanese Brand T,Bulgogi Meal - microwave bowl,4,"The taste is fine, but it feels expensive compared with local alternatives.",price_sensitivity,synthetic_review_corpus
R02628,P0376,Australia,Amazon AU,Ready meal,Japanese Brand A,Korean Rice Bowl - microwave bowl,3,"It tastes good, but one pack is not enough for a full meal.",portion_size,synthetic_review_corpus
R02629,P0376,Australia,Amazon AU,Ready meal,Japanese Brand A,Korean Rice Bowl - microwave bowl,4,I would buy this more often if the halal certification was clearly shown.,halal_concern,synthetic_review_corpus
R02630,P0376,Australia,Amazon AU,Ready meal,Japanese Brand A,Korean Rice Bowl - microwave bowl,4,The flavor tastes authentic and reminds me of Korean restaurant food.,taste_authenticity_positive,synthetic_review_corpus
R02631,P0376,Australia,Amazon AU,Ready meal,Japanese Brand A,Korean Rice Bowl - microwave bowl,5,Very convenient for a quick meal after work.,convenience_positive,synthetic_review_corpus
R02632,P0376,Australia,Amazon AU,Ready meal,Japanese Brand A,Korean Rice Bowl - microwave bowl,3,The packaging could be improved because it was slightly damaged when delivered.,packaging_issue,synthetic_review_corpus
R02633,P0377,Australia,Woolworths,Seaweed snack,Japanese Brand N,Roasted Seaweed - tray pack,3,The portion is smaller than expected.,portion_size,synthetic_review_corpus
R02634,P0377,Australia,Woolworths,Seaweed snack,Japanese Brand N,Roasted Seaweed - tray pack,5,I like the rich seasoning and it feels close to real Korean-style food.,taste_authenticity_positive,synthetic_review_corpus
R02635,P0377,Australia,Woolworths,Seaweed snack,Japanese Brand N,Roasted Seaweed - tray pack,3,Clear halal labeling would make me more confident to purchase.,halal_concern,synthetic_review_corpus
R02636,P0377,Australia,Woolworths,Seaweed snack,Japanese Brand N,Roasted Seaweed - tray pack,2,I would buy this more often if the halal certification was clearly shown.,halal_concern,synthetic_review_corpus
R02637,P0377,Australia,Woolworths,Seaweed snack,Japanese Brand N,Roasted Seaweed - tray pack,5,I like that it saves time and still tastes good.,convenience_positive,synthetic_review_corpus
R02638,P0377,Australia,Woolworths,Seaweed snack,Japanese Brand N,Roasted Seaweed - tray pack,5,The flavor tastes authentic and reminds me of Korean restaurant food.,taste_authenticity_positive,synthetic_review_corpus
R02639,P0377,Australia,Woolworths,Seaweed snack,Japanese Brand N,Roasted Seaweed - tray pack,5,Easy to prepare and good for busy weekdays.,convenience_positive,synthetic_review_corpus
R02640,P0377,Australia,Woolworths,Seaweed snack,Japanese Brand N,Roasted Seaweed - tray pack,3,I wish there was a milder version because the spice level is too strong.,too_spicy,synthetic_review_corpus
R02641,P0378,Australia,Amazon AU,Seaweed snack,Local Brand Z,Roasted Seaweed - snack pack,3,"The product looks good, but I could not find clear halal information.",halal_concern,synthetic_review_corpus
R02642,P0378,Australia,Amazon AU,Seaweed snack,Local Brand Z,Roasted Seaweed - snack pack,2,"I like it, but I would only buy again if there is a discount.",price_sensitivity,synthetic_review_corpus
R02643,P0378,Australia,Amazon AU,Seaweed snack,Local Brand Z,Roasted Seaweed - snack pack,5,The taste is very satisfying and works well for a quick Korean meal at home.,taste_authenticity_positive,synthetic_review_corpus
R02644,P0378,Australia,Amazon AU,Seaweed snack,Local Brand Z,Roasted Seaweed - snack pack,5,Easy to prepare and good for busy weekdays.,convenience_positive,synthetic_review_corpus
R02645,P0378,Australia,Amazon AU,Seaweed snack,Local Brand Z,Roasted Seaweed - snack pack,4,Easy to prepare and good for busy weekdays.,convenience_positive,synthetic_review_corpus
R02646,P0378,Australia,Amazon AU,Seaweed snack,Local Brand Z,Roasted Seaweed - snack pack,2,"I like it, but I would only buy again if there is a discount.",price_sensitivity,synthetic_review_corpus
R02647,P0378,Australia,Amazon AU,Seaweed snack,Local Brand Z,Roasted Seaweed - snack pack,2,"The product is good, but the price feels quite high for the portion size.",price_sensitivity,synthetic_review_corpus
R02648,P0378,Australia,Amazon AU,Seaweed snack,Local Brand Z,Roasted Seaweed - snack pack,2,I would prefer a healthier version with cleaner ingredients.,health_concern,synthetic_review_corpus
R02649,P0379,Australia,Amazon AU,Seaweed snack,Private Label H,Roasted Seaweed - snack pack,5,The taste is very satisfying and works well for a quick Korean meal at home.,taste_authenticity_positive,synthetic_review_corpus
R02650,P0379,Australia,Amazon AU,Seaweed snack,Private Label H,Roasted Seaweed - snack pack,5,The flavor tastes authentic and reminds me of Korean restaurant food.,taste_authenticity_positive,synthetic_review_corpus
R02651,P0379,Australia,Amazon AU,Seaweed snack,Private Label H,Roasted Seaweed - snack pack,4,The taste is very satisfying and works well for a quick Korean meal at home.,taste_authenticity_positive,synthetic_review_corpus
R02652,P0379,Australia,Amazon AU,Seaweed snack,Private Label H,Roasted Seaweed - snack pack,4,The portion is smaller than expected.,portion_size,synthetic_review_corpus
R02653,P0379,Australia,Amazon AU,Seaweed snack,Private Label H,Roasted Seaweed - snack pack,5,The taste is very satisfying and works well for a quick Korean meal at home.,taste_authenticity_positive,synthetic_review_corpus
R02654,P0380,Australia,Amazon AU,Seaweed snack,Korean Brand X,Seaweed Crisps - tray pack,3,"Good flavor, but it feels a bit heavy for frequent consumption.",health_concern,synthetic_review_corpus
R02655,P0380,Australia,Amazon AU,Seaweed snack,Korean Brand X,Seaweed Crisps - tray pack,2,The serving size could be larger for the price.,portion_size,synthetic_review_corpus
R02656,P0380,Australia,Amazon AU,Seaweed snack,Korean Brand X,Seaweed Crisps - tray pack,5,The flavor tastes authentic and reminds me of Korean restaurant food.,taste_authenticity_positive,synthetic_review_corpus
R02657,P0380,Australia,Amazon AU,Seaweed snack,Korean Brand X,Seaweed Crisps - tray pack,5,The taste is very satisfying and works well for a quick Korean meal at home.,taste_authenticity_positive,synthetic_review_corpus
R02658,P0381,Australia,Amazon AU,Seaweed snack,Korean Brand H,Seaweed Crisps - multi-pack,3,The serving size could be larger for the price.,portion_size,synthetic_review_corpus
R02659,P0381,Australia,Amazon AU,Seaweed snack,Korean Brand H,Seaweed Crisps - multi-pack,2,The portion is smaller than expected.,portion_size,synthetic_review_corpus
R02660,P0381,Australia,Amazon AU,Seaweed snack,Korean Brand H,Seaweed Crisps - multi-pack,2,The label information could be clearer and easier to read.,packaging_issue,synthetic_review_corpus
R02661,P0381,Australia,Amazon AU,Seaweed snack,Korean Brand H,Seaweed Crisps - multi-pack,5,Very convenient for a quick meal after work.,convenience_positive,synthetic_review_corpus
R02662,P0381,Australia,Amazon AU,Seaweed snack,Korean Brand H,Seaweed Crisps - multi-pack,3,"I like it, but I would only buy again if there is a discount.",price_sensitivity,synthetic_review_corpus
R02663,P0381,Australia,Amazon AU,Seaweed snack,Korean Brand H,Seaweed Crisps - multi-pack,4,The taste is very satisfying and works well for a quick Korean meal at home.,taste_authenticity_positive,synthetic_review_corpus
R02664,P0381,Australia,Amazon AU,Seaweed snack,Korean Brand H,Seaweed Crisps - multi-pack,2,"The taste is nice, but I wish it had less sodium.",health_concern,synthetic_review_corpus
R02665,P0381,Australia,Amazon AU,Seaweed snack,Korean Brand H,Seaweed Crisps - multi-pack,4,"I like it, but I would only buy again if there is a discount.",price_sensitivity,synthetic_review_corpus
R02666,P0382,Australia,Amazon AU,Seaweed snack,Japanese Brand S,Seaweed Snack - snack pack,2,"The taste is fine, but it feels expensive compared with local alternatives.",price_sensitivity,synthetic_review_corpus
R02667,P0382,Australia,Amazon AU,Seaweed snack,Japanese Brand S,Seaweed Snack - snack pack,3,"The product looks good, but I could not find clear halal information.",halal_concern,synthetic_review_corpus
R02668,P0382,Australia,Amazon AU,Seaweed snack,Japanese Brand S,Seaweed Snack - snack pack,5,I like that it saves time and still tastes good.,convenience_positive,synthetic_review_corpus
R02669,P0382,Australia,Amazon AU,Seaweed snack,Japanese Brand S,Seaweed Snack - snack pack,5,The flavor tastes authentic and reminds me of Korean restaurant food.,taste_authenticity_positive,synthetic_review_corpus
R02670,P0382,Australia,Amazon AU,Seaweed snack,Japanese Brand S,Seaweed Snack - snack pack,5,I like the rich seasoning and it feels close to real Korean-style food.,taste_authenticity_positive,synthetic_review_corpus
R02671,P0382,Australia,Amazon AU,Seaweed snack,Japanese Brand S,Seaweed Snack - snack pack,3,"The product looks good, but I could not find clear halal information.",halal_concern,synthetic_review_corpus
R02672,P0382,Australia,Amazon AU,Seaweed snack,Japanese Brand S,Seaweed Snack - snack pack,3,"The product is good, but the packaging does not feel very strong.",packaging_issue,synthetic_review_corpus
R02673,P0382,Australia,Amazon AU,Seaweed snack,Japanese Brand S,Seaweed Snack - snack pack,2,"I like it, but I would only buy again if there is a discount.",price_sensitivity,synthetic_review_corpus
R02674,P0382,Australia,Amazon AU,Seaweed snack,Japanese Brand S,Seaweed Snack - snack pack,3,Clear halal labeling would make me more confident to purchase.,halal_concern,synthetic_review_corpus
R02675,P0382,Australia,Amazon AU,Seaweed snack,Japanese Brand S,Seaweed Snack - snack pack,2,I would buy this more often if the halal certification was clearly shown.,halal_concern,synthetic_review_corpus
R02676,P0383,Australia,Amazon AU,Seaweed snack,Private Label U,Seaweed Crisps - multi-pack,2,"I like it, but I would only buy again if there is a discount.",price_sensitivity,synthetic_review_corpus
R02677,P0383,Australia,Amazon AU,Seaweed snack,Private Label U,Seaweed Crisps - multi-pack,4,"The product is good, but the price feels quite high for the portion size.",price_sensitivity,synthetic_review_corpus
R02678,P0383,Australia,Amazon AU,Seaweed snack,Private Label U,Seaweed Crisps - multi-pack,5,I like that it saves time and still tastes good.,convenience_positive,synthetic_review_corpus
R02679,P0383,Australia,Amazon AU,Seaweed snack,Private Label U,Seaweed Crisps - multi-pack,2,"The product is good, but the price feels quite high for the portion size.",price_sensitivity,synthetic_review_corpus
R02680,P0383,Australia,Amazon AU,Seaweed snack,Private Label U,Seaweed Crisps - multi-pack,4,Very convenient for a quick meal after work.,convenience_positive,synthetic_review_corpus
R02681,P0383,Australia,Amazon AU,Seaweed snack,Private Label U,Seaweed Crisps - multi-pack,3,"Good flavor, but it feels a bit heavy for frequent consumption.",health_concern,synthetic_review_corpus
R02682,P0383,Australia,Amazon AU,Seaweed snack,Private Label U,Seaweed Crisps - multi-pack,4,"I like it, but I would only buy again if there is a discount.",price_sensitivity,synthetic_review_corpus
R02683,P0383,Australia,Amazon AU,Seaweed snack,Private Label U,Seaweed Crisps - multi-pack,5,The taste is very satisfying and works well for a quick Korean meal at home.,taste_authenticity_positive,synthetic_review_corpus
R02684,P0384,Australia,Woolworths,Seaweed snack,Korean Brand S,Roasted Seaweed - tray pack,4,I wish there was a milder version because the spice level is too strong.,too_spicy,synthetic_review_corpus
R02685,P0384,Australia,Woolworths,Seaweed snack,Korean Brand S,Roasted Seaweed - tray pack,4,The label information could be clearer and easier to read.,packaging_issue,synthetic_review_corpus
R02686,P0384,Australia,Woolworths,Seaweed snack,Korean Brand S,Roasted Seaweed - tray pack,4,The flavor tastes authentic and reminds me of Korean restaurant food.,taste_authenticity_positive,synthetic_review_corpus
R02687,P0384,Australia,Woolworths,Seaweed snack,Korean Brand S,Roasted Seaweed - tray pack,5,Easy to prepare and good for busy weekdays.,convenience_positive,synthetic_review_corpus
R02688,P0384,Australia,Woolworths,Seaweed snack,Korean Brand S,Roasted Seaweed - tray pack,4,The taste is very satisfying and works well for a quick Korean meal at home.,taste_authenticity_positive,synthetic_review_corpus
R02689,P0384,Australia,Woolworths,Seaweed snack,Korean Brand S,Roasted Seaweed - tray pack,5,I like that it saves time and still tastes good.,convenience_positive,synthetic_review_corpus
